Unnamed: 0,Code,ISU_CD,Name,Market,Dept,Close,ChangeCode,Changes,ChagesRatio,Open,High,Low,Volume,Amount,Marcap,Stocks,MarketId,Theme
0,005930,KR7005930003,삼성전자,KOSPI,,268500,2,-3000,-1.1,260000,269000,260000,20751103,5479065386500,1569725806248000,5846278608,STK,기타
1,000660,KR7000660001,SK하이닉스,KOSPI,,1667000,1,13000,0.79,1591000,1669000,1591000,3028112,4938499084000,1188074842455000,712702365,STK,기타
2,005935,KR7005931001,삼성전자우,KOSPI,,182200,2,-3200,-1.73,176000,182400,176000,4431483,791178531050,146192033186600,802371203,STK,기타
3,402340,KR7402340004,SK스퀘어,KOSPI,,1097000,2,-2000,-0.18,1048000,1106000,1047000,566471,610756702500,144758349442000,131958386,STK,기타
4,005380,KR7005380001,현대차,KOSPI,,622000,1,50000,8.74,590000,647000,581000,4274326,2646554438500,127359330452000,204757766,STK,기타
5,373220,KR7373220003,LG에너지솔루션,KOSPI,,479000,2,-4000,-0.83,479500,489500,471500,292653,140275548500,112086000000000,234000000,STK,기타
6,034020,KR7034020008,두산에너빌리티,KOSPI,,130000,2,-6400,-4.69,134500,134800,128000,3981186,516862091800,83272948980000,640561146,STK,기타
7,329180,KR7329180004,HD현대중공업,KOSPI,,655000,2,-38000,-5.48,687000,696000,645000,528274,346607267500,68749602375000,104961225,STK,기타
8,009150,KR7009150004,삼성전기,KOSPI,,913000,2,-4000,-0.44,906000,917000,893000,428630,387010450500,68195344448000,74693696,STK,기타
9,207940,KR7207940008,삼성바이오로직스,KOSPI,,1470000,1,2000,0.14,1470000,1485000,1455000,49064,72087448500,68047697970000,46290951,STK,기타
10,012450,KR7012450003,한화에어로스페이스,KOSPI,,1302000,2,-15000,-1.14,1335000,1338000,1275000,213389,276292260500,67135548102000,51563401,STK,기타
11,028260,KR7028260008,삼성물산,KOSPI,,413250,1,8250,2.04,405000,416500,395000,710350,289836179000,67016331398250,162168981,STK,기타
12,000270,KR7000270009,기아,KOSPI,,164600,1,7000,4.44,159800,170300,156400,3261945,536698482750,64261979470800,390412998,STK,기타
13,105560,KR7105560007,KB금융,KOSPI,,162700,1,1500,0.93,163200,164200,160300,917458,148957857300,60662769028500,372850455,STK,기타
14,032830,KR7032830002,삼성생명,KOSPI,,295500,2,-4500,-1.5,302000,303000,286000,290335,85110738500,59100000000000,200000000,STK,기타
15,006400,KR7006400006,삼성SDI,KOSPI,,679000,2,-15000,-2.16,683000,694000,671000,376060,255503938500,54717574870000,80585530,STK,기타
16,267260,KR7267260008,HD현대일렉트릭,KOSPI,,1396000,2,-24000,-1.69,1403000,1409000,1367000,152339,212033153500,50321800460000,36047135,STK,기타
17,010120,KR7010120004,LS ELECTRIC,KOSPI,,313000,2,-5500,-1.73,309500,319500,302500,1023125,319186666000,46950000000000,150000000,STK,기타
18,055550,KR7055550008,신한지주,KOSPI,,98800,2,-100,-0.1,99400,99700,97800,910295,89871369200,46895850866800,474654361,STK,기타
19,012330,KR7012330007,현대모비스,KOSPI,,515000,1,73500,16.65,458500,547000,447000,1367189,699040201750,46727280245000,90732583,STK,기타
20,006800,KR7006800007,미래에셋증권,KOSPI,,79400,1,400,0.51,76700,82700,76500,4739710,379511636200,44429610272000,559566880,STK,기타
21,068270,KR7068270008,셀트리온,KOSPI,,199600,2,-2900,-1.43,204000,204000,197100,499582,99602524250,44298876895600,221938261,STK,기타
22,005490,KR7005490008,POSCO홀딩스,KOSPI,,526000,2,-9000,-1.68,528000,529000,512000,395573,205559877000,41681043202000,79241527,STK,기타
23,298040,KR7298040007,효성중공업,KOSPI,,4410000,2,-191000,-4.15,4518000,4520000,4321000,49759,219612278000,41121256680000,9324548,STK,기타
24,034730,KR7034730002,SK,KOSPI,,552000,1,9000,1.66,530000,553000,517000,132211,70347400000,40021492056000,72502703,STK,기타
25,042660,KR7042660001,한화오션,KOSPI,,126900,2,-3000,-2.31,129600,130500,125300,1100691,139450815300,38883859698600,306413394,STK,기타
26,042700,KR7042700005,한미반도체,KOSPI,,389500,2,-3500,-0.89,385000,392000,379000,589780,227262570750,37124101900000,95312200,STK,기타
27,086790,KR7086790003,하나금융지주,KOSPI,,127600,2,-1200,-0.93,128500,129300,126200,481330,61267297300,35009324644800,274367748,STK,기타
28,035420,KR7035420009,NAVER,KOSPI,,214500,1,7000,3.37,210000,219000,209000,1264711,271786935500,33649424952000,156873776,STK,기타
29,010130,KR7010130003,고려아연,KOSPI,,1552000,2,-8000,-0.51,1585000,1586000,1540000,24701,38308574000,32394847888000,20872969,STK,기타
30,009540,KR7009540006,HD한국조선해양,KOSPI,,449500,2,-18000,-3.85,470000,473000,446000,229353,105184239000,31812515642000,70773116,STK,기타
31,051910,KR7051910008,LG화학,KOSPI,,428500,1,3500,0.82,425000,437500,414500,251611,107681629000,30248818975500,70592343,STK,기타
32,015760,KR7015760002,한국전력,KOSPI,,44150,2,-550,-1.23,44350,44450,43550,1315607,57689284175,28342713999550,641964077,STK,기타
33,010140,KR7010140002,삼성중공업,KOSPI,,32150,2,-1550,-4.6,33600,33650,31700,6767604,218233463150,28292000000000,880000000,STK,기타
34,000150,KR7000150003,두산,KOSPI,,1741000,2,-76000,-4.18,1775000,1798000,1712000,62043,107898566000,28193466735000,16193835,STK,기타
35,003670,KR7003670007,포스코퓨처엠,KOSPI,,289000,2,-7000,-2.36,292500,299500,282000,266459,76345336250,25705457580000,88946220,STK,기타
36,066570,KR7066570003,LG전자,KOSPI,,153400,1,4700,3.16,148000,158400,145800,1790704,274892585300,24986771765800,162886387,STK,기타
37,316140,KR7316140003,우리금융지주,KOSPI,,33150,2,-50,-0.15,33350,33450,32500,1907018,62823335850,24334630008000,734076320,STK,기타
38,064350,KR7064350002,현대로템,KOSPI,,221000,2,-14000,-5.96,241000,242500,218000,902905,202068830750,24120446753000,109142293,STK,기타
40,096770,KR7096770003,SK이노베이션,KOSPI,,134900,2,-2900,-2.1,138200,138200,134000,494776,66978239200,22805221101200,169052788,STK,기타
41,267250,KR7267250009,HD현대,KOSPI,,287000,2,-3000,-1.03,295500,295500,280500,160804,46055191000,22671015395000,78993085,STK,기타
42,000810,KR7000810002,삼성화재,KOSPI,,498500,1,8500,1.73,490000,505000,472000,137068,67439429500,22256765290500,44647473,STK,기타
43,272210,KR7272210006,한화시스템,KOSPI,,117200,1,500,0.43,118200,118900,113700,659577,76016225800,22141352390800,188919389,STK,기타
45,033780,KR7033780008,KT&G,KOSPI,,182100,1,5400,3.06,178800,183500,176700,269699,48932886200,20882617054500,114676645,STK,기타
46,035720,KR7035720002,카카오,KOSPI,,46100,1,850,1.88,45950,47400,45600,2877395,133761292600,20427432635700,443111337,STK,기타
47,017670,KR7017670001,SK텔레콤,KOSPI,,94100,1,900,0.97,95400,97300,93000,641680,60467092800,20211743987300,214790053,STK,기타
48,011200,KR7011200003,HMM,KOSPI,,20650,2,-300,-1.43,20750,21000,20550,760125,15725019675,19477864080500,943237970,STK,기타
49,086280,KR7086280005,현대글로비스,KOSPI,,253500,1,23000,9.98,234500,269500,231500,1198030,309160777000,19012500000000,75000000,STK,기타
50,138040,KR7138040001,메리츠금융지주,KOSPI,,113000,2,-200,-0.18,113100,114200,110700,173180,19435384000,18910241849000,167347273,STK,기타
51,079550,KR7079550000,LIG디펜스앤에어로스페이스,KOSPI,,836000,2,-30000,-3.46,891000,892000,818000,410647,343418409500,18392000000000,22000000,STK,기타
52,000720,KR7000720003,현대건설,KOSPI,,163700,2,-3700,-2.21,165000,165000,159800,760961,123130349600,18228938730500,111355765,STK,기타
54,024110,KR7024110009,기업은행,KOSPI,,21800,1,50,0.23,21700,21800,21450,635768,13755156900,17383883944200,797425869,STK,기타
55,003550,KR7003550001,LG,KOSPI,,108800,1,4200,4.02,106900,109600,101050,477058,50310115100,16779308448000,154221585,STK,기타
56,006260,KR7006260004,LS,KOSPI,,534000,1,27000,5.33,493000,536000,491000,200800,104967899500,16660800000000,31200000,STK,기타
57,047810,KR7047810007,한국항공우주,KOSPI,,167800,2,-4000,-2.33,174900,175800,165200,565193,95024989500,16356322954600,97475107,STK,기타
58,307950,KR7307950006,현대오토에버,KOSPI,,592000,4,136500,29.97,490000,592000,481000,889253,476320397000,16234997344000,27423982,STK,기타
59,278470,KR7278470000,에이피알,KOSPI,,432000,1,30500,7.6,422500,448500,412000,543119,232909633750,16173282960000,37438155,STK,기타
61,071050,KR7071050009,한국금융지주,KOSPI,,269000,2,-7000,-2.54,271000,278000,267500,151304,41005968000,14990291848000,55725992,STK,기타
62,030200,KR7030200000,KT,KOSPI,,59300,2,-200,-0.34,60000,60100,58700,211665,12545548800,14944885920500,252021685,STK,기타
63,011070,KR7011070000,LG이노텍,KOSPI,,624000,2,-13000,-2.04,622000,635000,592000,178001,110019739500,14768274768000,23667107,STK,기타
64,047050,KR7047050000,포스코인터내셔널,KOSPI,,77500,2,-3200,-3.97,81800,83100,76300,602745,46943877500,13634016070000,175922788,STK,기타
65,018260,KR7018260000,삼성에스디에스,KOSPI,,176100,2,-500,-0.28,175600,178400,172500,222546,39195003900,13626230580000,77377800,STK,기타
66,047040,KR7047040001,대우건설,KOSPI,,32650,2,-550,-1.66,32000,32650,31100,5648464,179745346275,13416134380700,410907638,STK,기타
67,0126Z0,KR70126Z0002,삼성에피스홀딩스,KOSPI,,532000,1,6000,1.14,531000,540000,518000,40568,21480813000,13237782068000,24883049,STK,기타
68,001440,KR7001440007,대한전선,KOSPI,,70900,1,6800,10.61,63000,72000,62700,14168488,982751851200,13219113570000,186447300,STK,기타
69,010950,KR7010950004,S-Oil,KOSPI,,116500,2,-1700,-1.44,118600,119100,115600,307873,36087897850,13115895268000,112582792,STK,기타
70,259960,KR7259960003,크래프톤,KOSPI,,274500,1,4500,1.67,274500,276500,266000,97611,26562188500,13013582742000,47408316,STK,기타
71,005940,KR7005940002,NH투자증권,KOSPI,,36500,2,-1200,-3.18,37100,37950,36400,623556,23054470900,13006569468500,356344369,STK,기타
72,028050,KR7028050003,삼성E&A,KOSPI,,62700,2,-1700,-2.64,62000,62900,59000,3608546,218131920200,12289200000000,196000000,STK,기타
73,016360,KR7016360000,삼성증권,KOSPI,,136900,2,-8300,-5.72,141900,145500,136000,972642,135541984450,12225170000000,89300000,STK,기타
74,039490,KR7039490008,키움증권,KOSPI,,455000,2,-11000,-2.36,453000,463500,450000,84997,38800910500,11933883780000,26228316,STK,기타
75,323410,KR7323410001,카카오뱅크,KOSPI,,23850,2,-50,-0.21,24100,24150,23500,832838,19732757025,11379322422450,477120437,STK,기타
76,005830,KR7005830005,DB손해보험,KOSPI,,164700,2,-300,-0.18,167300,167800,160600,158933,25966667738,10787907480300,65500349,STK,기타
77,352820,KR7352820005,하이브,KOSPI,,249000,1,5500,2.26,244500,253000,244500,235891,58633188000,10732460001000,43102249,STK,기타
78,443060,KR7443060009,HD현대마린솔루션,KOSPI,,237500,2,-32000,-11.87,266500,272000,236000,428826,105957868000,10647946750000,44833460,STK,기타
80,007660,KR7007660004,이수페타시스,KOSPI,,141200,2,-6200,-4.21,143500,147700,139500,817336,116251561250,10365381722800,73409219,STK,기타
81,003230,KR7003230000,삼양식품,KOSPI,,1372000,1,108000,8.54,1276000,1393000,1260000,75135,101160841500,10335296580000,7533015,STK,기타
82,062040,KR7062040001,산일전기,KOSPI,,332000,1,9500,2.95,311000,335000,310000,446816,146123393000,10164462200000,30615850,STK,기타
83,000880,KR7000880005,한화,KOSPI,,142000,1,2500,1.79,138400,142700,133000,219346,30270854550,10012124498000,70507919,STK,기타
84,003490,KR7003490000,대한항공,KOSPI,,26900,1,550,2.09,26000,27350,25800,2928806,78324194775,9905135780900,368220661,STK,기타
85,005387,KR7005382007,현대차2우B,KOSPI,,274500,1,18000,7.02,261000,280500,256000,435440,118085601750,9597598785000,34963930,STK,기타
87,267270,KR7267270007,HD건설기계,KOSPI,,185300,2,-7300,-3.79,189200,191500,183700,231193,42912081450,8889604065400,47974118,STK,기타
89,009830,KR7009830001,한화솔루션,KOSPI,,47200,2,-200,-0.42,47800,48850,46400,1498822,70768575200,8113327699200,171892536,STK,기타
90,161390,KR7161390000,한국타이어앤테크놀로지,KOSPI,,64400,2,-300,-0.46,64800,66600,63100,478996,30930698300,7977554443600,123875069,STK,기타
91,066970,KR7066970005,엘앤에프,KOSPI,,196600,2,-14400,-6.82,209500,209500,194000,587909,116623992800,7935916869800,40365803,STK,기타
92,000500,KR7000500009,가온전선,KOSPI,,477000,4,110000,29.97,367000,477000,367000,305608,137135687250,7891065855000,16543115,STK,기타
93,326030,KR7326030004,SK바이오팜,KOSPI,,99300,2,-300,-0.3,101800,102000,98500,143678,14291774200,7776505725000,78313250,STK,기타
94,377300,KR7377300009,카카오페이,KOSPI,,57000,2,-800,-1.38,57000,58400,56500,334929,19225117800,7708985919000,135245367,STK,기타
96,180640,KR7180640005,한진칼,KOSPI,,114400,1,600,0.53,113500,116300,111400,83182,9511393450,7637604717600,66762279,STK,기타
97,090430,KR7090430000,아모레퍼시픽,KOSPI,,129300,2,-600,-0.46,131200,131400,128000,225789,29169763550,7563113738700,58492759,STK,기타
99,078930,KR7078930005,GS,KOSPI,,77800,2,-800,-1.02,78900,79000,76500,211088,16360005450,7228816408400,92915378,STK,기타
100,241560,KR7241560002,두산밥캣,KOSPI,,75000,2,-1700,-2.22,75700,75800,73700,160923,11984748950,7189204875000,95856065,STK,기타
101,000990,KR7000990002,DB하이텍,KOSPI,,162800,1,5300,3.37,157000,163900,153600,687713,108312258650,7082546926400,43504588,STK,기타
102,000100,KR7000100008,유한양행,KOSPI,,86850,2,-1150,-1.31,88900,89100,86100,233074,20265904000,6917394146850,79647601,STK,기타
104,064400,KR7064400005,LG씨엔에스,KOSPI,,71100,1,3400,5.02,69100,72700,67400,1907094,134160847800,6888590902800,96885948,STK,기타
105,103590,KR7103590006,일진전기,KOSPI,,143500,1,900,0.63,137900,144400,137700,486298,68668908550,6842853465000,47685390,STK,기타
106,082740,KR7082740002,한화엔진,KOSPI,,79400,2,-6100,-7.13,83600,85800,77500,1338133,105966850700,6625703074800,83447142,STK,기타
107,052690,KR7052690005,한전기술,KOSPI,,172600,2,-12800,-6.9,181900,181900,169000,354852,61182649400,6596772000000,38220000,STK,기타
108,454910,KR7454910001,두산로보틱스,KOSPI,,101000,1,1900,1.92,101900,102400,99100,1471662,148685374750,6546817980000,64819980,STK,기타
109,001040,KR7001040005,CJ,KOSPI,,224000,1,6500,2.99,219000,227000,214000,78777,17333484750,6535647552000,29176998,STK,기타
110,032640,KR7032640005,LG유플러스,KOSPI,,15130,2,-240,-1.56,15590,15590,15070,942234,14294804345,6503303011150,429828355,STK,기타
113,005385,KR7005381009,현대차우,KOSPI,,271000,1,13500,5.24,262000,276000,255500,302575,81523988500,6325400160000,23340960,STK,기타
114,021240,KR7021240007,코웨이,KOSPI,,87900,1,1000,1.15,87900,89800,86000,245713,21679376700,6220456745400,70767426,STK,기타
115,034220,KR7034220004,LG디스플레이,KOSPI,,12270,2,-180,-1.45,12430,12440,12120,2588207,31644784285,6135000000000,500000000,STK,기타
116,353200,KR7353200009,대덕전자,KOSPI,,122300,1,1600,1.33,118600,124000,114600,428843,51821936300,6043689927500,49416925,STK,기타
117,011790,KR7011790003,SKC,KOSPI,,158400,2,-15700,-9.02,163700,168300,151300,1316631,208275013950,5998338403200,37868298,STK,기타
119,029780,KR7029780004,삼성카드,KOSPI,,51000,2,-600,-1.16,51700,51700,50600,124909,6366846500,5908803441000,115858891,STK,기타
120,010060,KR7010060002,OCI홀딩스,KOSPI,,316000,2,-12000,-3.66,330000,330500,315000,163526,52133556000,5899793312000,18670232,STK,기타
122,004020,KR7004020004,현대제철,KOSPI,,42850,1,200,0.47,42300,43500,41550,890394,37964139950,5718151887250,133445785,STK,기타
123,450080,KR7450080007,에코프로머티,KOSPI,,79800,2,-300,-0.37,79700,83100,77600,1064505,85149142450,5630588569200,70558754,STK,기타
124,138930,KR7138930003,BNK금융지주,KOSPI,,18010,2,-190,-1.04,18300,18300,17850,730466,13153528450,5588989864330,310327033,STK,기타
125,128940,KR7128940004,한미약품,KOSPI,,435500,1,5000,1.16,435000,440000,431000,51200,22330491250,5579186580500,12810991,STK,기타
126,271560,KR7271560005,오리온,KOSPI,,140700,1,700,0.5,141700,141900,139000,45451,6395301050,5562733772400,39536132,STK,기타
127,036570,KR7036570000,NC,KOSPI,,257500,1,4500,1.78,256000,266000,252500,84935,21935832000,5547585665000,21544022,STK,기타
128,336260,KR7336260005,두산퓨얼셀,KOSPI,,84000,1,7800,10.24,75000,88200,74900,2197831,180074413100,5501472984000,65493726,STK,기타
129,088980,KR7088980008,맥쿼리인프라,KOSPI,,11280,1,20,0.18,11260,11290,11260,911954,10279327785,5402240081040,478921993,STK,기타
130,022100,KR7022100002,포스코DX,KOSPI,,35400,1,500,1.43,35050,35600,34250,435288,15293071575,5382029406600,152034729,STK,기타
131,002380,KR7002380004,KCC,KOSPI,,604000,1,13000,2.2,580000,608000,570000,24526,14449323000,5367428484000,8886471,STK,기타
135,175330,KR7175330000,JB금융지주,KOSPI,,26250,2,-100,-0.38,26400,26450,25650,345347,9003628825,4941656580000,188253584,STK,기타
137,018880,KR7018880005,한온시스템,KOSPI,,4735,2,-165,-3.37,4845,5000,4700,24610512,118606445393,4859353183720,1026262552,STK,기타
140,004800,KR7004800009,효성,KOSPI,,263000,2,-13000,-4.71,269000,270500,254500,92570,24237705500,4402727041000,16740407,STK,기타
142,011170,KR7011170008,롯데케미칼,KOSPI,,100600,1,200,0.2,100500,103900,99100,170832,17141409050,4303207151400,42775419,STK,기타
143,051900,KR7051900009,LG생활건강,KOSPI,,276500,1,1500,0.55,278000,278500,271750,45845,12625509750,4231129913500,15302459,STK,기타
144,088350,KR7088350004,한화생명,KOSPI,,4825,2,-100,-2.03,4885,4935,4760,4596330,22064912049,4190657250000,868530000,STK,기타
146,004170,KR7004170007,신세계,KOSPI,,430500,2,-2500,-0.58,436000,437500,409000,37956,16236747250,4066150420500,9445181,STK,기타
147,489790,KR7489790006,한화비전,KOSPI,,79800,2,-3200,-3.86,80900,82500,78400,611537,48515492550,4028973522000,50488390,STK,기타
149,023530,KR7023530009,롯데쇼핑,KOSPI,,138700,1,2600,1.91,136900,140000,132100,131820,18044189100,3923650318500,28288755,STK,기타
150,017800,KR7017800004,현대엘리베이터,KOSPI,,98200,2,-400,-0.41,98800,99000,97100,113580,11157635600,3838872207000,39092385,STK,기타
151,111770,KR7111770004,영원무역,KOSPI,,84900,1,2500,3.03,82800,85300,82000,57680,4864128850,3762043633200,44311468,STK,기타
152,011780,KR7011780004,금호석유화학,KOSPI,,149400,1,17600,13.35,139000,152800,137900,387882,57557194200,3758504355000,25157325,STK,기타
153,020150,KR7020150009,롯데에너지머티리얼즈,KOSPI,,71200,2,-2800,-3.78,71500,74000,70100,265552,18968061700,3728420965600,52365463,STK,기타
154,375500,KR7375500006,DL이앤씨,KOSPI,,95500,2,-4800,-4.79,96900,97900,92900,786080,74307502150,3695240996500,38693623,STK,기타
155,012510,KR7012510004,더존비즈온,KOSPI,,120100,2,-200,-0.17,120000,120700,120000,4789,575602700,3650417882000,30394820,STK,기타
160,251270,KR7251270005,넷마블,KOSPI,,42800,2,-4300,-9.13,47550,47600,42150,919669,39804323575,3507903878800,81960371,STK,기타
161,036460,KR7036460004,한국가스공사,KOSPI,,38000,2,-450,-1.17,38800,38800,37800,156430,5946675700,3507894000000,92313000,STK,기타
162,457190,KR7457190007,이수스페셜티케미컬,KOSPI,,115400,2,-2300,-1.95,117700,118600,113000,200965,23052119700,3487257828800,30218872,STK,기타
163,035250,KR7035250000,강원랜드,KOSPI,,16300,3,0,0.0,16490,16490,16250,457508,7460063200,3487230150000,213940500,STK,기타
164,097950,KR7097950000,CJ제일제당,KOSPI,,228500,2,-3000,-1.3,230000,231500,225000,38080,8674747750,3439881501000,15054186,STK,기타
170,302440,KR7302440003,SK바이오사이언스,KOSPI,,42350,1,350,0.83,42600,42750,41700,82139,3462802500,3322635019550,78456553,STK,기타
171,001720,KR7001720002,신영증권,KOSPI,,202000,2,-3000,-1.46,199900,204000,199500,14023,2823025700,3320880000000,16440000,STK,기타
174,031210,KR7031210008,서울보증보험,KOSPI,,46300,2,-200,-0.43,46250,46500,45800,37523,1730571725,3232739987400,69821598,STK,기타
175,014680,KR7014680003,한솔케미칼,KOSPI,,284000,2,-4500,-1.56,285500,290000,278000,58824,16613097250,3229135380000,11370195,STK,기타
176,383220,KR7383220001,F&F,KOSPI,,84200,1,3800,4.73,80400,86400,80300,174420,14645658900,3225455715000,38307075,STK,기타
177,028670,KR7028670008,팬오션,KOSPI,,5980,2,-50,-0.83,5970,6290,5860,4436802,26934432665,3196725681760,534569512,STK,기타
178,071970,KR7071970008,HD현대마린엔진,KOSPI,,94100,2,-5800,-5.81,100500,100900,93200,282533,26933700650,3192012679500,33921495,STK,기타
179,006360,KR7006360002,GS건설,KOSPI,,37150,2,-2200,-5.59,37550,38000,36150,1442904,53004583950,3179352353500,85581490,STK,기타
180,439260,KR7439260001,대한조선,KOSPI,,82500,2,-2400,-2.83,85600,85600,82000,91187,7559531800,3178420740000,38526312,STK,기타
181,005850,KR7005850003,에스엘,KOSPI,,68400,1,4300,6.71,66300,71300,64700,695892,47749983500,3177078768000,46448520,STK,기타
182,139480,KR7139480008,이마트,KOSPI,,113000,1,4600,4.24,109400,113900,108200,288388,32460530350,3118327547000,27595819,STK,기타
183,00680K,KR700680K019,미래에셋증권2우B,KOSPI,,22700,3,0,0.0,22400,23150,22050,424206,9659265175,3098550000000,136500000,STK,기타
185,139130,KR7139130009,iM금융지주,KOSPI,,19110,2,-140,-0.73,19250,19300,18950,387074,7417961780,3069535781130,160624583,STK,기타
190,007340,KR7007340003,DN오토모티브,KOSPI,,51400,1,200,0.39,51100,54200,50300,251837,13171847350,3007458461000,58510865,STK,기타
193,004990,KR7004990008,롯데지주,KOSPI,,29200,2,-400,-1.35,29300,29400,28700,236559,6848453400,2910182259200,99663776,STK,기타
195,009970,KR7009970005,영원무역홀딩스,KOSPI,,210000,2,-1500,-0.71,219500,219500,209000,9145,1953910000,2834839770000,13499237,STK,기타
196,204320,KR7204320006,HL만도,KOSPI,,60100,1,2500,4.34,58200,62700,57800,1638724,99867229550,2822122912000,46957120,STK,기타
199,000155,KR7000151001,두산우,KOSPI,,697000,2,-9000,-1.27,701000,706000,679000,13326,9220088000,2785534014000,3996462,STK,기타
200,012750,KR7012750006,에스원,KOSPI,,73100,1,1000,1.39,72900,74600,72400,55479,4069504100,2777739911800,37999178,STK,기타
201,229640,KR7229640008,LS에코에너지,KOSPI,,90700,1,7000,8.36,82700,93000,80400,491808,43380862850,2777676525300,30624879,STK,기타
202,120110,KR7120110002,코오롱인더,KOSPI,,92700,2,-2200,-2.32,93900,96900,91200,230726,21602264800,2775997166400,29946032,STK,기타
206,103140,KR7103140000,풍산,KOSPI,,95100,2,-1400,-1.45,96600,97800,94200,119828,11391838550,2665108837800,28024278,STK,기타
208,001450,KR7001450006,현대해상,KOSPI,,31200,1,300,0.97,31000,31350,30150,293597,9023414025,2659745400000,85248250,STK,기타
209,483650,KR7483650008,달바글로벌,KOSPI,,213500,2,-1500,-0.7,218500,221500,209000,173212,36866944500,2651998790000,12421540,STK,기타
210,051600,KR7051600005,한전KPS,KOSPI,,58600,2,-1400,-2.33,59300,59300,58500,148174,8698788350,2637000000000,45000000,STK,기타
213,001430,KR7001430008,세아베스틸지주,KOSPI,,71300,1,1600,2.3,69700,72300,67700,231120,16074540950,2556969084700,35862119,STK,기타
215,112610,KR7112610001,씨에스윈드,KOSPI,,60100,2,-1100,-1.8,62700,62900,59000,419060,25036381350,2534501320300,42171403,STK,기타
216,008770,KR7008770000,호텔신라,KOSPI,,64400,2,-1300,-1.98,64100,65900,63400,240637,15498955650,2527578992400,39248121,STK,기타
217,008930,KR7008930000,한미사이언스,KOSPI,,36900,1,300,0.82,36850,37450,36550,61429,2265205325,2523648195000,68391550,STK,기타
218,026960,KR7026960005,동서,KOSPI,,25300,1,100,0.4,25200,25400,25000,68091,1714687250,2522410000000,99700000,STK,기타
219,011210,KR7011210002,현대위아,KOSPI,,91000,1,7700,9.24,84400,98000,83100,1714507,158494677450,2474752553000,27195083,STK,기타
220,018670,KR7018670000,SK가스,KOSPI,,265500,1,5500,2.12,261000,267000,256000,13546,3545383250,2457798282000,9257244,STK,기타
221,007810,KR7007810005,코리아써키트,KOSPI,,101700,2,-500,-0.49,97600,106000,96300,272383,27826255800,2439032454000,23982620,STK,기타
222,069960,KR7069960003,현대백화점,KOSPI,,112900,2,-900,-0.79,114400,115400,110600,72951,8211762300,2434678564800,21564912,STK,기타
223,279570,KR7279570006,케이뱅크,KOSPI,,5980,2,-20,-0.33,6000,6040,5920,1495958,8912244885,2426057002980,405695151,STK,기타
226,000240,KR7000240002,한국앤컴퍼니,KOSPI,,25200,1,100,0.4,25200,25500,24650,116143,2908545775,2392368048000,94935240,STK,기타
227,282330,KR7282330000,BGF리테일,KOSPI,,138300,1,4400,3.29,135200,143900,133600,130658,18284794500,2390364199800,17283906,STK,기타
228,017960,KR7017960006,한국카본,KOSPI,,45700,2,-1900,-3.99,47900,48450,45500,361693,16649160775,2389132020000,52278600,STK,기타
230,097230,KR7097230007,HJ중공업,KOSPI,,26450,2,-950,-3.47,27250,27450,26200,1293743,34308694425,2388311848800,90295344,STK,기타
231,192820,KR7192820009,코스맥스,KOSPI,,210000,1,2000,0.96,214000,220000,203500,70160,14610032500,2383396890000,11349509,STK,기타
234,004370,KR7004370003,농심,KOSPI,,380000,1,6500,1.74,377000,382000,372500,18075,6830466250,2311403960000,6082642,STK,기타
235,005440,KR7005440003,현대지에프홀딩스,KOSPI,,14820,1,50,0.34,14790,15620,14500,587596,8885026185,2310501740820,155904301,STK,기타
236,009420,KR7009420001,한올바이오파마,KOSPI,,44000,2,-350,-0.79,44950,45500,43900,223659,9929145725,2298588072000,52240638,STK,기타
237,000120,KR7000120006,CJ대한통운,KOSPI,,100400,2,-400,-0.4,100700,101000,99800,33961,3406236000,2290359337600,22812344,STK,기타
238,030000,KR7030000004,제일기획,KOSPI,,19260,1,80,0.42,19170,19300,19080,315341,6051883785,2215693993500,115041225,STK,기타
239,161890,KR7161890009,한국콜마,KOSPI,,93500,1,6600,7.59,88500,94800,86900,506757,45852268450,2207074699500,23605077,STK,기타
240,322000,KR7322000001,HD현대에너지솔루션,KOSPI,,196300,2,-4700,-2.34,201500,207500,192800,259487,51076226650,2198560000000,11200000,STK,기타
242,077970,KR7077970002,STX엔진,KOSPI,,54500,2,-4200,-7.16,57400,57400,54000,416967,22979124200,2188069433500,40148063,STK,기타
243,361610,KR7361610009,SK아이이테크놀로지,KOSPI,,26350,2,-650,-2.41,26900,27050,26000,147935,3893300725,2155090085000,81787100,STK,기타
244,007070,KR7007070006,GS리테일,KOSPI,,25750,1,2200,9.34,24100,26500,23750,832714,21493501975,2152890936250,83607415,STK,기타
245,003690,KR7003690005,코리안리,KOSPI,,12180,1,60,0.5,12040,12200,11850,247048,2984734005,2152462157580,176721031,STK,기타
246,085620,KR7085620003,미래에셋생명,KOSPI,,15860,1,60,0.38,15780,16030,15300,88633,1402829430,2143954800000,135180000,STK,기타
249,298020,KR7298020009,효성티앤씨,KOSPI,,487500,1,4500,0.93,483500,502000,482500,20010,9795247250,2109744975000,4327682,STK,기타
251,002790,KR7002790004,아모레퍼시픽홀딩스,KOSPI,,27350,1,250,0.92,27400,27900,26800,94983,2584554150,2091131223000,76458180,STK,기타
252,023590,KR7023590003,다우기술,KOSPI,,48200,2,-800,-1.63,48100,48750,47850,40817,1966641600,2086448438400,43287312,STK,기타
254,005070,KR7005070008,코스모신소재,KOSPI,,62100,2,-1700,-2.66,62600,63600,60700,177255,10900307900,2062624859100,33214571,STK,기타
255,081660,KR7081660003,미스토홀딩스,KOSPI,,38250,2,-300,-0.78,38850,39050,38050,75111,2882652275,2030762880000,53091840,STK,기타
257,003540,KR7003540002,대신증권,KOSPI,,39200,2,-500,-1.26,39050,40000,38800,105525,4136224125,1929414709600,49219763,STK,기타
259,395400,KR7395400005,SK리츠,KOSPI,,6360,1,210,3.41,6150,6410,5980,435357,2750598775,1914472063200,301017620,STK,기타
264,001120,KR7001120005,LX인터내셔널,KOSPI,,47500,2,-1050,-2.16,49000,49000,46650,191984,9074843875,1841100000000,38760000,STK,기타
265,003530,KR7003530003,한화투자증권,KOSPI,,8510,1,20,0.24,8270,8800,8180,6277797,53236185730,1825801565250,214547775,STK,기타
266,462870,KR7462870007,시프트업,KOSPI,,31100,2,-800,-2.51,31650,31950,30850,75576,2354684350,1824149974000,58654340,STK,기타
271,003570,KR7003570009,SNT다이내믹스,KOSPI,,52600,2,-1000,-1.87,53800,54500,52000,87998,4628316100,1749091862200,33252697,STK,기타
272,475150,KR7475150009,SK이터닉스,KOSPI,,51100,2,-600,-1.16,52800,52900,50100,489511,24981728200,1740823904400,34067004,STK,기타
273,006040,KR7006040000,동원산업,KOSPI,,39000,1,1500,4.0,37700,39750,37400,140317,5441501650,1721771454000,44147986,STK,기타
275,069620,KR7069620003,대웅제약,KOSPI,,146500,1,1700,1.17,146400,147600,143000,34880,5081541150,1697433237500,11586575,STK,기타
277,030610,KR7030610000,교보증권,KOSPI,,14690,2,-380,-2.52,14820,15320,14600,187480,2787490480,1674115897090,113962961,STK,기타
278,012630,KR7012630000,HDC,KOSPI,,27900,2,-250,-0.89,28150,28150,27200,57483,1586593175,1666794015900,59741721,STK,기타
279,004000,KR7004000006,롯데정밀화학,KOSPI,,63200,2,-800,-1.25,63000,64700,61800,52794,3311774250,1630560000000,25800000,STK,기타
281,073240,KR7073240004,금호타이어,KOSPI,,5640,2,-40,-0.7,5690,5730,5610,578787,3276314620,1620148018680,287260287,STK,기타
282,006280,KR7006280002,녹십자,KOSPI,,138300,1,1700,1.24,145300,149600,137300,88150,12475842400,1616248205400,11686538,STK,기타
284,032350,KR7032350001,롯데관광개발,KOSPI,,20150,2,-200,-0.98,20450,20750,20000,400070,8089954850,1603969701100,79601474,STK,기타
289,294870,KR7294870001,IPARK현대산업개발,KOSPI,,23400,3,0,0.0,23200,23450,22600,129937,2982293800,1542231522000,65907330,STK,기타
292,001800,KR7001800002,오리온홀딩스,KOSPI,,24450,2,-300,-1.21,24650,24700,24300,77933,1906820400,1531680567900,62645422,STK,기타
296,051915,KR7051911006,LG화학우,KOSPI,,193400,1,100,0.05,193000,196200,189900,54454,10512032050,1487013920000,7688800,STK,기타
298,195870,KR7195870001,해성디에스,KOSPI,,87000,1,1000,1.16,84300,88800,82100,271386,23422881750,1479000000000,17000000,STK,기타
300,034230,KR7034230003,파라다이스,KOSPI,,15870,2,-130,-0.81,16020,16160,15600,431927,6884944855,1470028292340,92629382,STK,기타
301,020560,KR7020560009,아시아나항공,KOSPI,,7090,3,0,0.0,7090,7090,7000,89170,627560615,1460474140990,205990711,STK,기타
303,007310,KR7007310006,오뚜기,KOSPI,,361000,1,5000,1.4,356000,363500,354000,5254,1884434250,1446826630000,4007830,STK,기타
305,003470,KR7003470002,유안타증권,KOSPI,,7170,2,-290,-3.89,7500,8400,7070,18582291,145078913915,1431107449920,199596576,STK,기타
306,093370,KR7093370005,후성,KOSPI,,13280,2,-480,-3.49,13490,13560,13130,985633,13061790600,1424350782400,107255330,STK,기타
307,006340,KR7006340004,대원전선,KOSPI,,18080,1,640,3.67,16800,19120,16040,15395536,279384672780,1417732641280,78414416,STK,기타
313,100090,KR7100090000,SK오션플랜트,KOSPI,,21600,2,-200,-0.92,22000,22150,21150,537027,11525092825,1349527586400,62478129,STK,기타
314,281820,KR7281820001,케이씨텍,KOSPI,,67900,2,-100,-0.15,66200,70000,66200,141683,9634998850,1344329081900,19798661,STK,기타
317,001740,KR7001740000,SK네트웍스,KOSPI,,6670,2,-90,-1.33,6760,6890,6580,1940115,13023268545,1337961239630,200593889,STK,기타
320,000210,KR7000210005,DL,KOSPI,,62800,2,-2800,-4.27,65200,65700,61800,107878,6787964900,1316029515200,20955884,STK,기타
321,082640,KR7082640004,동양생명,KOSPI,,8150,1,30,0.37,8050,8190,8000,131242,1063594085,1315072467750,161358585,STK,기타
328,003090,KR7003090008,대웅,KOSPI,,22100,1,150,0.68,22100,22500,21700,40267,885869450,1284937758000,58141980,STK,기타
333,181710,KR7181710005,NHN,KOSPI,,38750,2,-850,-2.15,39850,39850,38450,42296,1640534350,1269184136250,32753139,STK,기타
336,003240,KR7003240009,태광산업,KOSPI,,1121000,2,-8000,-0.71,1129000,1129000,1091000,2579,2849710000,1248121400000,1113400,STK,기타
337,192080,KR7192080000,더블유게임즈,KOSPI,,58600,2,-400,-0.68,60000,60000,58200,39763,2336120950,1240765224800,21173468,STK,기타
338,300720,KR7300720000,한일시멘트,KOSPI,,16830,1,30,0.18,16910,16910,16660,47705,798257175,1237765867470,73545209,STK,기타
339,000670,KR7000670000,영풍,KOSPI,,67100,2,-1900,-2.75,69900,69900,66500,24413,1643339950,1235356829300,18410683,STK,기타
341,415640,KR7415640002,KB발해인프라,KOSPI,,9990,1,40,0.4,9950,10000,9860,90567,900971940,1224230024520,122545548,STK,기타
342,330590,KR7330590001,롯데리츠,KOSPI,,4197,2,-13,-0.31,4165,4260,4165,264870,1114801564,1212802406148,288968884,STK,기타
343,089860,KR7089860001,롯데렌탈,KOSPI,,33300,1,1200,3.74,32000,33350,31650,51541,1690789900,1209102620400,36309388,STK,기타
344,456040,KR7456040005,OCI,KOSPI,,134600,1,700,0.52,134200,137400,131400,45490,6110936200,1205005827000,8952495,STK,기타
346,000080,KR7000080002,하이트진로,KOSPI,,17070,1,220,1.31,16930,17110,16720,130760,2208994695,1197180739770,70133611,STK,기타
347,001510,KR7001510007,SK증권,KOSPI,,5140,2,-130,-2.47,5100,5410,5010,12391661,64528027110,1188856736900,231295085,STK,기타
350,100840,KR7100840008,SNT에너지,KOSPI,,56500,2,-2300,-3.91,58200,58200,55100,302864,17048589800,1168464239500,20680783,STK,기타
351,280360,KR7280360009,롯데웰푸드,KOSPI,,125500,1,6000,5.02,120200,127500,118800,38955,4836699300,1167724037000,9304574,STK,기타
352,298050,KR7298050006,HS효성첨단소재,KOSPI,,260000,1,6000,2.36,249000,260500,244500,20210,5089149500,1164786480000,4479948,STK,기타
353,005690,KR7005690003,파미셀,KOSPI,,19130,1,30,0.16,18780,20350,18650,1202192,23392217965,1148124521320,60016964,STK,기타
354,185750,KR7185750007,종근당,KOSPI,,83000,2,-100,-0.12,83700,83800,82100,19333,1595994150,1145630740000,13802780,STK,기타
356,000815,KR7000811000,삼성화재우,KOSPI,,379500,1,2000,0.53,377000,383000,371000,20882,7900309500,1141164090000,3007020,STK,기타
357,066575,KR7066571001,LG전자우,KOSPI,,65300,1,1100,1.71,63800,66900,62900,155838,10195403250,1122245277600,17185992,STK,기타
359,009155,KR7009151002,삼성전기우,KOSPI,,381000,2,-500,-0.13,372000,381500,365000,36933,13723939750,1107560904000,2906984,STK,기타
360,005300,KR7005300009,롯데칠성,KOSPI,,119200,2,-300,-0.25,120100,120400,118300,23516,2799151050,1106042972800,9278884,STK,기타
362,499790,KR7499790004,GS피앤엘,KOSPI,,55600,2,-1800,-3.14,56300,58000,55500,81209,4608458350,1102594759600,19830841,STK,기타
363,006650,KR7006650006,대한유화,KOSPI,,169400,2,-3600,-2.08,170000,175500,166800,32282,5474418400,1101100000000,6500000,STK,기타
367,365550,KR7365550003,ESR켄달스퀘어리츠,KOSPI,,4415,1,85,1.96,4305,4460,4245,372691,1636927054,1086482935000,246089000,STK,기타
368,075580,KR7075580001,세진중공업,KOSPI,,19080,2,-870,-4.36,19940,19940,18730,346614,6602589775,1084687620480,56849456,STK,기타
369,071055,KR7071051007,한국금융지주우,KOSPI,,185000,2,-4200,-2.22,188000,191000,181900,4688,876259350,1083776435000,5858251,STK,기타
371,090460,KR7090460007,비에이치,KOSPI,,31850,1,850,2.74,30800,32450,30500,436373,13939575600,1073712485300,33711538,STK,기타
372,248070,KR7248070005,솔루엠,KOSPI,,22450,2,-250,-1.1,23200,23400,21900,671426,15217535025,1073474498200,47816236,STK,기타
374,006110,KR7006110001,삼아알미늄,KOSPI,,70500,2,-100,-0.14,70700,71600,65000,221511,15358397300,1066203577500,15123455,STK,기타
375,002020,KR7002020006,코오롱,KOSPI,,82100,1,10100,14.03,72500,85000,72300,335921,27203457000,1059720528000,12907680,STK,기타
376,009450,KR7009450008,경동나비엔,KOSPI,,72550,2,-1950,-2.62,73900,74500,72200,48711,3554491250,1056951349600,14568592,STK,기타
378,192400,KR7192400000,쿠쿠홀딩스,KOSPI,,29650,1,850,2.95,29050,30000,28600,28194,824253750,1054418785250,35562185,STK,기타
383,057050,KR7057050007,현대홈쇼핑,KOSPI,,86500,1,1100,1.29,85400,89900,83000,41296,3585804250,1038000000000,12000000,STK,기타
385,033240,KR7033240003,자화전자,KOSPI,,47850,1,1850,4.02,45850,49000,45400,299307,14376152800,1033823270700,21605502,STK,기타
388,006120,KR7006120000,SK디스커버리,KOSPI,,58800,2,-1600,-2.65,60500,60500,58100,27971,1640601400,1023928558800,17413751,STK,기타
389,451800,KR7451800007,한화리츠,KOSPI,,5700,1,160,2.89,5540,5810,5430,153051,856030875,1023720000000,179600000,STK,기타
392,108320,KR7108320003,LX세미콘,KOSPI,,61800,1,100,0.16,61000,63000,60600,94811,5890140650,1005133740000,16264300,STK,기타
393,484870,KR7484870001,엠앤씨솔루션,KOSPI,,108400,2,-900,-0.82,109400,113000,104900,9577,1032382950,992282760000,9153900,STK,기타
394,00088K,KR700088K015,한화3우B,KOSPI,,50600,2,-600,-1.17,50800,51500,48700,65693,3268719150,981864714600,19404441,STK,기타
397,079900,KR7079900007,전진건설로봇,KOSPI,,66800,2,-1600,-2.34,65700,67300,64600,123170,8090465700,974782006000,14592545,STK,기타
399,036530,KR7036530004,SNT홀딩스,KOSPI,,59400,2,-400,-0.67,60100,60100,58700,13510,798954350,968450828400,16303886,STK,기타
400,137310,KR7137310009,에스디바이오센서,KOSPI,,8000,2,-50,-0.62,8180,8210,7920,118380,953248020,965992816000,120749102,STK,기타
402,285130,KR7285130001,SK케미칼,KOSPI,,55300,2,-1100,-1.95,56500,57000,54700,37819,2085031600,956621759800,17298766,STK,기타
405,003160,KR7003160009,디아이,KOSPI,,33250,2,-1350,-3.9,33450,34100,33000,217644,7262106025,940975000000,28300000,STK,기타
408,009240,KR7009240003,한샘,KOSPI,,39650,2,-250,-0.63,39550,40150,38950,51225,2015366050,933120245200,23533928,STK,기타
414,336370,KR7336370002,솔루스첨단소재,KOSPI,,13010,2,-350,-2.62,13560,13560,12800,380393,4939041620,913527645440,70217344,STK,기타
416,064960,KR7064960008,SNT모티브,KOSPI,,34300,1,900,2.69,33850,35200,33550,109447,3779091325,910331329600,26540272,STK,기타
417,025540,KR7025540006,한국단자,KOSPI,,89700,1,900,1.01,88700,91000,88100,23290,2097580850,907315500000,10115000,STK,기타
419,005090,KR7005090006,SGC에너지,KOSPI,,62100,1,1400,2.31,58800,63200,58200,112649,6825662350,894819579300,14409333,STK,기타
420,004490,KR7004490009,세방전지,KOSPI,,64500,2,-100,-0.15,64700,65100,63700,35869,2310334250,893970000000,13860000,STK,기타
421,071320,KR7071320006,지역난방공사,KOSPI,,76400,1,2300,3.1,74500,79500,73000,46917,3568727650,884616041600,11578744,STK,기타
423,030190,KR7030190003,NICE평가정보,KOSPI,,14920,2,-140,-0.93,15000,15060,14610,83493,1241446380,878959982840,58911527,STK,기타
428,003620,KR7003620002,KG모빌리티,KOSPI,,4215,2,-90,-2.09,4310,4315,4210,1000921,4262509290,853010254080,202374912,STK,기타
429,178920,KR7178920005,PI첨단소재,KOSPI,,28950,2,-1750,-5.7,30450,30550,28650,503790,14694086000,850155021900,29366322,STK,기타
430,003030,KR7003030004,세아제강지주,KOSPI,,204000,2,-9500,-4.45,208500,208500,201000,42694,8680533500,844898028000,4141657,STK,기타
432,079160,KR7079160008,CJ CGV,KOSPI,,5030,1,215,4.47,4815,5050,4770,489184,2403245584,832879316070,165582369,STK,기타
434,003850,KR7003850005,보령,KOSPI,,9640,2,-20,-0.21,9680,9680,9500,122892,1174975480,826988675480,85787207,STK,기타
437,005880,KR7005880000,대한해운,KOSPI,,2550,2,-120,-4.49,2655,2655,2405,7000676,17920908524,823005717000,322747340,STK,기타
438,011930,KR7011930005,신성이엔지,KOSPI,,3995,0,0,0.0,0,0,0,0,0,822363363245,205848151,STK,기타
442,00104K,KR700104K010,CJ4우(전환),KOSPI,,193200,1,4300,2.28,187100,194400,186100,2771,530653900,816562118400,4226512,STK,기타
448,007700,KR7007700008,F&F홀딩스,KOSPI,,20200,1,310,1.56,20000,20400,19820,12896,260011890,790110213400,39114367,STK,기타
449,214320,KR7214320004,이노션,KOSPI,,19670,1,20,0.1,19640,19690,19410,44785,875216790,786800000000,40000000,STK,기타
450,317450,KR7317450005,명인제약,KOSPI,,53700,1,100,0.19,53600,53900,52800,17568,935302450,784020000000,14600000,STK,기타
451,000370,KR7000370007,한화손해보험,KOSPI,,6660,2,-80,-1.19,6740,6790,6570,308330,2043389375,777481173900,116738915,STK,기타
454,001270,KR7001270008,부국증권,KOSPI,,74400,2,-700,-0.93,74400,75200,73700,10437,775610800,771519518400,10369886,STK,기타
455,014820,KR7014820005,동원시스템즈,KOSPI,,26550,2,-400,-1.48,26800,27500,26150,60119,1596307275,769718537100,28991282,STK,기타
458,001500,KR7001500008,현대차증권,KOSPI,,12180,2,-20,-0.16,11900,12490,11810,639921,7805427925,753126475920,61833044,STK,기타
459,010780,KR7010780005,아이에스동서,KOSPI,,24925,2,-475,-1.87,25450,25500,24300,92887,2290137850,752410376800,30186976,STK,기타
462,217590,KR7217590009,티엠씨,KOSPI,,30850,2,-1850,-5.66,31350,31550,30150,380869,11737896175,743306841250,24094225,STK,기타
464,161000,KR7161000005,애경케미칼,KOSPI,,15190,1,540,3.69,15730,15750,15020,682986,10462064825,738973889710,48648709,STK,기타
467,093050,KR7093050003,LF,KOSPI,,25050,2,-350,-1.38,25050,25400,24600,38330,956680600,732462000000,29240000,STK,기타
471,249420,KR7249420001,일동제약,KOSPI,,22900,2,-950,-3.98,24000,24700,22800,483822,11222268575,724515970800,31638252,STK,기타
473,460860,KR7460860000,동국제강,KOSPI,,14490,1,150,1.05,14430,14640,14190,319229,4587266510,718820166330,49608017,STK,기타
474,002350,KR7002350007,넥센타이어,KOSPI,,7350,1,80,1.1,7280,7480,7230,173701,1280723485,717858895950,97667877,STK,기타
476,069260,KR7069260008,TKG휴켐스,KOSPI,,17540,2,-350,-1.96,18030,18030,17460,95938,1688571385,717010433520,40878588,STK,기타
479,016380,KR7016380008,KG스틸,KOSPI,,7110,3,0,0.0,7110,7170,6930,465876,3286116940,711063257670,100008897,STK,기타
480,001060,KR7001060003,JW중외제약,KOSPI,,30450,2,-50,-0.16,30500,30700,30200,27811,847105575,709056568500,23285930,STK,기타
481,114090,KR7114090004,GKL,KOSPI,,11420,2,-600,-4.99,11980,11980,11400,603084,6980935890,706391751400,61855670,STK,기타
484,017940,KR7017940008,E1,KOSPI,,101800,1,1400,1.39,100400,102400,100200,4762,482675350,698348000000,6860000,STK,기타
485,001680,KR7001680008,대상,KOSPI,,20150,2,-50,-0.25,20150,20250,20000,69654,1400218725,698157703750,34648025,STK,기타
487,293940,KR7293940003,신한알파리츠,KOSPI,,5750,1,30,0.52,5680,5800,5650,178818,1026267955,695405707250,120940123,STK,기타
492,005420,KR7005420005,코스모화학,KOSPI,,17990,2,-340,-1.85,18310,18320,17750,265742,4756782890,690964021720,38408228,STK,기타
493,383800,KR7383800000,LX홀딩스,KOSPI,,9030,2,-60,-0.66,9090,9110,8860,106280,950828510,688814630700,76280690,STK,기타
494,001820,KR7001820000,삼화콘덴서,KOSPI,,66200,2,-1700,-2.5,66100,67600,64300,115321,7566108950,688149000000,10395000,STK,기타
498,002840,KR7002840007,미원상사,KOSPI,,143900,1,1500,1.05,142400,144900,142400,2352,338055200,683525000000,4750000,STK,기타
500,005180,KR7005180005,빙그레,KOSPI,,72900,1,700,0.97,72400,73500,72000,22782,1648880300,675712359900,9269031,STK,기타
501,015860,KR7015860000,일진홀딩스,KOSPI,,13570,1,680,5.28,12630,14170,12540,847270,11229255165,669645344310,49347483,STK,기타
503,009900,KR7009900002,명신산업,KOSPI,,12750,1,150,1.19,13470,13470,12600,856327,11036916830,668994195750,52470133,STK,기타
506,002240,KR7002240000,고려제강,KOSPI,,24500,2,-900,-3.54,25550,25550,24300,36445,896798425,661500000000,27000000,STK,기타
507,058650,KR7058650003,세아홀딩스,KOSPI,,153300,2,-700,-0.45,153000,156000,151600,2167,331713800,661219078800,4313236,STK,기타
510,039130,KR7039130000,하나투어,KOSPI,,42350,2,-300,-0.7,42600,42600,41850,28722,1210024400,655998620200,15489932,STK,기타
512,271940,KR7271940009,일진하이솔루스,KOSPI,,17880,2,-330,-1.81,18200,18310,17010,76421,1368790115,649279837200,36313190,STK,기타
514,017900,KR7017900002,광전자,KOSPI,,11110,1,330,3.06,10960,11770,10560,4598391,51576307040,643755206930,57943763,STK,기타
515,003280,KR7003280005,흥아해운,KOSPI,,2670,2,-75,-2.73,2805,2810,2600,7382988,19714353381,641934480330,240424899,STK,기타
516,016610,KR7016610008,DB증권,KOSPI,,15110,2,-310,-2.01,15020,15850,14910,156147,2398540560,641364937790,42446389,STK,기타
518,000640,KR7000640003,동아쏘시오홀딩스,KOSPI,,95000,3,0,0.0,95000,95600,93500,12224,1158127500,639590065000,6732527,STK,기타
519,000400,KR7000400002,롯데손해보험,KOSPI,,2060,2,-20,-0.96,2080,2095,2015,279783,572042009,639292819200,310336320,STK,기타
521,005250,KR7005250006,녹십자홀딩스,KOSPI,,13570,2,-40,-0.29,13820,14010,13500,82211,1119082655,638172809700,47028210,STK,기타
522,010820,KR7010820009,퍼스텍,KOSPI,,13070,1,230,1.79,13230,13250,12510,1017638,13018692680,637449229660,48771938,STK,기타
524,001570,KR7001570001,금양,KOSPI,,9900,0,0,0.0,0,0,0,0,0,633275240400,63967196,STK,기타
525,453340,KR7453340002,현대그린푸드,KOSPI,,19450,1,1310,7.22,18230,19450,18050,155287,2949336205,632162266200,32501916,STK,기타
526,005810,KR7005810007,풍산홀딩스,KOSPI,,43750,1,100,0.23,43800,44450,43100,45898,1994403825,630756525000,14417292,STK,기타
527,002960,KR7002960003,한국쉘석유,KOSPI,,483500,2,-500,-0.1,484000,487000,483000,1535,742639750,628550000000,1300000,STK,기타
531,006380,KR7006380000,카프로,KOSPI,,3660,0,0,0.0,0,0,0,0,0,618539985360,168999996,STK,기타
534,008060,KR7008060006,대덕,KOSPI,,19600,1,500,2.62,18720,19700,18430,141656,2715009340,613227120800,31287098,STK,기타
536,130660,KR7130660004,한전산업,KOSPI,,18740,2,-860,-4.39,19420,19440,18540,445955,8368822920,610924000000,32600000,STK,기타
537,005389,KR7005383005,현대차3우B,KOSPI,,261000,1,15000,6.1,248000,265500,244000,63757,16434328500,607464972000,2327452,STK,기타
538,008730,KR7008730004,율촌화학,KOSPI,,24250,2,-500,-2.02,24600,24650,23950,90677,2188476450,601400000000,24800000,STK,기타
540,019170,KR7019170000,신풍제약,KOSPI,,11410,1,380,3.45,11990,12000,11250,562241,6472804160,598095336020,52418522,STK,기타
541,268280,KR7268280005,미원에스씨,KOSPI,,118700,2,-100,-0.08,119800,119800,117700,1334,157716100,593500000000,5000000,STK,기타
542,003545,KR7003541000,대신증권우,KOSPI,,23500,2,-250,-1.05,23750,23850,23350,100003,2349896050,592004174500,25191667,STK,기타
545,003000,KR7003000007,부광약품,KOSPI,,5960,2,-40,-0.67,6040,6150,5850,897114,5337071815,588041439160,98664671,STK,기타
546,001200,KR7001200005,유진투자증권,KOSPI,,6070,1,40,0.66,5960,6300,5930,2084704,12783824125,587979157260,96866418,STK,기타
547,009410,KR7009410002,태영건설,KOSPI,,1964,2,-51,-2.53,1970,1993,1925,697834,1355886472,584466913192,297590078,STK,기타
549,094800,KR7094800000,맵스리얼티,KOSPI,,6260,1,410,7.01,5850,6420,5700,212259,1320276680,581142912060,92834331,STK,기타
552,014830,KR7014830004,유니드,KOSPI,,84500,2,-700,-0.82,86500,86900,83500,32682,2761561350,571862200000,6767600,STK,기타
555,020000,KR7020000006,한섬,KOSPI,,25400,1,1100,4.53,24700,26500,24700,184353,4774940875,569918773800,22437747,STK,기타
556,001530,KR7001530005,DI동일,KOSPI,,27350,2,-900,-3.19,27700,28000,26550,98930,2692667050,566572234350,20715621,STK,기타
558,452260,KR7452260003,한화갤러리아,KOSPI,,2910,2,-40,-1.36,2915,2960,2875,1808379,5260400469,564131465100,193859610,STK,기타
565,003300,KR7003300001,한일홀딩스,KOSPI,,17840,1,740,4.33,17370,18100,17280,66363,1182751310,550058650560,30832884,STK,기타
567,284740,KR7284740008,쿠쿠홈시스,KOSPI,,24300,1,150,0.62,24150,24400,23950,9064,219469225,545227119000,22437330,STK,기타
568,448730,KR7448730002,삼성FN리츠,KOSPI,,5920,1,130,2.25,5830,5990,5750,180329,1062499460,539016000000,91050000,STK,기타
571,006405,KR7006401004,삼성SDI우,KOSPI,,331000,2,-12500,-3.64,342000,342000,326000,18505,6134490000,535523576000,1617896,STK,기타
572,0120G0,KR70120G0001,삼양바이오팜,KOSPI,,72000,2,-1000,-1.37,72900,75900,71800,28616,2104757250,535382640000,7435870,STK,기타
573,000157,KR7000152009,두산2우B,KOSPI,,599000,2,-21000,-3.39,620000,620000,590000,743,446958500,534929762000,893038,STK,기타
575,005945,KR7005941000,NH투자증권우,KOSPI,,28100,2,-300,-1.06,28200,28800,27700,56936,1601288825,530274200800,18870968,STK,기타
576,105840,KR7105840003,우진,KOSPI,,26200,2,-2100,-7.42,28000,28000,25650,822951,21631937275,529178954000,20197670,STK,기타
577,004690,KR7004690004,삼천리,KOSPI,,145500,2,-1700,-1.15,147700,147700,142100,10294,1481420550,527696053500,3626777,STK,기타
580,034310,KR7034310003,NICE,KOSPI,,14250,2,-60,-0.42,14240,14370,14120,12944,183836025,523789487250,36757157,STK,기타
583,002030,KR7002030005,아세아,KOSPI,,252500,2,-5500,-2.13,258000,258000,248000,1266,318603500,519860130000,2058852,STK,기타
585,031430,KR7031430002,신세계인터내셔날,KOSPI,,14850,1,140,0.95,14670,15000,14180,70921,1048252195,519542100000,34986000,STK,기타
591,092790,KR7092790005,넥스틸,KOSPI,,19860,2,-1190,-5.65,20150,20300,19300,572333,11332468240,516399720000,26002000,STK,기타
596,000070,KR7000070003,삼양홀딩스,KOSPI,,65200,2,-700,-1.06,65900,66200,65100,14541,950272400,506160053200,7763191,STK,기타
599,377740,KR7377740006,바이오노트,KOSPI,,4955,2,-30,-0.6,5070,5080,4905,63296,312598193,504845367840,101886048,STK,기타
601,381970,KR7381970003,케이카,KOSPI,,10300,1,20,0.19,10250,10350,10200,67114,689658250,502854734400,48820848,STK,기타
604,002710,KR7002710002,TCC스틸,KOSPI,,18970,2,-770,-3.9,19360,19660,18700,246459,4689011160,497273832090,26213697,STK,기타
607,058430,KR7058430000,포스코스틸리온,KOSPI,,8250,1,140,1.73,8380,9000,7900,6243348,53212390180,495000000000,60000000,STK,기타
614,090435,KR7090431008,아모레퍼시픽우,KOSPI,,46150,1,300,0.65,46300,46450,44575,18540,843232250,487243854500,10557830,STK,기타
616,016590,KR7016590002,신대양제지,KOSPI,,12080,2,-110,-0.9,12100,12250,12000,21039,253874850,486797665600,40297820,STK,기타
619,027410,KR7027410000,BGF,KOSPI,,5060,2,-80,-1.56,5170,5180,4990,250965,1268094670,484326962460,95716791,STK,기타
623,950210,KR8702070002,프레스티지바이오파마,KOSPI,,8020,1,10,0.12,8010,8200,7990,66494,535334155,481971163100,60096155,STK,기타
624,306200,KR7306200007,세아제강,KOSPI,,169600,2,-4400,-2.53,173000,173300,168500,11590,1977370350,481036480000,2836300,STK,기타
626,145990,KR7145990008,삼양사,KOSPI,,46350,1,100,0.22,46650,46850,45900,5893,272103050,478028361150,10313449,STK,기타
627,029530,KR7029530003,신도리코,KOSPI,,49150,2,-500,-1.01,49750,49750,48500,8939,436572150,477528080350,9715729,STK,기타
630,126720,KR7126720002,수산인더스트리,KOSPI,,33250,2,-1650,-4.73,35100,35100,32700,62623,2085599250,475009500000,14286000,STK,기타
633,015360,KR7015360001,INVENI,KOSPI,,17150,1,970,6.0,16010,17570,15830,131692,2164161020,467337500000,27250000,STK,기타
636,025860,KR7025860008,남해화학,KOSPI,,9350,2,-170,-1.79,9630,9720,9280,1619779,15352710160,464497182050,49678843,STK,기타
638,403550,KR7403550007,쏘카,KOSPI,,13960,1,150,1.09,14560,15780,13810,217404,3189927595,458472951920,32841902,STK,기타
639,006220,KR7006220008,제주은행,KOSPI,,12110,2,-150,-1.22,12240,12240,12040,77359,938690790,457740525270,37798557,STK,기타
641,192650,KR7192650000,드림텍,KOSPI,,6590,1,50,0.76,6540,6670,6440,266048,1735477380,454539971410,68974199,STK,기타
648,344820,KR7344820006,KCC글라스,KOSPI,,28150,2,-850,-2.93,28500,29000,27650,38504,1078276175,449569912800,15970512,STK,기타
649,003720,KR7003720000,삼영,KOSPI,,13210,1,370,2.88,12810,13500,12500,821731,10700228305,449140000000,34000000,STK,기타
651,072710,KR7072710007,농심홀딩스,KOSPI,,96400,1,600,0.63,95400,96600,95000,2918,278992600,447082956000,4637790,STK,기타
652,010690,KR7010690006,화신,KOSPI,,12790,1,560,4.58,12500,13320,11660,1199677,15510190240,446632043900,34920410,STK,기타
653,004700,KR7004700001,조광피혁,KOSPI,,67000,1,400,0.6,66200,67300,66200,759,50789600,445492246000,6649138,STK,기타
656,105630,KR7105630008,한세실업,KOSPI,,11010,2,-350,-3.08,11360,11450,11000,139703,1550164630,440400000000,40000000,STK,기타
657,145720,KR7145720009,덴티움,KOSPI,,51000,2,-100,-0.2,50800,51100,50000,34352,1732866500,439818441000,8623891,STK,기타
661,089590,KR7089590004,제주항공,KOSPI,,5400,2,-20,-0.37,5300,5510,5300,232391,1256859550,435461319000,80640985,STK,기타
662,029460,KR7029460003,케이씨,KOSPI,,39500,2,-500,-1.25,39050,40750,38950,43835,1730258825,435311132500,11020535,STK,기타
663,357120,KR7357120005,코람코라이프인프라리츠,KOSPI,,4460,1,65,1.48,4405,4500,4350,92681,409491187,434115678840,97335354,STK,기타
668,017810,KR7017810003,풀무원,KOSPI,,11160,2,-140,-1.24,11390,11390,10950,66294,734811480,425425248720,38120542,STK,기타
669,009160,KR7009160003,SIMPAC,KOSPI,,6500,1,220,3.5,6430,6510,6150,155522,986469975,424911292000,65370968,STK,기타
671,183190,KR7183190008,아세아시멘트,KOSPI,,11560,1,10,0.09,11320,11570,11320,46656,535028675,422014307680,36506428,STK,기타
673,170900,KR7170900005,동아에스티,KOSPI,,43150,2,-200,-0.46,43350,43650,43100,8856,382812625,419755389850,9727819,STK,기타
679,194370,KR7194370003,제이에스코퍼레이션,KOSPI,,14320,2,-620,-4.15,14940,15030,14300,67764,984280040,415519974560,29016758,STK,기타
680,001390,KR7001390004,KG케미칼,KOSPI,,6140,3,0,0.0,6140,6240,5950,560608,3397216795,412810804200,67233030,STK,기타
684,417310,KR7417310000,코람코더원리츠,KOSPI,,10140,2,-40,-0.39,10160,10210,10110,143761,1459089530,409656000000,40400000,STK,기타
685,012030,KR7012030003,DB,KOSPI,,2035,1,66,3.35,1985,2050,1959,1312787,2643257838,409388953655,201173933,STK,기타
686,005610,KR7005610001,삼립,KOSPI,,47400,2,-50,-0.11,47600,47900,47200,4171,197633200,409015026600,8629009,STK,기타
694,084010,KR7084010008,대한제강,KOSPI,,11690,2,-440,-3.63,12290,12290,11650,109732,1296161090,401803957240,34371596,STK,기타
697,097520,KR7097520001,엠씨넥스,KOSPI,,23000,1,600,2.68,22550,23150,22400,48149,1102977500,400234500000,17401500,STK,기타
698,009290,KR7009290008,광동제약,KOSPI,,8020,1,10,0.12,8110,8190,7950,164329,1316038465,399394460160,49799808,STK,기타
699,200880,KR7200880003,서연이화,KOSPI,,14770,1,680,4.83,14200,15060,14060,320771,4741492935,399210014490,27028437,STK,기타
701,011760,KR7011760006,현대코퍼레이션,KOSPI,,30000,2,-350,-1.15,30050,30650,29750,63928,1924742125,396868980000,13228966,STK,기타
702,016800,KR7016800005,퍼시스,KOSPI,,34500,2,-450,-1.29,34900,34950,34300,608,21019225,396750000000,11500000,STK,기타
703,060980,KR7060980000,HL홀딩스,KOSPI,,43700,1,650,1.51,43050,44150,42500,24386,1061992475,396745613900,9078847,STK,기타
704,017860,KR7017860008,DS단석,KOSPI,,22300,2,-750,-3.25,23300,23350,22100,190407,4267429650,396028799700,17759139,STK,기타
711,034830,KR7034830000,한국토지신탁,KOSPI,,1540,2,-4,-0.26,1544,1550,1513,567840,868469772,388833414200,252489230,STK,기타
715,002810,KR7002810000,삼영무역,KOSPI,,20900,3,0,0.0,20850,21150,20600,12494,261870950,385959213200,18466948,STK,기타
716,091810,KR7091810002,트리니티항공,KOSPI,,934,1,16,1.74,918,938,903,929242,853618459,385713498990,412969485,STK,기타
724,018250,KR7018250001,애경산업,KOSPI,,14420,3,0,0.0,14420,14540,14260,26418,378960500,380831262700,26409935,STK,기타
728,078520,KR7078520004,에이블씨엔씨,KOSPI,,14510,1,420,2.98,14230,14850,14230,82899,1209233540,377465476110,26014161,STK,기타
731,005720,KR7005720008,넥센,KOSPI,,7170,1,130,1.85,7020,7280,6920,50970,359747000,376740315090,52543977,STK,기타
732,026890,KR7026890004,스틱인베스트먼트,KOSPI,,9710,2,-30,-0.31,9800,9800,9600,78111,755421835,376464827270,38770837,STK,기타
734,092230,KR7092230002,KPX홀딩스,KOSPI,,88700,2,-1800,-1.99,89900,90400,87900,1872,165836200,374726100200,4224646,STK,기타
741,092220,KR7092220003,KEC,KOSPI,,1838,0,0,0.0,0,0,0,0,0,369002653158,200763141,STK,기타
746,011500,KR7011500006,한농화성,KOSPI,,23400,2,-150,-0.64,23600,24150,22850,196836,4579584825,365906782800,15637042,STK,기타
749,104700,KR7104700000,한국철강,KOSPI,,9990,2,-90,-0.89,10080,10220,9950,28291,283095800,364135500000,36450000,STK,기타
750,001750,KR7001750009,한양증권,KOSPI,,28600,2,-300,-1.04,28750,29100,27900,15537,444171450,364036072400,12728534,STK,기타
754,001250,KR7001250000,GS글로벌,KOSPI,,4395,2,-305,-6.49,4700,4700,4340,1967212,8771779409,362735892780,82533764,STK,기타
755,001230,KR7001230002,동국홀딩스,KOSPI,,11400,0,0,0.0,0,0,0,0,0,362525506200,31800483,STK,기타
763,007690,KR7007690001,국도화학,KOSPI,,38700,2,-600,-1.53,38800,39400,38550,18473,719340800,358394198400,9260832,STK,기타
766,108670,KR7108670001,LX하우시스,KOSPI,,39700,2,-250,-0.63,39650,39850,38650,49901,1952839825,356016499000,8967670,STK,기타
767,126560,KR7126560002,현대퓨처넷,KOSPI,,3230,2,-20,-0.62,3305,3305,3210,35528,114570409,355955512350,110202945,STK,기타
769,001940,KR7001940006,KISCO홀딩스,KOSPI,,24900,2,-300,-1.19,25100,26550,24650,8073,201422700,352991862000,14176380,STK,기타
770,002900,KR7002900009,TYM,KOSPI,,8510,1,360,4.42,8100,8560,7940,559916,4655905005,352314000000,41400000,STK,기타
779,272450,KR7272450008,진에어,KOSPI,,6580,3,0,0.0,6550,6670,6450,178678,1173918425,343476000000,52200000,STK,기타
780,002310,KR7002310001,아세아제지,KOSPI,,8700,1,90,1.05,8610,8740,8550,86405,746811715,343210737000,39449510,STK,기타
781,286940,KR7286940002,롯데이노베이트,KOSPI,,22650,1,350,1.57,22250,23000,21900,31725,716723200,342680162550,15129367,STK,기타
783,004710,KR7004710000,한솔테크닉스,KOSPI,,10710,1,1560,17.05,9160,11130,8910,5913724,61921904525,340469593380,31789878,STK,기타
785,006805,KR7006801005,미래에셋증권우,KOSPI,,24050,2,-100,-0.41,23900,24500,23350,120853,2903506825,338521787500,14075750,STK,기타
789,084690,KR7084690007,대상홀딩스,KOSPI,,9260,2,-100,-1.07,9340,9390,9220,42916,398030220,335328101880,36212538,STK,기타
791,02826K,KR702826K016,삼성물산우B,KOSPI,,228000,1,4000,1.79,218000,230500,212000,10680,2417718000,334610520000,1467590,STK,기타
792,005010,KR7005010004,휴스틸,KOSPI,,5950,2,-400,-6.3,6310,6330,5920,1755331,10609128360,334319046250,56188075,STK,기타
796,024720,KR7024720005,콜마홀딩스,KOSPI,,9700,1,270,2.86,9470,9770,9000,65126,620783310,332673712300,34296259,STK,기타
797,011690,KR7011690005,와이투솔루션,KOSPI,,9030,1,230,2.61,8810,9850,8810,2315968,21782708275,331440677820,36704394,STK,기타
810,000680,KR7000680009,LS네트웍스,KOSPI,,4095,2,-60,-1.44,4155,4155,4025,294911,1204856083,322698350520,78803016,STK,기타
813,900140,KYG5307W1015,엘브이엠씨홀딩스,KOSPI,,1665,2,-46,-2.69,1686,1711,1651,670047,1117324443,321745319280,193240432,STK,기타
821,033270,KR7033270000,유나이티드제약,KOSPI,,19900,1,50,0.25,19900,19940,19760,20714,411007780,316624422500,15910775,STK,기타
824,004430,KR7004430005,송원산업,KOSPI,,13070,2,-1100,-7.76,14100,14240,12940,810102,10839664935,313680000000,24000000,STK,기타
829,001340,KR7001340009,PKC,KOSPI,,6960,2,-170,-2.38,7130,7140,6910,310576,2164365660,312632112720,44918407,STK,기타
830,017390,KR7017390006,서울가스,KOSPI,,62900,2,-300,-0.47,63200,63200,62600,5965,374878950,311355000000,4950000,STK,기타
831,005680,KR7005680004,삼영전자,KOSPI,,15500,1,200,1.31,15300,15580,15190,29434,453383150,310000000000,20000000,STK,기타
832,123890,KR7123890006,한국자산신탁,KOSPI,,2525,2,-10,-0.39,2545,2545,2505,180859,456971748,308994163150,122373926,STK,기타
835,092200,KR7092200005,디아이씨,KOSPI,,7920,1,200,2.59,7870,8100,7760,786834,6266651755,307997466480,38888569,STK,기타
839,037270,KR7037270006,YG PLUS,KOSPI,,4815,1,40,0.84,4760,4870,4720,339547,1630263432,306537874650,63663110,STK,기타
840,004360,KR7004360004,세방,KOSPI,,15990,1,70,0.44,15940,16040,15560,55500,874470170,305658491970,19115603,STK,기타
841,096760,KR7096760004,JW홀딩스,KOSPI,,4120,3,0,0.0,4125,4160,4080,91716,377654545,304570761040,73924942,STK,기타
842,128820,KR7128820008,대성산업,KOSPI,,6730,1,70,1.05,6630,6760,6500,221517,1464314615,304434766940,45235478,STK,기타
845,003520,KR7003520004,영진약품,KOSPI,,1662,2,-33,-1.95,1696,1698,1638,680288,1127244630,303967718922,182892731,STK,기타
847,000490,KR7000490003,대동,KOSPI,,10510,1,100,0.96,10410,10630,10150,313703,3270250745,302970351150,28826865,STK,기타
849,001460,KR7001460005,BYC,KOSPI,,48450,2,-650,-1.32,48700,48950,47650,3788,183017150,302625967500,6246150,STK,기타
850,003920,KR7003920006,남양유업,KOSPI,,50100,1,500,1.01,49550,50400,49500,7280,362901375,300600000000,6000000,STK,기타
852,475560,KR7475560009,더본코리아,KOSPI,,20200,2,-50,-0.25,20150,20300,20100,6614,133363800,299524994000,14827970,STK,기타
854,053690,KR7053690004,한미글로벌,KOSPI,,27250,2,-1250,-4.39,28300,28300,26500,388316,10562878825,298593237500,10957550,STK,기타
859,037710,KR7037710001,광주신세계,KOSPI,,37350,2,-100,-0.27,37700,37700,37200,5086,190083350,297201046500,7957190,STK,기타
863,002320,KR7002320000,한진,KOSPI,,18980,2,-10,-0.05,18990,19860,18890,35924,682668515,294543331680,15518616,STK,기타
866,088260,KR7088260005,이리츠코크렙,KOSPI,,4635,1,115,2.54,4520,4680,4520,42213,194746275,293588269650,63341590,STK,기타
868,000320,KR7000320002,노루홀딩스,KOSPI,,21950,2,-250,-1.13,22100,22300,21600,35488,776647400,291740764450,13291151,STK,기타
870,003120,KR7003120003,일성아이에스,KOSPI,,21900,2,-100,-0.45,21750,21950,21500,8653,186686350,291270000000,13300000,STK,기타
874,003960,KR7003960002,사조대림,KOSPI,,31600,1,150,0.48,31250,31800,31250,4175,131717375,289597157200,9164467,STK,기타
875,003200,KR7003200003,일신방직,KOSPI,,12610,2,-30,-0.24,12760,12760,12500,9866,123954635,289525600000,22960000,STK,기타
876,034120,KR7034120006,SBS,KOSPI,,15590,2,-110,-0.7,15650,15830,15590,24059,376640820,289213800420,18551238,STK,기타
879,009470,KR7009470006,삼화전기,KOSPI,,43350,2,-1050,-2.36,44350,44900,42500,135404,5899012275,286709097000,6613820,STK,기타
882,432320,KR7432320000,KB스타리츠,KOSPI,,1895,2,-14,-0.73,1914,1914,1850,647953,1227399518,285698320075,150764285,STK,기타
883,241590,KR7241590009,화승엔터프라이즈,KOSPI,,4710,1,50,1.07,4660,4745,4615,85007,399351861,285375489960,60589276,STK,기타
886,334890,KR7334890001,이지스밸류플러스리츠,KOSPI,,4075,2,-5,-0.12,4135,4135,4050,79653,325320475,283003383225,69448683,STK,기타
892,003070,KR7003070000,코오롱글로벌,KOSPI,,11030,2,-40,-0.36,10840,11230,10810,43919,479409195,280426267770,25423959,STK,기타
893,001780,KR7001780006,알루코,KOSPI,,2890,3,0,0.0,2900,2955,2825,1782125,5124096811,279839081480,96830132,STK,기타
897,030210,KR7030210009,다올투자증권,KOSPI,,4560,2,-85,-1.83,4550,4705,4520,356473,1633303335,277754643360,60911106,STK,기타
899,134380,KR7134380005,미원화학,KOSPI,,12600,1,300,2.44,12300,12640,12300,8353,105135140,277107768000,21992680,STK,기타
902,000050,KR7000050005,경방,KOSPI,,10070,1,160,1.61,9930,10140,9820,41723,418388910,276071768900,27415270,STK,기타
903,044450,KR7044450005,KSS해운,KOSPI,,11920,1,40,0.34,11820,12100,11720,126445,1510921545,275183689600,23085880,STK,기타
904,000650,KR7000650002,천일고속,KOSPI,,192000,1,3700,1.96,188100,192000,187000,2410,457387700,274410240000,1429220,STK,기타
907,000540,KR7000540005,흥국화재,KOSPI,,4255,2,-65,-1.5,4275,4360,4210,100818,427242070,273352454475,64242645,STK,기타
909,035510,KR7035510007,신세계 I&C,KOSPI,,19520,2,-470,-2.35,19930,20000,19500,169412,3338068660,272907168000,13980900,STK,기타
911,404990,KR7404990004,신한서부티엔디리츠,KOSPI,,4500,1,230,5.39,4325,4520,4200,85916,377304470,271274098500,60283133,STK,기타
912,004980,KR7004980009,성신양회,KOSPI,,11040,2,-280,-2.47,11040,11130,10850,260930,2854467390,270657445920,24516073,STK,기타
918,226320,KR7226320000,잇츠한불,KOSPI,,12290,1,230,1.91,12870,12940,12100,72482,902407910,269511281350,21929315,STK,기타
922,007160,KR7007160005,사조산업,KOSPI,,53600,1,1600,3.08,52200,54000,52200,9240,491980300,268000000000,5000000,STK,기타
923,005950,KR7005950001,이수화학,KOSPI,,10170,2,-580,-5.4,10700,10700,10090,441737,4525584625,267411698730,26294169,STK,기타
929,001130,KR7001130004,대한제분,KOSPI,,156500,0,0,0.0,0,0,0,0,0,264485000000,1690000,STK,기타
930,004560,KR7004560009,현대비앤지스틸,KOSPI,,17540,1,440,2.57,16880,18080,16510,277603,4895962900,264482344940,15078811,STK,기타
935,377190,KR7377190004,디앤디플랫폼리츠,KOSPI,,2985,1,20,0.67,3005,3065,2950,89443,266778491,263874000000,88400000,STK,기타
936,000430,KR7000430009,대원강업,KOSPI,,4250,3,0,0.0,4245,4345,4210,163248,699019300,263500000000,62000000,STK,기타
940,136490,KR7136490000,선진,KOSPI,,11040,2,-30,-0.27,11000,11190,10880,88596,971965260,262526828160,23779604,STK,기타
942,084680,KR7084680008,이월드,KOSPI,,1833,2,-56,-2.96,1914,1914,1827,371374,685819667,259930751769,141806193,STK,기타
946,013890,KR7013890009,지누스,KOSPI,,11580,2,-660,-5.39,12200,12200,11510,45870,535607035,257707990080,22254576,STK,기타
947,004310,KR7004310009,현대약품,KOSPI,,8040,1,40,0.5,8000,8190,7900,324811,2607994715,257280000000,32000000,STK,기타
948,122900,KR7122900004,아이마켓코리아,KOSPI,,7670,1,10,0.13,7710,7740,7620,57166,439460810,256399202800,33428840,STK,기타
951,008350,KR7008350001,남선알미늄,KOSPI,,1980,2,-50,-2.46,2045,2080,1958,3907192,7787834496,255576598200,129079090,STK,기타
954,0030R0,KR70030R0007,대신밸류리츠,KOSPI,,4270,2,-60,-1.39,4345,4345,4260,73131,312698202,255260600000,59780000,STK,기타
961,013580,KR7013580006,계룡건설,KOSPI,,28300,2,-700,-2.41,28850,28850,28000,81670,2309828475,252744668100,8930907,STK,기타
963,033920,KR7033920000,무학,KOSPI,,8820,1,60,0.68,8900,8900,8680,34706,303696340,251370000000,28500000,STK,기타
965,001790,KR7001790005,대한제당,KOSPI,,2800,1,55,2.0,2760,2800,2745,329816,913180609,251150424000,89696580,STK,기타
971,487570,KR7487570004,HS효성,KOSPI,,66500,2,-1100,-1.63,67600,67600,65700,23258,1542649400,247774145500,3725927,STK,기타
974,051905,KR7051901007,LG생활건강우,KOSPI,,117800,1,200,0.17,117700,117900,115600,4983,582295600,247344306600,2099697,STK,기타
978,005500,KR7005500004,삼진제약,KOSPI,,18220,2,-180,-0.98,18410,18410,18160,14623,266320245,242690400000,13320000,STK,기타
984,001630,KR7001630003,종근당홀딩스,KOSPI,,47900,2,-400,-0.83,48750,48750,47650,3908,187251975,239972341900,5009861,STK,기타
987,010580,KR7010580009,에스엠벡셀,KOSPI,,2150,1,10,0.47,2115,2190,2110,119292,255247630,239191284000,111251760,STK,기타
988,004380,KR7004380002,삼익THK,KOSPI,,11550,1,180,1.58,11790,11890,11310,139793,1616984555,239085000000,20700000,STK,기타
992,035150,KR7035150002,백산,KOSPI,,11830,1,160,1.37,11670,11900,11670,30378,357522510,236941189030,20028841,STK,기타
993,009680,KR7009680000,모토닉,KOSPI,,10900,3,0,0.0,10940,10990,10820,20569,224113330,236890724600,21733094,STK,기타
994,244920,KR7244920005,에이플러스에셋,KOSPI,,10460,1,110,1.06,10350,10470,10000,58718,600268760,236476468780,22607693,STK,기타
995,028100,KR7028100006,동아지질,KOSPI,,17660,2,-270,-1.51,17950,18000,17430,46779,824484860,236458605320,13389502,STK,기타
996,033530,KR7033530007,SJG세종,KOSPI,,8490,1,560,7.06,8010,9250,8000,1204910,10534053415,236199958890,27820961,STK,기타
997,298690,KR7298690009,에어부산,KOSPI,,2025,1,25,1.25,2025,2085,1987,269371,546582008,236196000000,116640000,STK,기타
998,025000,KR7025000001,KPX케미칼,KOSPI,,53900,2,-500,-0.92,54400,54700,53200,2038,109261200,236012415100,4378709,STK,기타
999,002150,KR7002150001,도화엔지니어링,KOSPI,,6990,2,-190,-2.65,7160,7160,6880,164527,1144603705,235702800000,33720000,STK,기타
1000,210980,KR7210980009,SK디앤디,KOSPI,,12640,2,-60,-0.47,12700,12740,12560,24518,309352840,235323708480,18617382,STK,기타
1002,117580,KR7117580001,대성에너지,KOSPI,,8550,1,50,0.59,8500,8580,8400,109297,926922300,235125000000,27500000,STK,기타
1007,008490,KR7008490005,서흥,KOSPI,,20250,1,1010,5.25,19490,21600,19370,116811,2416129330,234274538250,11569113,STK,기타
1010,348950,KR7348950007,제이알글로벌리츠,KOSPI,,1182,0,0,0.0,0,0,0,0,0,233298432000,197376000,STK,기타
1015,000480,KR7000480004,CR홀딩스,KOSPI,,4950,2,-20,-0.4,4970,5030,4940,17689,87780785,232107925500,46890490,STK,기타
1018,000390,KR7000390005,SP삼화,KOSPI,,8520,2,-150,-1.73,8670,8730,8450,246892,2108326025,231773555880,27203469,STK,기타
1019,016880,KR7016880007,웅진,KOSPI,,2895,1,75,2.66,2815,2920,2780,259508,740743824,231388896600,79927080,STK,기타
1021,012200,KR7012200002,계양전기,KOSPI,,8480,4,1950,29.86,6540,8480,6540,6414139,51828055480,230849589920,27222829,STK,기타
1026,003220,KR7003220001,대원제약,KOSPI,,10200,3,0,0.0,10170,10290,10140,19275,196216385,228761346600,22427583,STK,기타
1028,044820,KR7044820009,코스맥스비티아이,KOSPI,,23700,4,5450,29.86,21200,23700,19970,866865,19906195620,227612927700,9603921,STK,기타
1031,053210,KR7053210001,스카이라이프,KOSPI,,4730,2,-55,-1.15,4820,4820,4700,37944,180156740,224783577150,47522955,STK,기타
1039,095570,KR7095570008,AJ네트웍스,KOSPI,,4930,1,35,0.72,4895,4970,4845,149585,736704712,223096101870,45252759,STK,기타
1040,010955,KR7010951002,S-Oil우,KOSPI,,55400,2,-600,-1.07,56000,56900,55000,13075,725249300,222814755800,4021927,STK,기타
1043,017550,KR7017550005,수산세보틱스,KOSPI,,3545,2,-315,-8.16,3605,3660,3410,8178076,28674441100,221204915850,62399130,STK,기타
1045,003350,KR7003350006,한국화장품제조,KOSPI,,9760,1,130,1.35,9640,9910,9580,121177,1181045445,221161600000,22660000,STK,기타
1048,007860,KR7007860000,서연,KOSPI,,9360,1,40,0.43,9330,9540,9240,229298,2155635020,219771339840,23479844,STK,기타
1049,003547,KR7003542008,대신증권2우B,KOSPI,,22400,2,-300,-1.32,22650,22650,22250,20257,453117025,219594659200,9803333,STK,기타
1050,003555,KR7003551009,LG우,KOSPI,,72900,1,300,0.41,72900,73200,69900,17785,1280290250,219516407100,3011199,STK,기타
1053,031440,KR7031440001,신세계푸드,KOSPI,,56500,1,3700,7.01,52800,58800,52800,34101,1941192450,218795120000,3872480,STK,기타
1058,339770,KR7339770000,교촌에프앤비,KOSPI,,4340,3,0,0.0,4395,4395,4270,84594,364040414,216848447200,49965080,STK,기타
1061,102260,KR7102260007,동성케미컬,KOSPI,,4270,2,-15,-0.35,4285,4300,4195,143431,607277230,216359153570,50669591,STK,기타
1063,001080,KR7001080001,만호제강,KOSPI,,5200,1,150,2.97,5190,5300,5000,29163,150388740,215800000000,41500000,STK,기타
1065,012610,KR7012610002,경인양행,KOSPI,,5120,1,70,1.39,5050,5250,5050,672134,3456169190,213075788800,41616365,STK,기타
1066,03473K,KR703473K016,SK우,KOSPI,,376000,1,3000,0.8,370000,376500,354000,4275,1567404250,212866760000,566135,STK,기타
1068,039570,KR7039570007,HDC랩스,KOSPI,,8130,2,-50,-0.61,8180,8280,8050,39482,320400130,211035296130,25957601,STK,기타
1070,016580,KR7016580003,환인제약,KOSPI,,11310,2,-170,-1.48,11360,11600,11250,59709,677787850,210366791700,18600070,STK,기타
1073,003650,KR7003650009,미창석유,KOSPI,,120600,1,100,0.08,121000,122800,120500,2775,335874500,209804443200,1739672,STK,기타
1075,000140,KR7000140004,하이트진로홀딩스,KOSPI,,9020,2,-20,-0.22,9290,9290,8920,8421,75798230,209325020300,23206765,STK,기타
1077,005960,KR7005960000,동부건설,KOSPI,,9100,2,-290,-3.09,9350,9360,8590,132931,1207841830,208814633300,22946663,STK,기타
1078,102460,KR7102460003,이연제약,KOSPI,,11220,2,-20,-0.18,11240,11640,11130,129521,1464153305,208544019420,18586811,STK,기타
1080,001045,KR7001041003,CJ우,KOSPI,,92100,1,2600,2.91,89500,92400,89100,13391,1213673800,208166538300,2260223,STK,기타
1089,003460,KR7003460003,유화증권,KOSPI,,3635,1,15,0.41,3570,3660,3540,173264,626102665,206113278525,56702415,STK,기타
1094,005430,KR7005430004,한국공항,KOSPI,,64500,1,600,0.94,63900,64600,62500,9755,619469500,204229897500,3166355,STK,기타
1095,002100,KR7002100006,경농,KOSPI,,10420,1,310,3.07,10130,10430,10050,139623,1438367280,203425231500,19522575,STK,기타
1097,234080,KR7234080000,JW생명과학,KOSPI,,12800,1,170,1.35,12650,12840,12640,32615,416635260,202682291200,15834554,STK,기타
1098,002780,KR7002780005,진흥기업,KOSPI,,1391,2,-58,-4.0,1430,1430,1373,2972340,4134104631,202351197295,145471745,STK,기타
1101,018470,KR7018470005,조일알미늄,KOSPI,,1587,2,-53,-3.23,1641,1660,1566,2183331,3468775721,200964541227,126631721,STK,기타
1103,025820,KR7025820002,이구산업,KOSPI,,5960,2,-60,-1.0,5930,6290,5790,823916,4958459140,199314320000,33442000,STK,기타
1104,003610,KR7003610003,방림,KOSPI,,5500,2,-190,-3.34,5690,5740,5450,87223,479373210,199111869000,36202158,STK,기타
1107,007570,KR7007570005,일양약품,KOSPI,,10360,3,0,0.0,10360,10600,10280,48358,501034385,197727479040,19085664,STK,기타
1108,271980,KR7271980005,제일약품,KOSPI,,13420,2,-180,-1.32,13710,13990,13370,23315,315685245,197339382240,14704872,STK,기타
1110,000860,KR7000860007,강남제비스코,KOSPI,,15120,2,-140,-0.92,15570,15570,15000,8689,131116110,196560000000,13000000,STK,기타
1111,015230,KR7015230006,대창단조,KOSPI,,7240,2,-80,-1.09,7320,7330,7130,80845,582589610,196519808800,27143620,STK,기타
1114,081000,KR7081000002,일진다이아,KOSPI,,13830,2,-240,-1.71,14050,14050,13690,32182,445245960,196427144250,14202975,STK,기타
1115,100250,KR7100250000,진양홀딩스,KOSPI,,3065,3,0,0.0,3065,3130,3050,20974,64231340,195853500000,63900000,STK,기타
1121,000520,KR7000520007,삼일제약,KOSPI,,8980,2,-130,-1.43,9130,9200,8900,150518,1354665805,194792462780,21691811,STK,기타
1127,101530,KR7101530004,해태제과식품,KOSPI,,6580,1,220,3.46,6360,6650,6350,116393,762152900,191588688760,29116822,STK,기타
1129,006060,KR7006060008,화승인더,KOSPI,,3455,1,65,1.92,3390,3475,3355,142810,490252551,191130600000,55320000,STK,기타
1133,460850,KR7460850001,동국씨엠,KOSPI,,6360,2,-50,-0.78,6460,6460,6300,141910,901184065,190155452160,29898656,STK,기타
1136,213500,KR7213500002,한솔제지,KOSPI,,7950,2,-70,-0.87,8020,8050,7850,176832,1400708860,189214579200,23800576,STK,기타
1137,004090,KR7004090007,한국석유,KOSPI,,14880,1,90,0.61,14940,15220,14600,184031,2724319070,188888505600,12694120,STK,기타
1138,003480,KR7003480001,한진중공업홀딩스,KOSPI,,6380,2,-160,-2.45,6540,6580,6290,117677,755776345,188400200560,29529812,STK,기타
1141,004960,KR7004960001,한신공영,KOSPI,,16180,2,-10,-0.06,15900,16290,15360,93336,1496421830,187213958360,11570702,STK,기타
1144,002990,KR7002990000,금호건설,KOSPI,,5010,2,-240,-4.57,5120,5150,4940,261909,1310527378,186672469740,37259974,STK,기타
1145,011785,KR7011781002,금호석유화학우,KOSPI,,61700,1,3600,6.2,59500,63300,58600,31992,1980168400,186549086200,3023486,STK,기타
1161,001520,KR7001520006,동양,KOSPI,,762,2,-7,-0.91,767,775,753,688887,525118596,181877256006,238684063,STK,기타
1163,008970,KR7008970006,KBI동양철관,KOSPI,,1750,2,-81,-4.42,1831,1838,1741,1887575,3332796453,181592087250,103766907,STK,기타
1164,097955,KR7097951008,CJ제일제당 우,KOSPI,,136600,1,300,0.22,136500,137100,130500,3164,428264500,181327347800,1327433,STK,기타
1166,002170,KR7002170009,SYTS,KOSPI,,60400,1,2300,3.96,58100,60700,58000,2690,160062950,181200000000,3000000,STK,기타
1174,016450,KR7016450009,한세예스24홀딩스,KOSPI,,4505,3,0,0.0,4465,4540,4450,14787,66595135,180200000000,40000000,STK,기타
1178,089470,KR7089470009,HDC현대EP,KOSPI,,5600,1,170,3.13,5440,5940,5370,190396,1074110815,178640000000,31900000,STK,기타
1181,214420,KR7214420002,토니모리,KOSPI,,7410,1,160,2.21,7410,7800,7260,399159,2988519910,178246060590,24054799,STK,기타
1186,317400,KR7317400000,자이에스앤디,KOSPI,,4565,2,-15,-0.33,4580,4580,4470,71388,322220910,177042203800,38782520,STK,기타
1192,007610,KR7007610009,선도전기,KOSPI,,9700,2,-820,-7.79,10500,12300,9510,6191135,66853343935,174600000000,18000000,STK,기타
1193,400760,KR7400760005,NH올원리츠,KOSPI,,3175,2,-20,-0.63,3195,3200,3165,137350,435878155,174400448125,54929275,STK,기타
1195,000300,KR7000300004,DH오토넥스,KOSPI,,4200,0,0,0.0,0,0,0,0,0,174035631000,41437055,STK,기타
1196,071840,KR7071840003,롯데하이마트,KOSPI,,7350,2,-70,-0.94,7290,7400,7210,51095,371875175,173516683200,23607712,STK,기타
1198,009070,KR7009070004,KCTC,KOSPI,,5770,3,0,0.0,5700,5850,5690,156981,899618735,173100000000,30000000,STK,기타
1199,009580,KR7009580002,무림P&P,KOSPI,,2770,2,-75,-2.64,2820,2840,2760,253613,708451407,172760257480,62368324,STK,기타
1200,037560,KR7037560000,LG헬로비전,KOSPI,,2230,2,-35,-1.55,2260,2260,2225,77584,173568518,172706508950,77446865,STK,기타
1202,001360,KR7001360007,삼성제약,KOSPI,,1832,2,-7,-0.38,1845,1880,1797,975790,1781926081,172504928728,94162079,STK,기타
1203,462520,KR7462520008,조선내화,KOSPI,,14550,1,110,0.76,14410,14590,14400,7628,110759280,172492694400,11855168,STK,기타
1204,210540,KR7210540001,디와이파워,KOSPI,,15600,2,-280,-1.76,15790,15800,15400,69095,1073066390,172250644800,11041708,STK,기타
1205,293480,KR7293480000,하나제약,KOSPI,,9690,2,-80,-0.82,9770,9800,9560,22806,220309070,172219846740,17772946,STK,기타
1209,014280,KR7014280002,금강공업,KOSPI,,5830,1,20,0.34,5780,5850,5680,245754,1408896590,170990151310,29329357,STK,기타
1214,090350,KR7090350000,노루페인트,KOSPI,,8460,2,-40,-0.47,8490,8500,8340,75839,637373725,169200000000,20000000,STK,기타
1218,013520,KR7013520002,화승코퍼레이션,KOSPI,,3375,1,115,3.53,3240,3500,3130,487541,1645981557,168922975500,50051252,STK,기타
1219,00279K,KR700279K010,아모레퍼시픽홀딩스3우C,KOSPI,,23800,1,50,0.21,23650,24000,23650,3849,91871950,168794360000,7092200,STK,기타
1225,077500,KR7077500007,유니퀘스트,KOSPI,,7760,2,-50,-0.64,7740,7880,7600,316375,2443977605,167616791520,21600102,STK,기타
1227,272550,KR7272550005,삼양패키징,KOSPI,,11090,2,-10,-0.09,11100,11150,11050,41396,458461090,167108622540,15068406,STK,기타
1229,008040,KR7008040008,사조동아원,KOSPI,,1178,1,54,4.8,1120,1192,1070,2557206,2988307686,166268338800,141144600,STK,기타
1236,079430,KR7079430005,현대리바트,KOSPI,,8000,1,110,1.39,7750,8080,7730,222803,1758988645,164282256000,20535282,STK,기타
1239,000020,KR7000020008,동화약품,KOSPI,,5860,2,-40,-0.68,5890,5960,5840,42705,251410645,163678414200,27931470,STK,기타
1240,009270,KR7009270000,신원,KOSPI,,1425,3,0,0.0,1414,1430,1398,324214,457672432,163547810025,114770393,STK,기타
1243,000970,KR7000970004,한국주철관,KOSPI,,7140,2,-30,-0.42,7180,7240,7090,28696,204835800,162795570000,22800500,STK,기타
1257,003830,KR7003830007,대한화섬,KOSPI,,119000,1,100,0.08,118500,119700,118500,216,25807700,158032000000,1328000,STK,기타
1259,000700,KR7000700005,유수홀딩스,KOSPI,,6060,3,0,0.0,6070,6070,5900,16309,98452310,157813380720,26041812,STK,기타
1267,004970,KR7004970000,신라교역,KOSPI,,9700,3,0,0.0,9700,9710,9550,11514,110781550,155200000000,16000000,STK,기타
1272,078000,KR7078000007,텔코웨어,KOSPI,,16660,2,-100,-0.6,16610,16760,16500,4503,74993030,153939682820,9240077,STK,기타
1274,021820,KR7021820006,세원정공,KOSPI,,15380,1,140,0.92,15250,15590,15120,10024,153787330,153800000000,10000000,STK,기타
1279,214390,KR7214390007,경보제약,KOSPI,,6410,2,-50,-0.77,6610,6610,6350,63828,409802600,153242972600,23906860,STK,기타
1281,012320,KR7012320008,경동인베스트,KOSPI,,64700,2,-600,-0.92,65300,66500,63600,9218,596943700,153016988100,2365023,STK,기타
1282,33626K,KR733626K013,두산퓨얼셀1우,KOSPI,,11400,1,230,2.06,11270,11940,10940,169244,1946575080,152351880000,13364200,STK,기타
1284,011700,KR7011700002,한신기계,KOSPI,,4690,2,-400,-7.86,5000,5000,4610,1098178,5215133925,152172448190,32446151,STK,기타
1287,004150,KR7004150009,한솔홀딩스,KOSPI,,3700,1,345,10.28,3400,3870,3385,2704860,10048643066,151798494000,41026620,STK,기타
1291,012800,KR7012800009,대창,KOSPI,,1661,1,2,0.12,1659,1718,1616,1650784,2735593941,151384368839,91140499,STK,기타
1306,094280,KR7094280005,효성ITX,KOSPI,,12880,1,90,0.7,12790,12920,12730,20715,266254550,148869616000,11558200,STK,기타
1307,015890,KR7015890007,태경산업,KOSPI,,5080,1,80,1.6,5000,5110,4960,57163,285977060,148482050000,29228750,STK,기타
1316,070960,KR7070960000,모나용평,KOSPI,,3065,2,-25,-0.81,3090,3090,3020,46050,140206280,147528665645,48133333,STK,기타
1317,298000,KR7298000001,효성화학,KOSPI,,38900,0,0,0.0,0,0,0,0,0,147501447900,3791811,STK,기타
1322,020120,KR7020120002,키다리스튜디오,KOSPI,,3950,2,-5,-0.13,3955,4035,3875,82792,326274145,146401875700,37063766,STK,기타
1325,025620,KR7025620006,차AI헬스케어,KOSPI,,7990,1,120,1.52,7870,8180,7850,14375,113793830,145449744270,18203973,STK,기타
1328,007540,KR7007540008,샘표,KOSPI,,50300,1,650,1.31,49750,50400,49500,2303,114826225,144652740000,2875800,STK,기타
1329,016740,KR7016740003,두올,KOSPI,,5040,1,50,1.0,4995,5100,4855,164271,822470680,144517080960,28674024,STK,기타
1339,083420,KR7083420000,그린케미칼,KOSPI,,5940,2,-40,-0.67,5980,6000,5910,36079,214356565,142560000000,24000000,STK,기타
1341,107590,KR7107590002,미원홀딩스,KOSPI,,61300,2,-400,-0.65,61500,61500,61300,276,16968800,142216000000,2320000,STK,기타
1343,035000,KR7035000009,HS애드,KOSPI,,8760,1,10,0.11,8670,8790,8660,16357,142816350,141978961440,16207644,STK,기타
1344,010100,KR7010100006,한국무브넥스,KOSPI,,4655,1,195,4.37,4475,4855,4450,858651,4035543523,141746705100,30450420,STK,기타
1349,123690,KR7123690000,한국화장품,KOSPI,,8740,1,190,2.22,8770,9140,8620,248858,2200989880,140434320000,16068000,STK,기타
1352,024090,KR7024090003,디씨엠,KOSPI,,12300,3,0,0.0,12260,12430,12230,5839,71766960,140220000000,11400000,STK,기타
1356,002460,KR7002460004,HS화성,KOSPI,,13780,2,-160,-1.15,14000,14000,13750,10728,148357950,139867000000,10150000,STK,기타
1357,011280,KR7011280005,태림포장,KOSPI,,1971,2,-17,-0.86,1988,2010,1959,134906,266165522,139558507740,70805940,STK,기타
1358,350520,KR7350520003,이지스레지던스리츠,KOSPI,,3780,1,30,0.8,3780,3805,3725,37959,143089630,139354243560,36866202,STK,기타
1359,002220,KR7002220002,한일철강,KOSPI,,5210,2,-420,-7.46,5630,5770,5040,405206,2126497725,139093766600,26697460,STK,기타
1362,001290,KR7001290006,상상인증권,KOSPI,,1276,2,-38,-2.89,1292,1334,1257,1051888,1356971236,138238165120,108337120,STK,기타
1363,363280,KR7363280009,티와이홀딩스,KOSPI,,2735,2,-15,-0.55,2750,2765,2700,56086,153552938,137924047980,50429268,STK,기타
1368,027970,KR7027970003,한국제지,KOSPI,,722,2,-9,-1.23,731,736,713,281100,204047100,137308687114,190178237,STK,기타
1369,002620,KR7002620003,제일파마홀딩스,KOSPI,,8590,2,-60,-0.69,8740,8740,8510,5004,42894710,137211119450,15973355,STK,기타
1370,002390,KR7002390003,한독,KOSPI,,9950,1,20,0.2,9930,10030,9900,12951,128629895,136947153350,13763533,STK,기타
1371,139990,KR7139990006,아주스틸,KOSPI,,3530,2,-85,-2.35,3615,3650,3505,155744,553177240,136806611420,38755414,STK,기타
1372,019180,KR7019180009,티에이치엔,KOSPI,,7600,1,160,2.15,7470,7730,7400,325145,2480047285,136800000000,18000000,STK,기타
1373,013570,KR7013570007,디와이,KOSPI,,5190,2,-10,-0.19,5200,5200,5100,74871,385474860,136598895270,26319633,STK,기타
1378,004250,KR7004250007,NPC,KOSPI,,3700,2,-35,-0.94,3700,3735,3635,95794,352471052,135864000000,36720000,STK,기타
1381,014710,KR7014710008,사조씨푸드,KOSPI,,7870,1,80,1.03,7790,7990,7640,12730,99335065,135509933410,17218543,STK,기타
1386,004140,KR7004140000,동방,KOSPI,,2800,2,-25,-0.88,2815,2825,2740,532028,1477093393,134320944800,47971766,STK,기타
1387,016710,KR7016710006,대성홀딩스,KOSPI,,8320,2,-70,-0.83,8390,8500,8260,30666,254854450,133864298880,16089459,STK,기타
1389,007210,KR7007210008,벽산,KOSPI,,2040,2,-45,-2.16,2080,2085,2010,301692,615737364,133334400000,65360000,STK,기타
1392,267290,KR7267290005,경동도시가스,KOSPI,,22550,2,-300,-1.31,22850,22850,22500,5289,119524525,132941405300,5895406,STK,기타
1393,014580,KR7014580005,태경비케이,KOSPI,,4805,1,60,1.26,4770,4820,4715,88616,421023934,132536795500,27583100,STK,기타
1394,005800,KR7005800008,신영와코루,KOSPI,,14690,2,-230,-1.54,14640,14750,14540,8141,119007560,132210000000,9000000,STK,기타
1397,014530,KR7014530000,극동유화,KOSPI,,3780,1,50,1.34,3735,3785,3685,174398,650019896,131806407600,34869420,STK,기타
1399,095720,KR7095720009,웅진씽크빅,KOSPI,,1154,0,0,0.0,0,0,0,0,0,131156913334,113654171,STK,기타
1402,004080,KR7004080008,신흥,KOSPI,,13870,2,-60,-0.43,13950,13950,13850,1347,18700520,130378000000,9400000,STK,기타
1404,067830,KR7067830000,세이브존I&C,KOSPI,,3170,2,-15,-0.47,3135,3180,3125,49390,155324890,130099637150,41040895,STK,기타
1407,007110,KR7007110000,일신석재,KOSPI,,1673,2,-30,-1.76,1701,1703,1650,343086,574727951,129584908530,77456610,STK,기타
1408,023800,KR7023800006,인지컨트롤스,KOSPI,,8180,1,60,0.74,8120,8250,8050,61876,504597640,129319231460,15809197,STK,기타
1410,014790,KR7014790000,HL D&I,KOSPI,,3410,2,-100,-2.85,3510,3515,3395,54135,185719630,129097829410,37858601,STK,기타
1419,036580,KR7036580009,팜스코,KOSPI,,3470,2,-20,-0.57,3490,3530,3415,68744,237490135,127445962210,36727943,STK,기타
1421,227840,KR7227840006,현대코퍼레이션홀딩스,KOSPI,,13870,2,-10,-0.07,14120,14120,13740,41995,580059810,126228595320,9100836,STK,기타
1430,120030,KR7120030002,조선선재,KOSPI,,98300,2,-600,-0.61,98900,98900,97600,1262,123525900,123627093300,1257651,STK,기타
1437,015590,KR7015590003,DKME,KOSPI,,515,0,0,0.0,0,0,0,0,0,122045495160,236981544,STK,기타
1438,014160,KR7014160006,대영포장,KOSPI,,1124,2,-8,-0.71,1133,1138,1109,889875,997531159,121835473076,108394549,STK,기타
1441,248170,KR7248170003,샘표식품,KOSPI,,26600,2,-150,-0.56,26550,26700,26275,18156,480433325,121516407600,4568286,STK,기타
1446,005870,KR7005870001,휴니드,KOSPI,,8520,1,50,0.59,8520,8650,8370,148215,1252438360,120268447800,14116015,STK,기타
1451,001020,KR7001020007,페이퍼코리아,KOSPI,,674,0,0,0.0,0,0,0,0,0,119960752962,177983313,STK,기타
1452,267850,KR7267850006,아시아나IDT,KOSPI,,10790,1,180,1.7,10590,10850,10580,11994,128478930,119769000000,11100000,STK,기타
1454,37550L,KR737550K029,DL이앤씨2우(전환),KOSPI,,56500,2,-4200,-6.92,59600,59600,55700,6441,365121800,119325231500,2111951,STK,기타
1462,034590,KR7034590000,인천도시가스,KOSPI,,26800,3,0,0.0,26800,26800,26600,253,6771225,117243407200,4374754,STK,기타
1463,019680,KR7019680008,대교,KOSPI,,1384,2,-46,-3.22,1430,1434,1373,128965,180227829,117228744400,84702850,STK,기타
1483,036420,KR7036420008,콘텐트리중앙,KOSPI,,5950,1,200,3.48,5700,5950,5590,61799,355256410,114610732600,19262308,STK,기타
1494,008260,KR7008260002,NI스틸,KOSPI,,3930,2,-85,-2.12,4035,4035,3915,105601,416150615,112398459810,28600117,STK,기타
1497,058850,KR7058850009,KTcs,KOSPI,,2710,1,90,3.44,2670,2740,2665,424433,1149874369,112206059500,41404450,STK,기타
1500,079980,KR7079980009,휴비스,KOSPI,,3240,1,10,0.31,3230,3300,3190,155235,501720565,111780000000,34500000,STK,기타
1505,006660,KR7006660005,삼성공조,KOSPI,,13610,2,-20,-0.15,13650,14190,13550,229804,3177540730,110599133540,8126314,STK,기타
1506,008700,KR7008700007,아남전자,KOSPI,,1433,1,6,0.42,1422,1450,1420,269017,385597159,110519867060,77124820,STK,기타
1507,264900,KR7264900002,크라운제과,KOSPI,,8820,1,250,2.92,8570,8840,8530,31728,278443230,110460357000,12523850,STK,기타
1511,005740,KR7005740006,크라운해태홀딩스,KOSPI,,7400,1,70,0.95,7330,7440,7240,25204,185294720,109870367800,14847347,STK,기타
1513,011810,KR7011810009,STX,KOSPI,,3530,0,0,0.0,0,0,0,0,0,109493282310,31017927,STK,기타
1517,002450,KR7002450005,삼익악기,KOSPI,,1205,2,-14,-1.15,1225,1225,1194,101323,121664177,109089752575,90530915,STK,기타
1518,017370,KR7017370008,우신시스템,KOSPI,,5945,1,5,0.08,5940,6120,5930,63011,377860650,108877051030,18314054,STK,기타
1520,023450,KR7023450000,동남합성,KOSPI,,31000,3,0,0.0,31000,31150,30775,997,30857800,108500000000,3500000,STK,기타
1525,004100,KR7004100004,태양금속,KOSPI,,2925,2,-235,-7.44,3150,3175,2880,1130975,3360604641,107347500000,36700000,STK,기타
1527,001275,KR7001271006,부국증권우,KOSPI,,35700,2,-550,-1.52,36000,36000,35700,3725,133418950,107100000000,3000000,STK,기타
1530,006840,KR7006840003,AK홀딩스,KOSPI,,8080,2,-20,-0.25,8100,8170,7820,14063,112656035,107040292880,13247561,STK,기타
1534,010660,KR7010660009,화천기계,KOSPI,,4845,1,195,4.19,4905,5030,4765,716468,3511115512,106590000000,22000000,STK,기타
1540,032560,KR7032560005,황금에스티,KOSPI,,6210,2,-40,-0.64,6250,6300,6150,25082,155643370,105570000000,17000000,STK,기타
1541,063160,KR7063160006,종근당바이오,KOSPI,,19220,2,-90,-0.47,19310,19310,19010,12963,247350120,105440189640,5485962,STK,기타
1543,003580,KR7003580008,HLB글로벌,KOSPI,,2075,2,-30,-1.43,2105,2170,2050,76352,158104751,105126772875,50663505,STK,기타
1545,084670,KR7084670009,동양고속,KOSPI,,36200,1,1000,2.84,33850,36250,33850,27198,958020325,104819597800,2895569,STK,기타
1546,163560,KR7163560006,동일고무벨트,KOSPI,,7540,2,-70,-0.92,7460,7570,7460,17666,132594905,104806000000,13900000,STK,기타
1549,002200,KR7002200004,한국수출포장,KOSPI,,2745,2,-15,-0.54,2760,2760,2700,84696,230710995,104310000000,38000000,STK,기타
1551,000230,KR7000230003,일동홀딩스,KOSPI,,9000,2,-30,-0.33,9030,9160,8710,28990,260483680,103863600000,11540400,STK,기타
1562,011000,KR7011000007,진원생명과학,KOSPI,,1129,4,260,29.92,890,1129,890,6811334,7433849420,102606802003,90882907,STK,기타
1568,078935,KR7078931003,GS우,KOSPI,,57000,2,-500,-0.87,57500,57800,56400,2356,133759450,101735082000,1784826,STK,기타
1576,058860,KR7058860008,KTis,KOSPI,,2900,1,55,1.93,2845,2920,2835,218332,630703084,100925800000,34802000,STK,기타
1577,119650,KR7119650000,KC코트렐,KOSPI,,918,0,0,0.0,0,0,0,0,0,100782913662,109785309,STK,기타
1578,007460,KR7007460009,에이프로젠,KOSPI,,4590,2,-480,-9.47,5070,5350,4450,1630120,7889282580,100767336120,21953668,STK,기타
1581,002700,KR7002700003,신일전자,KOSPI,,1435,1,18,1.27,1417,1448,1412,484482,693796843,100518192635,70047521,STK,기타
1591,031820,KR7031820004,아이티센씨티에스,KOSPI,,8230,1,730,9.73,7500,8400,7430,324516,2555263725,99625351580,12105146,STK,기타
1594,007980,KR7007980006,TP,KOSPI,,2120,1,20,0.95,2095,2135,2070,272149,572509392,99422382000,46897350,STK,기타
1601,004840,KR7004840005,DRB동일,KOSPI,,5120,2,-130,-2.48,5160,5300,5050,52611,270948440,98674503680,19272364,STK,기타
1606,006890,KR7006890008,태경케미컬,KOSPI,,8420,1,30,0.36,8400,8520,8360,28880,242493360,97672000000,11600000,STK,기타
1612,009180,KR7009180001,한솔로지스틱스,KOSPI,,3445,3,0,0.0,3445,3500,3380,96518,333064648,96996817125,28155825,STK,기타
1614,001260,KR7001260009,남광토건,KOSPI,,9820,2,-200,-2.0,9830,9920,9600,37835,367448800,96555857040,9832572,STK,기타
1616,013360,KR7013360003,일성건설,KOSPI,,1784,2,-71,-3.83,1855,1855,1773,343367,613664071,96380385920,54024880,STK,기타
1617,055490,KR7055490007,테이팩스,KOSPI,,20200,2,-850,-4.04,20900,20900,19900,41003,827812275,96346930000,4769650,STK,기타
1620,023000,KR7023000003,삼원강재,KOSPI,,2400,2,-5,-0.21,2390,2420,2365,21992,52465764,96000000000,40000000,STK,기타
1626,000180,KR7000180000,성창기업지주,KOSPI,,6860,3,0,0.0,6860,7000,6790,19518,134913150,95699195200,13950320,STK,기타
1630,002720,KR7002720001,국제약품,KOSPI,,4510,1,20,0.45,4485,4575,4475,62993,284422187,95430842320,21159832,STK,기타
1635,100220,KR7100220003,비상교육,KOSPI,,7330,1,100,1.38,7130,7460,7130,47213,346198170,95266111530,12996741,STK,기타
1636,096775,KR7096771001,SK이노베이션우,KOSPI,,76300,1,600,0.79,75700,76500,74800,6593,500718400,95254903800,1248426,STK,기타
1637,014440,KR7014440002,영보화학,KOSPI,,4740,1,35,0.74,4705,4740,4650,43726,205248035,94800000000,20000000,STK,기타
1638,010960,KR7010960003,삼호개발,KOSPI,,3930,2,-15,-0.38,3950,3975,3900,29223,114883250,94791600000,24120000,STK,기타
1646,003010,KR7003010006,혜인,KOSPI,,7400,2,-520,-6.57,7490,7620,7300,806133,5981956825,94074327800,12712747,STK,기타
1648,002210,KR7002210003,동성제약,KOSPI,,973,0,0,0.0,0,0,0,0,0,94010780311,96619507,STK,기타
1649,011150,KR7011150000,CJ씨푸드,KOSPI,,2615,2,-5,-0.19,2620,2630,2600,90099,235308625,93958971395,35930773,STK,기타
1659,085310,KR7085310001,엔케이,KOSPI,,1169,0,0,0.0,0,0,0,0,0,92211096418,78880322,STK,기타
1660,004890,KR7004890000,동일산업,KOSPI,,37950,2,-150,-0.39,38500,38600,37700,984,37449300,92036909250,2425215,STK,기타
1661,000590,KR7000590000,CS홀딩스,KOSPI,,79700,1,100,0.13,79600,79800,79200,292,23212300,92012215400,1154482,STK,기타
1663,004440,KR7004440004,삼일씨엔에스,KOSPI,,7210,2,-30,-0.41,7100,7300,7080,35923,258520325,91797337870,12731947,STK,기타
1679,025560,KR7025560004,미래산업,KOSPI,,17730,2,-570,-3.11,18500,18590,16960,104187,1847022210,90260380440,5090828,STK,기타
1681,005750,KR7005750005,대림바스,KOSPI,,5380,2,-100,-1.82,5480,5480,5310,32212,172889220,89696651200,16672240,STK,기타
1684,071090,KR7071090005,하이스틸,KOSPI,,4420,2,-180,-3.91,4520,4525,4385,385735,1710592893,89246301820,20191471,STK,기타
1689,013870,KR7013870001,지엠비코리아,KOSPI,,4660,1,60,1.3,4600,4695,4530,58712,271752482,88876824800,19072280,STK,기타
1694,109070,KR7109070003,주성코퍼레이션,KOSPI,,1665,2,-19,-1.13,1687,1790,1600,598933,1016280253,87929032950,52810230,STK,기타
1697,004720,KR7004720009,팜젠사이언스,KOSPI,,4000,3,0,0.0,4080,4080,3950,52789,210545900,87818008000,21954502,STK,기타
1703,002600,KR7002600005,조흥,KOSPI,,145600,1,200,0.14,145900,146200,145600,56,8170400,87360000000,600000,STK,기타
1704,000105,KR7000101006,유한양행우,KOSPI,,73800,2,-900,-1.2,74700,75000,73000,3142,231110500,87153372000,1180940,STK,기타
1705,338100,KR7338100001,NH프라임리츠,KOSPI,,4670,1,15,0.32,4730,4730,4620,49264,229256950,87142200000,18660000,STK,기타
1708,023810,KR7023810005,인팩,KOSPI,,8690,1,30,0.35,8660,8860,8500,38720,338158740,86900000000,10000000,STK,기타
1709,001560,KR7001560002,제일연마,KOSPI,,11430,1,80,0.7,12020,12020,11310,6569,74640110,86868000000,7600000,STK,기타
1719,007280,KR7007280001,한국특강,KOSPI,,2800,2,-190,-6.35,2965,2965,2760,77637,217424598,85138634000,30406655,STK,기타
1720,480370,KR7480370006,씨케이솔루션,KOSPI,,2620,1,10,0.38,2580,2635,2505,187852,485945855,85101288960,32481408,STK,기타
1721,018500,KR7018500009,동원금속,KOSPI,,1819,1,20,1.11,1805,1849,1796,260746,475843105,85047223127,46754933,STK,기타
1727,111380,KR7111380002,동인기연,KOSPI,,13780,2,-110,-0.79,13890,13950,13720,6728,92838325,84443840000,6128000,STK,기타
1745,120115,KR7120111000,코오롱인더우,KOSPI,,29800,2,-950,-3.09,30750,30800,29800,14255,430709025,82482228000,2767860,STK,기타
1746,007590,KR7007590003,동방아그로,KOSPI,,6040,2,-30,-0.49,6070,6080,6010,2611,15747055,82250165080,13617577,STK,기타
1747,068290,KR7068290006,삼성출판사,KOSPI,,8220,3,0,0.0,8220,8230,8130,13668,111639890,82200000000,10000000,STK,기타
1748,012690,KR7012690004,모나리자,KOSPI,,2245,1,20,0.9,2225,2260,2200,208141,464298827,82102467475,36571255,STK,기타
1750,000850,KR7000850008,화천기공,KOSPI,,37250,2,-300,-0.8,37400,37700,36800,6115,227336750,81950000000,2200000,STK,기타
1759,009200,KR7009200007,무림페이퍼,KOSPI,,1958,2,-14,-0.71,1972,1992,1933,245098,479211781,81471028980,41609310,STK,기타
1767,021050,KR7021050000,서원,KOSPI,,1691,2,-29,-1.69,1719,1724,1625,832894,1402399302,80279531690,47474590,STK,기타
1770,069730,KR7069730000,DSR제강,KOSPI,,5540,2,-60,-1.07,5600,5670,5430,43053,237393650,79776000000,14400000,STK,기타
1771,001470,KR7001470004,삼부토건,KOSPI,,347,0,0,0.0,0,0,0,0,0,79699592928,229681824,STK,기타
1773,011390,KR7011390002,부산산업,KOSPI,,75400,2,-800,-1.05,76300,76300,74700,3429,258136200,79622400000,1056000,STK,기타
1775,006880,KR7006880009,신송홀딩스,KOSPI,,6700,2,-30,-0.45,6730,6800,6620,50267,335633540,79253348600,11828858,STK,기타
1776,006090,KR7006090005,사조오양,KOSPI,,8400,1,80,0.96,8350,8430,8330,2969,24863970,79151007600,9422739,STK,기타
1779,101140,KR7101140002,인바이오젠,KOSPI,,7870,2,-50,-0.63,7920,8290,7800,6390,50506595,79047979920,10044216,STK,기타
1780,047400,KR7047400007,유니온머티리얼,KOSPI,,1879,2,-26,-1.36,1944,1944,1831,734885,1377852913,78918000000,42000000,STK,기타
1781,013700,KR7013700000,까뮤이앤씨,KOSPI,,1320,2,-28,-2.08,1342,1343,1312,67902,89775937,78871095600,59750830,STK,기타
1782,016090,KR7016090003,대현,KOSPI,,1781,2,-16,-0.89,1790,1797,1775,77862,138721395,78866794110,44282310,STK,기타
1792,396690,KR7396690000,미래에셋글로벌리츠,KOSPI,,1968,2,-32,-1.6,2010,2010,1965,110873,218812887,77944489920,39605940,STK,기타
1793,010040,KR7010040004,한국내화,KOSPI,,1897,2,-21,-1.09,1922,1957,1873,84371,159449845,77904216614,41067062,STK,기타
1798,009770,KR7009770009,삼정펄프,KOSPI,,31000,2,-600,-1.9,31550,31550,30700,816,25199650,77499101000,2499971,STK,기타
1801,004060,KR7004060000,SG세계물산,KOSPI,,3810,2,-10,-0.26,3790,3915,3727,138111,528802325,77123909760,20242496,STK,기타
1804,000725,KR7000721001,현대건설우,KOSPI,,72600,2,-1500,-2.02,74100,75300,71800,6372,462393850,76570711800,1054693,STK,기타
1808,002795,KR7002791002,아모레퍼시픽홀딩스우,KOSPI,,11940,2,-60,-0.5,12090,12130,11880,9378,112053670,76191193680,6381172,STK,기타
1832,006980,KR7006980007,우성,KOSPI,,24050,2,-200,-0.82,24050,24900,23700,10649,257677000,74314500000,3090000,STK,기타
1839,214330,KR7214330003,금호에이치티,KOSPI,,3380,3,0,0.0,3380,3400,3345,22173,74587786,73699720380,21804651,STK,기타
1840,003925,KR7003921004,남양유업우,KOSPI,,36650,2,-250,-0.68,37300,37300,36550,3654,134413200,73300000000,2000000,STK,기타
1847,111110,KR7111110003,호전실업,KOSPI,,7740,2,-40,-0.51,7800,7840,7710,18508,143775255,72570240000,9376000,STK,기타
1850,129260,KR7129260006,인터지스,KOSPI,,2430,2,-15,-0.61,2440,2445,2395,73885,178745182,72287333820,29747874,STK,기타
1852,004540,KR7004540001,깨끗한나라,KOSPI,,1939,1,4,0.21,1956,1958,1924,48537,93730519,72209703727,37240693,STK,기타
1854,024900,KR7024900003,디와이덕양,KOSPI,,2210,2,-20,-0.9,2215,2265,2200,85830,191594791,71968605800,32564980,STK,기타
1855,001550,KR7001550003,조비,KOSPI,,13850,2,-160,-1.14,14040,14180,13650,67129,926925730,71912510150,5192239,STK,기타
1859,003780,KR7003780004,진양산업,KOSPI,,5520,1,20,0.36,5460,5540,5440,48722,267332160,71760000000,13000000,STK,기타
1861,058730,KR7058730003,다스코,KOSPI,,3585,2,-120,-3.24,3635,3700,3575,189939,684375716,71514372285,19948221,STK,기타
1862,001620,KR7001620004,케이비아이동국실업,KOSPI,,642,0,0,0.0,0,0,0,0,0,71450125902,111293031,STK,기타
1868,009835,KR7009831009,한화솔루션우,KOSPI,,27600,2,-300,-1.08,27900,28600,27200,12242,339755850,71079632400,2575349,STK,기타
1870,155660,KR7155660004,DSR,KOSPI,,4425,2,-15,-0.34,4440,4440,4380,22874,100571610,70800000000,16000000,STK,기타
1873,001465,KR7001461003,BYC우,KOSPI,,32650,2,-150,-0.46,32900,32950,32000,2631,85293700,70323202500,2153850,STK,기타
1875,007815,KR7007811003,코리아써우,KOSPI,,23700,2,-300,-1.25,23550,24000,23550,1303,31006800,70263153000,2964690,STK,기타
1876,004830,KR7004830006,덕성,KOSPI,,4480,2,-10,-0.22,4475,4510,4395,75984,338880577,70246400000,15680000,STK,기타
1878,000220,KR7000220004,유유제약,KOSPI,,4105,1,15,0.37,4090,4135,4070,26197,107213910,69917800855,17032351,STK,기타
1882,006490,KR7006490007,인스코비,KOSPI,,477,1,10,2.14,467,489,461,1047112,500532289,69587677809,145886117,STK,기타
1884,000910,KR7000910000,유니온,KOSPI,,4450,2,-70,-1.55,4525,4525,4430,92885,413838219,69471704550,15611619,STK,기타
1895,092780,KR7092780006,DYP,KOSPI,,5160,1,110,2.18,5000,5350,4995,69722,361478065,67949253600,13168460,STK,기타
1898,372910,KR7372910000,한컴라이프케어,KOSPI,,2445,1,5,0.2,2425,2460,2425,35565,86853635,67663922670,27674406,STK,기타
1900,378850,KR7378850002,화승알앤에이,KOSPI,,3560,1,90,2.59,3420,3570,3420,71005,249233835,67617297880,18993623,STK,기타
1901,092440,KR7092440007,기신정기,KOSPI,,2315,2,-5,-0.22,2320,2345,2295,10757,24872850,67598000000,29200000,STK,기타
1907,002140,KR7002140002,고려산업,KOSPI,,2690,3,0,0.0,2695,2700,2620,146306,390665108,67087053250,24939425,STK,기타
1913,35320K,KR735320K011,대덕전자1우,KOSPI,,31900,1,50,0.16,31750,32600,30000,38560,1225431075,66847056100,2095519,STK,기타
1929,009190,KR7009190000,대양금속,KOSPI,,1528,1,20,1.33,1507,1553,1492,422061,644331701,65998331000,43192625,STK,기타
1938,004920,KR7004920005,씨아이테크,KOSPI,,1250,1,72,6.11,1181,1287,1149,521078,633253975,65224840000,52179872,STK,기타
1943,37550K,KR737550K011,DL이앤씨우,KOSPI,,30500,2,-1250,-3.94,31750,31750,30100,14833,452985575,64473492500,2113885,STK,기타
1944,072130,KR7072130008,유엔젤,KOSPI,,5070,2,-110,-2.12,5180,5180,5010,121980,616785890,64365951780,12695454,STK,기타
1948,002760,KR7002760007,보락,KOSPI,,1067,2,-20,-1.84,1081,1087,1062,247061,264393272,63913300000,59900000,STK,기타
1962,004410,KR7004410007,서울식품,KOSPI,,158,0,0,0.0,0,0,0,0,0,62338921488,394550136,STK,기타
1964,003475,KR7003471000,유안타증권우,KOSPI,,4815,2,-90,-1.83,4930,5260,4800,305947,1530905355,62172300780,12912212,STK,기타
1965,004770,KR7004770004,써니전자,KOSPI,,1750,2,-28,-1.57,1757,1786,1733,217077,379532234,62138016500,35507438,STK,기타
1972,005305,KR7005301007,롯데칠성우,KOSPI,,79400,2,-1400,-1.73,80800,80800,79200,1915,152688850,61559614000,775310,STK,기타
1985,004450,KR7004450003,삼화왕관,KOSPI,,28000,2,-150,-0.53,28200,28200,27750,621,17339925,60322612000,2154379,STK,기타
1988,010770,KR7010770006,평화홀딩스,KOSPI,,4100,1,100,2.5,3980,4150,3955,41934,169741735,59964410600,14625466,STK,기타
1999,002630,KR7002630002,오리엔트바이오,KOSPI,,499,2,-9,-1.77,508,516,496,730406,366671728,59172919495,118583005,STK,기타
2000,123700,KR7123700007,SJM,KOSPI,,3790,1,40,1.07,3705,3805,3705,21727,81999840,59142563420,15604898,STK,기타
2001,003465,KR7003461001,유화증권우,KOSPI,,3380,2,-80,-2.31,3460,3460,3375,4394,14852590,59070316500,17476425,STK,기타
2002,006370,KR7006370001,대구백화점,KOSPI,,5440,2,-50,-0.91,5490,5580,5330,10839,58511910,58869563840,10821611,STK,기타
2003,023350,KR7023350002,한국종합기술,KOSPI,,5370,2,-100,-1.83,5470,5470,5270,123751,663133535,58801500000,10950000,STK,기타
2007,041650,KR7041650003,상신브레이크,KOSPI,,2720,1,45,1.68,2675,2745,2665,73119,197523375,58402344000,21471450,STK,기타
2010,000890,KR7000890004,보해양조,KOSPI,,422,0,0,0.0,0,0,0,0,0,58286694438,138120129,STK,기타
2018,017180,KR7017180001,명문제약,KOSPI,,1708,1,5,0.29,1703,1711,1690,73048,123978385,57992499432,33953454,STK,기타
2021,075180,KR7075180000,새론오토모티브,KOSPI,,3000,1,5,0.17,3005,3015,2990,6823,20464850,57600000000,19200000,STK,기타
2031,006345,KR7006341002,대원전선우,KOSPI,,21800,4,5010,29.84,19140,21800,18590,1942774,40616942105,57142160000,2621200,STK,기타
2033,357250,KR7357250000,미래에셋맵스리츠,KOSPI,,2280,2,-20,-0.87,2300,2300,2275,25659,58653067,56988839400,24995105,STK,기타
2035,28513K,KR728513K010,SK케미칼우,KOSPI,,26900,2,-150,-0.55,27000,27050,26750,2295,61610150,56905040100,2115429,STK,기타
2036,025530,KR7025530007,SJM홀딩스,KOSPI,,3810,1,30,0.79,3755,3825,3755,5654,21386430,56898570480,14934008,STK,기타
2038,014990,KR7014990006,인디에프,KOSPI,,755,1,1,0.13,750,780,740,111907,84123293,56710311225,75112995,STK,기타
2047,004910,KR7004910006,조광페인트,KOSPI,,4365,2,-85,-1.91,4500,4500,4265,78113,341204271,55872000000,12800000,STK,기타
2050,008420,KR7008420002,문배철강,KOSPI,,2720,2,-80,-2.86,2800,2800,2680,277682,755522780,55769533600,20503505,STK,기타
2052,001210,KR7001210004,금호전기,KOSPI,,897,1,34,3.94,863,925,844,991703,874396387,55506434451,61880083,STK,기타
2053,011330,KR7011330008,유니켐,KOSPI,,614,1,14,2.33,600,616,595,310429,187509896,55375331918,90187837,STK,기타
2055,009320,KR7009320003,아진전자부품,KOSPI,,1120,2,-20,-1.75,1135,1140,1109,245935,276442733,55215742400,49299770,STK,기타
2057,090080,KR7090080003,평화산업,KOSPI,,1001,1,6,0.6,995,1005,982,227011,225438805,54957161259,54902259,STK,기타
2058,000950,KR7000950006,전방,KOSPI,,32650,2,-200,-0.61,32800,33300,32400,656,21332450,54852000000,1680000,STK,기타
2060,026940,KR7026940007,부국철강,KOSPI,,2740,2,-115,-4.03,2830,2855,2730,578975,1603811622,54800000000,20000000,STK,기타
2064,093240,KR7093240000,형지엘리트,KOSPI,,891,2,-4,-0.45,897,902,873,829569,732533989,54698720769,61390259,STK,기타
2065,012280,KR7012280004,영화금속,KOSPI,,1058,2,-4,-0.38,1060,1060,1049,165364,174271874,54661046290,51664505,STK,기타
2068,133820,KR7133820001,화인베스틸,KOSPI,,1466,1,11,0.76,1455,1472,1440,55738,81189982,54409859932,37114502,STK,기타
2080,007120,KR7007120009,미래아이앤지,KOSPI,,1858,1,28,1.53,1830,1909,1780,59754,109743758,53656453664,28878608,STK,기타
2083,002410,KR7002410009,범양건영,KOSPI,,1935,0,0,0.0,0,0,0,0,0,53173451700,27479820,STK,기타
2089,049800,KR7049800006,우진플라임,KOSPI,,2645,2,-45,-1.67,2690,2750,2585,63071,165801405,52900000000,20000000,STK,기타
2103,006125,KR7006121008,SK디스커버리우,KOSPI,,42400,2,-200,-0.47,42050,42500,41900,3729,157252450,52224292000,1231705,STK,기타
2106,027740,KR7027740000,마니커,KOSPI,,821,0,0,0.0,0,0,0,0,0,52142718188,63511228,STK,기타
2114,003080,KR7003080009,SB성보,KOSPI,,2560,2,-15,-0.58,2575,2580,2550,6493,16591311,51251200000,20020000,STK,기타
2115,020760,KR7020760005,일진디스플,KOSPI,,902,0,0,0.0,0,0,0,0,0,50984432422,56523761,STK,기타
2119,023960,KR7023960008,에쓰씨엔지니어링,KOSPI,,1332,2,-48,-3.48,1380,1386,1311,237248,317921403,50663918700,38035975,STK,기타
2123,011420,KR7011420007,갤럭시아에스엠,KOSPI,,1831,3,0,0.0,1850,1850,1817,36243,66312931,50443398164,27549644,STK,기타
2126,012160,KR7012160008,영흥,KOSPI,,497,2,-10,-1.97,506,506,473,96821,48100613,50351254884,101310372,STK,기타
2139,001380,KR7001380005,SG글로벌,KOSPI,,1098,0,0,0.0,0,0,0,0,0,49370629014,44964143,STK,기타
2142,002920,KR7002920007,유성기업,KOSPI,,1890,1,47,2.55,1841,1896,1831,37164,69205232,49040775000,25947500,STK,기타
2156,000215,KR7000211003,DL우,KOSPI,,28450,2,-650,-2.23,29100,29150,28100,6697,190628050,47969971750,1686115,STK,기타
2163,481850,KR7481850006,신한글로벌액티브리츠,KOSPI,,1096,2,-9,-0.81,1110,1110,1078,59569,65389546,47651519744,43477664,STK,기타
2177,003060,KR7003060001,에이프로젠바이오로직스,KOSPI,,3510,2,-490,-12.25,4000,4270,3450,442177,1610764888,46427433390,13227189,STK,기타
2179,069460,KR7069460004,대호에이엘,KOSPI,,532,0,0,0.0,0,0,0,0,0,46322278464,87071952,STK,기타
2188,308170,KR7308170000,씨티알모빌리티,KOSPI,,5320,1,220,4.31,5220,5460,5040,20529,106786510,45805200000,8610000,STK,기타
2203,005030,KR7005030002,부산주공,KOSPI,,486,0,0,0.0,0,0,0,0,0,45092532168,92782988,STK,기타
2212,011230,KR7011230000,삼화전자,KOSPI,,2340,2,-10,-0.43,2420,2420,2330,33638,79751977,44847936900,19165785,STK,기타
2213,074610,KR7074610007,이엔플러스,KOSPI,,5110,0,0,0.0,0,0,0,0,0,44815400070,8770137,STK,기타
2214,008870,KR7008870008,금비,KOSPI,,44800,1,50,0.11,44800,45000,44600,825,36925200,44800000000,1000000,STK,기타
2218,013000,KR7013000005,세우글로벌,KOSPI,,1555,1,270,21.01,1285,1555,1284,2546310,3621368232,44636323205,28705031,STK,기타
2221,000760,KR7000760009,이화산업,KOSPI,,15870,2,-50,-0.31,15990,16010,15750,1042,16524625,44436000000,2800000,STK,기타
2227,003535,KR7003531001,한화투자증권우,KOSPI,,9190,2,-210,-2.23,9360,9480,9120,51475,476364530,44112000000,4800000,STK,기타
2230,011300,KR7011300001,우성머티리얼스,KOSPI,,2775,2,-125,-4.31,2900,2965,2750,18819,53104816,44001457275,15856381,STK,기타
2238,002880,KR7002880003,디와이에이,KOSPI,,917,2,-15,-1.61,932,932,915,109183,100330362,42891753415,46773995,STK,기타
2240,145270,KR7145270005,케이탑리츠,KOSPI,,890,1,2,0.23,894,894,886,21732,19279355,42774088860,48060774,STK,기타
2243,084870,KR7084870005,TBH글로벌,KOSPI,,2035,2,-5,-0.25,2040,2075,2015,16476,33763380,42443626665,20856819,STK,기타
2250,33637K,KR733637K010,솔루스첨단소재1우,KOSPI,,2480,2,-120,-4.62,2590,2595,2380,46432,115211504,41933739680,16908766,STK,기타
2255,008250,KR7008250003,이건산업,KOSPI,,3795,2,-20,-0.52,3850,3850,3785,10888,41466380,41565249825,10952635,STK,기타
2257,051630,KR7051630002,진양화학,KOSPI,,1951,1,1,0.05,1950,1967,1911,73654,143076236,41361200000,21200000,STK,기타
2258,019490,KR7019490002,엑시큐어하이트론,KOSPI,,541,0,0,0.0,0,0,0,0,0,41349858070,76432270,STK,기타
2265,025750,KR7025750001,한솔홈데코,KOSPI,,2545,1,5,0.2,2540,2550,2505,52618,133006846,41007658805,16113029,STK,기타
2277,017040,KR7017040007,광명전기,KOSPI,,932,0,0,0.0,0,0,0,0,0,40390657180,43337615,STK,기타
2278,014910,KR7014910004,성문전자,KOSPI,,1847,1,87,4.94,1765,1882,1730,479037,877121412,40370353679,21857257,STK,기타
2282,005320,KR7005320007,온타이드,KOSPI,,588,0,0,0.0,0,0,0,0,0,40204905720,68375690,STK,기타
2287,002360,KR7002360006,SH에너지화학,KOSPI,,358,0,0,0.0,0,0,0,0,0,39785875340,111133730,STK,기타
2290,019175,KR7019171008,신풍제약우,KOSPI,,19870,1,1070,5.69,21350,21350,19380,11725,239629200,39565740100,1991230,STK,기타
2294,33626L,KR733626K021,두산퓨얼셀2우B,KOSPI,,13130,1,310,2.42,12810,13490,12430,29047,382696325,39210119000,2986300,STK,기타
2304,002025,KR7002021004,코오롱우,KOSPI,,33150,1,1550,4.91,31500,33900,31500,19110,635373900,38468486550,1160437,STK,기타
2306,134790,KR7134790005,시디즈,KOSPI,,19190,2,-30,-0.16,19240,19450,19050,1392,26715330,38380000000,2000000,STK,기타
2309,004365,KR7004361002,세방우,KOSPI,,10350,2,-140,-1.33,10450,10500,10330,5370,55991070,38183737500,3689250,STK,기타
2310,010640,KR7010640001,진양폴리,KOSPI,,2285,1,5,0.22,2285,2355,2240,54770,125480552,38159500000,16700000,STK,기타
2319,005820,KR7005820006,원림,KOSPI,,16380,2,-160,-0.97,16430,16440,16050,1289,21115700,37640748600,2297970,STK,기타
2321,006200,KR7006200000,한국전자홀딩스,KOSPI,,801,0,0,0.0,0,0,0,0,0,37489311936,46803136,STK,기타
2322,024070,KR7024070005,WISCOM,KOSPI,,2445,2,-5,-0.2,2420,2595,2380,162694,405233175,37473140910,15326438,STK,기타
2323,002870,KR7002870004,신풍,KOSPI,,1070,1,17,1.61,1055,1074,1046,56128,59170664,37405809000,34958700,STK,기타
2325,024890,KR7024890006,대원화성,KOSPI,,906,0,0,0.0,0,0,0,0,0,37371731712,41249152,STK,기타
2342,009140,KR7009140005,경인전자,KOSPI,,23200,1,50,0.22,23100,23400,22900,2472,57164575,36442490400,1570797,STK,기타
2352,000040,KR7000040006,KR모터스,KOSPI,,415,2,-9,-2.12,425,434,413,105765,44074870,35845701360,86375184,STK,기타
2353,009810,KR7009810003,플레이그램,KOSPI,,1178,0,0,0.0,0,0,0,0,0,35784695000,30377500,STK,기타
2356,118000,KR7118000009,메타케어,KOSPI,,208,0,0,0.0,0,0,0,0,0,35729691712,171777364,STK,기타
2360,001070,KR7001070002,대한방직,KOSPI,,6680,1,20,0.3,6870,6870,6530,7437,49667240,35404000000,5300000,STK,기타
2370,090370,KR7090370008,메타랩스,KOSPI,,1389,1,8,0.58,1390,1406,1368,38841,53652672,34592613021,24904689,STK,기타
2378,357430,KR7357430008,마스턴프리미어리츠,KOSPI,,1122,1,1,0.09,1125,1131,1108,56988,63734454,34226954454,30505307,STK,기타
2395,006740,KR7006740005,블루산업개발,KOSPI,,589,0,0,0.0,0,0,0,0,0,33558621332,56975588,STK,기타
2401,030720,KR7030720007,동원수산,KOSPI,,7160,2,-30,-0.42,7020,7370,6930,29312,208975900,33321243800,4653805,STK,기타
2403,002690,KR7002690006,동일제강,KOSPI,,1631,2,-21,-1.27,1652,1675,1615,91218,148351044,33109887160,20300360,STK,기타
2404,015260,KR7015260003,에이엔피,KOSPI,,702,2,-24,-3.31,726,729,699,415376,294304920,33076059588,47116894,STK,기타
2415,009460,KR7009460007,한창제지,KOSPI,,544,0,0,0.0,0,0,0,0,0,32459112384,59667486,STK,기타
2424,446070,KR7446070005,유니드비티플러스,KOSPI,,3000,1,10,0.33,2990,3030,2950,22199,65940400,31833645000,10611215,STK,기타
2428,088790,KR7088790001,진도,KOSPI,,2545,2,-5,-0.2,2550,2595,2500,17019,43233430,31679508480,12447744,STK,기타
2430,014130,KR7014130009,한익스프레스,KOSPI,,2630,2,-25,-0.94,2655,2655,2600,12551,32773785,31560000000,12000000,STK,기타
2434,005360,KR7005360003,모나미,KOSPI,,1663,1,14,0.85,1649,1665,1645,25417,41999069,31426221541,18897307,STK,기타
2438,003680,KR7003680006,한성기업,KOSPI,,5040,3,0,0.0,5040,5080,5000,18999,95409120,31295955600,6209515,STK,기타
2439,023150,KR7023150006,MH에탄올,KOSPI,,4235,2,-95,-2.19,4345,4345,4205,47862,202581910,31248057610,7378526,STK,기타
2441,002420,KR7002420008,세기상사,KOSPI,,5230,2,-60,-1.13,5290,5300,5170,15929,83308240,31222828040,5969948,STK,기타
2445,010400,KR7010400000,우진아이엔에스,KOSPI,,4035,2,-50,-1.22,4270,4270,4035,10135,41160875,30754770000,7622000,STK,기타
2456,006570,KR7006570006,대림통상,KOSPI,,1988,2,-22,-1.09,2010,2010,1982,15095,30038029,30267300000,15225000,STK,기타
2468,069640,KR7069640001,한세엠케이,KOSPI,,666,0,0,0.0,0,0,0,0,0,29841130332,44806502,STK,기타
2469,002820,KR7002820009,SUN&L,KOSPI,,2365,3,0,0.0,2375,2375,2330,20506,48115910,29817893985,12607989,STK,기타
2472,008775,KR7008771008,호텔신라우,KOSPI,,39450,2,-250,-0.63,40700,40700,39250,2139,84343100,29661626550,751879,STK,기타
2479,033250,KR7033250002,체시스,KOSPI,,4525,2,-160,-3.42,4685,4730,4465,64519,292439234,28960000000,6400000,STK,기타
2488,002355,KR7002351005,넥센타이어1우B,KOSPI,,4370,2,-5,-0.11,4305,4405,4305,5462,23824040,28405000000,6500000,STK,기타
2489,004870,KR7004870002,티웨이홀딩스,KOSPI,,251,2,-7,-2.71,252,257,249,333942,83930455,28404036994,113163494,STK,기타
2495,465770,KR7465770006,STX그린로지스,KOSPI,,3910,2,-180,-4.4,4090,4155,3850,101346,395945187,28038735120,7171032,STK,기타
2502,044380,KR7044380004,주연테크,KOSPI,,430,0,0,0.0,0,0,0,0,0,27727080260,64481582,STK,기타
2531,005110,KR7005110002,한창,KOSPI,,1254,0,0,0.0,0,0,0,0,0,26467434378,21106407,STK,기타
2532,003495,KR7003491008,대한항공우,KOSPI,,23800,3,0,0.0,23700,24150,23400,10917,258916700,26436897200,1110794,STK,기타
2535,143210,KR7143210003,핸즈코퍼레이션,KOSPI,,1199,0,0,0.0,0,0,0,0,0,26229020653,21875747,STK,기타
2539,011090,KR7011090008,에넥스,KOSPI,,428,0,0,0.0,0,0,0,0,0,25676422348,59991641,STK,기타
2542,004270,KR7004270005,남성,KOSPI,,7030,2,-90,-1.26,7120,7450,6950,5735,40310840,25457148480,3621216,STK,기타
2551,012170,KR7012170007,아센디오,KOSPI,,1279,1,7,0.55,1275,1311,1267,14760,18925993,24804025584,19393296,STK,기타
2556,025890,KR7025890005,한국주강,KOSPI,,2160,2,-60,-2.7,2195,2205,2150,22050,47651437,24427999440,11309259,STK,기타
2571,009310,KR7009310004,참엔지니어링,KOSPI,,1065,0,0,0.0,0,0,0,0,0,23307603810,21885074,STK,기타
2572,001420,KR7001420009,태원물산,KOSPI,,3055,2,-25,-0.81,3075,3110,3010,6743,20525795,23218000000,7600000,STK,기타
2575,00499K,KR700499K014,롯데지주우,KOSPI,,28500,2,-100,-0.35,28800,28800,28200,318,9044650,22959685500,805603,STK,기타
2582,001685,KR7001681006,대상우,KOSPI,,16450,2,-80,-0.48,16700,16700,16120,31601,514016025,22540168350,1370223,STK,기타
2590,001515,KR7001511005,SK증권우,KOSPI,,11310,2,-780,-6.45,11710,11710,11310,36946,425056540,22125266670,1956257,STK,기타
2613,45226K,KR745226K018,한화갤러리아우,KOSPI,,7030,2,-210,-2.9,7240,7240,7000,10536,74825140,20418424100,2904470,STK,기타
2620,001770,KR7001770007,SHD,KOSPI,,16590,2,-150,-0.9,16740,16740,16500,1500,24840420,20154826020,1214878,STK,기타
2623,015020,KR7015020001,이스타코,KOSPI,,464,0,0,0.0,0,0,0,0,0,19883142400,42851600,STK,기타
2626,019685,KR7019681006,대교우B,KOSPI,,1014,2,-4,-0.39,1015,1015,1004,19291,19461643,19698967860,19426990,STK,기타
2628,005257,KR7005252002,녹십자홀딩스2우,KOSPI,,23200,1,850,3.8,23100,23200,22450,912,20920800,19626968000,845990,STK,기타
2629,108675,KR7108671009,LX하우시스우,KOSPI,,18950,2,-170,-0.89,19100,19110,18620,7916,149156190,19562653500,1032330,STK,기타
2633,071950,KR7071950000,코아스,KOSPI,,1540,1,66,4.48,1425,1690,1425,647905,1026993393,19187160300,12459195,STK,기타
2648,008600,KR7008600009,윌비스,KOSPI,,2620,0,0,0.0,0,0,0,0,0,17615839860,6723603,STK,기타
2651,009440,KR7009440009,KC그린홀딩스,KOSPI,,756,0,0,0.0,0,0,0,0,0,17568790596,23239141,STK,기타
2653,18064K,KR718064K016,한진칼우,KOSPI,,32300,2,-500,-1.52,32800,32900,32100,1624,52790675,17337541800,536766,STK,기타
2661,005725,KR7005721006,넥센우,KOSPI,,4695,1,60,1.29,4635,4695,4550,1599,7293880,16904817000,3600600,STK,기타
2667,002070,KR7002070001,비비안,KOSPI,,11000,2,-20,-0.18,10750,11730,10750,18543,206181455,16499340000,1499940,STK,기타
2671,204210,KR7204210009,스타에스엠리츠,KOSPI,,2035,0,0,0.0,0,0,0,0,0,15927568525,7826815,STK,기타
2674,000087,KR7000082008,하이트진로2우B,KOSPI,,14020,1,20,0.14,14000,14020,13990,1030,14420110,15844534760,1130138,STK,기타
2678,001795,KR7001791003,대한제당우,KOSPI,,2420,3,0,0.0,2390,2425,2385,26010,62536527,15688279200,6482760,STK,기타
2683,008500,KR7008500001,일정실업,KOSPI,,2555,1,115,4.71,2500,2650,2415,21473,54403822,15330000000,6000000,STK,기타
2686,00806K,KR700806K010,대덕1우,KOSPI,,12550,1,100,0.8,12320,12570,12020,10913,133819090,15215080350,1212357,STK,기타
2692,001755,KR7001751007,한양증권우,KOSPI,,28500,2,-450,-1.55,28900,29050,28050,943,26714450,14962500000,525000,STK,기타
2696,00781K,KR700781K015,코리아써키트2우B,KOSPI,,18690,2,-10,-0.05,18580,18700,18580,605,11282620,14647334310,783699,STK,기타
2706,140910,KR7140910001,에이리츠,KOSPI,,3130,0,0,0.0,0,0,0,0,0,13969290160,4463032,STK,기타
2715,33637L,KR733637K028,솔루스첨단소재2우B,KOSPI,,3470,2,-110,-3.07,3580,3595,3465,10250,35873905,13110687120,3778296,STK,기타
2728,004105,KR7004101002,태양금속우,KOSPI,,3825,2,-260,-6.36,4085,4185,3735,48331,186258335,12622500000,3300000,STK,기타
2734,004255,KR7004251005,NPC우,KOSPI,,2365,2,-40,-1.66,2355,2390,2350,5518,12999103,12487200000,5280000,STK,기타
2735,084695,KR7084691005,대상홀딩스우,KOSPI,,13640,2,-180,-1.3,13810,13810,13640,2554,34952450,12459894480,913482,STK,기타
2736,38380K,KR738380K012,LX홀딩스1우,KOSPI,,8500,1,20,0.24,8600,8600,8390,2150,18125710,12454922500,1465285,STK,기타
2740,012205,KR7012201000,계양전기우,KOSPI,,10400,4,2400,30.0,8080,10400,7960,851602,8617683715,12158421600,1169079,STK,기타
2742,145995,KR7145991006,삼양사우,KOSPI,,32700,2,-350,-1.06,32700,33100,32700,625,20514850,12101289000,370070,STK,기타
2746,001067,KR7001062009,JW중외제약2우B,KOSPI,,55100,2,-200,-0.36,55100,55100,55100,1,55100,11569512300,209973,STK,기타
2751,003075,KR7003071008,코오롱글로벌우,KOSPI,,15480,1,140,0.91,15590,15590,15270,118,1837120,11466608760,740737,STK,기타
2773,000225,KR7000221002,유유제약1우,KOSPI,,4395,2,-25,-0.57,4420,4465,4375,8064,35712110,9963157350,2266930,STK,기타
2779,145210,KR7145210001,다이나믹디자인,KOSPI,,224,0,0,0.0,0,0,0,0,0,9461013632,42236668,STK,기타
2784,004835,KR7004831004,덕성우,KOSPI,,6510,2,-50,-0.76,6560,6560,6220,11388,72505460,9061920000,1392000,STK,기타
2793,001065,KR7001061001,JW중외제약우,KOSPI,,25850,2,-250,-0.96,25650,25850,25600,122,3124900,8839433350,341951,STK,기타
2797,004985,KR7004981007,성신양회우,KOSPI,,11450,2,-170,-1.46,11620,11620,11270,8877,101192805,8423135250,735645,STK,기타
2802,009415,KR7009411000,태영건설우,KOSPI,,11850,2,-2520,-17.54,12940,12940,11850,126759,1563488410,7702191900,649974,STK,기타
2807,000325,KR7000321000,노루홀딩스우,KOSPI,,29950,1,50,0.17,30300,30300,29300,766,22447700,7294592050,243559,STK,기타
2809,26490K,KR726490K013,크라운제과우,KOSPI,,9250,2,-110,-1.18,9400,9400,9130,5212,48085010,7155430000,773560,STK,기타
2820,090355,KR7090351008,노루페인트우,KOSPI,,13150,1,100,0.77,13500,13500,13150,175,2323270,6090106900,463126,STK,기타
2829,000145,KR7000141002,하이트진로홀딩스우,KOSPI,,11400,1,10,0.09,11400,11400,11400,736,8390400,5367234000,470810,STK,기타
2830,000545,KR7000541003,흥국화재우,KOSPI,,6900,2,-20,-0.29,6970,6970,6840,819,5682180,5299200000,768000,STK,기타
2837,36328K,KR736328K013,티와이홀딩스우,KOSPI,,3985,2,-75,-1.85,4050,4050,3920,2451,9685190,4953410790,1243014,STK,기타
2843,007575,KR7007571003,일양약품우,KOSPI,,10160,2,-180,-1.74,10120,10160,10100,1788,18087550,4522012800,445080,STK,기타
2845,005745,KR7005741004,크라운해태홀딩스우,KOSPI,,7390,2,-40,-0.54,7430,7430,7260,596,4383110,4439365140,600726,STK,기타
2846,005965,KR7005961008,동부건설우,KOSPI,,19500,2,-300,-1.52,19770,19770,19450,1258,24603290,4401774000,225732,STK,기타
2848,014825,KR7014821003,동원시스템즈우,KOSPI,,16300,2,-100,-0.61,16350,16360,16300,1009,16486440,4305009300,264111,STK,기타
2849,002995,KR7002991008,금호건설우,KOSPI,,14650,2,-250,-1.68,14500,14700,14450,3626,52937540,4281696900,292266,STK,기타
2851,014285,KR7014281000,금강공업우,KOSPI,,7090,2,-380,-5.09,7480,7480,7080,2832,20121710,4182213750,589875,STK,기타
2852,008355,KR7008351009,남선알미우,KOSPI,,13350,2,-130,-0.96,13470,13470,13300,1245,16698250,4110331500,307890,STK,기타
2854,004545,KR7004541009,깨끗한나라우,KOSPI,,10430,1,170,1.66,10300,10430,10260,1537,15776840,3819048800,366160,STK,기타
2855,000227,KR7000222000,유유제약2우B,KOSPI,,10860,2,-20,-0.18,10880,10930,10860,1219,13320630,3535581600,325560,STK,기타
2857,002785,KR7002781003,진흥기업우B,KOSPI,,3520,3,0,0.0,3705,3705,3480,3906,13700320,3017407360,857218,STK,기타
2861,001525,KR7001521004,동양우,KOSPI,,4480,1,95,2.17,4435,4480,4430,1250,5579965,2767434880,617731,STK,기타
2863,014915,KR7014911002,성문전자우,KOSPI,,4455,2,-35,-0.78,4535,4535,4455,997,4457395,2673000000,600000,STK,기타
2864,004415,KR7004411005,서울식품우,KOSPI,,1193,0,0,0.0,0,0,0,0,0,2653828500,2224500,STK,기타
2865,011155,KR7011151008,CJ씨푸드1우,KOSPI,,13170,2,-70,-0.53,13320,13320,13020,350,4565330,2634000000,200000,STK,기타
2867,002787,KR7002782001,진흥기업2우B,KOSPI,,8470,0,0,0.0,0,0,0,0,0,2497023760,294808,STK,기타
2873,001527,KR7001522002,동양2우B,KOSPI,,7420,1,60,0.82,7430,7460,7420,112,833910,2289581980,308569,STK,기타
39,247540,KR7247540008,에코프로비엠,KOSDAQ GLOBAL,중견기업부,237500,1,2000,0.85,235500,243500,228000,527264,123748616250,23234728075000,97830434,KSQ,중견기업부
44,086520,KR7086520004,에코프로,KOSDAQ GLOBAL,중견기업부,154900,2,-4800,-3.01,158200,162000,151700,1237131,192246823100,21031725944800,135776152,KSQ,중견기업부
53,196170,KR7196170005,알테오젠,KOSDAQ GLOBAL,우량기업부,337000,2,-19500,-5.47,360500,362500,336500,414737,144495504250,18040905091000,53533843,KSQ,우량기업부
60,277810,KR7277810008,레인보우로보틱스,KOSDAQ,기술성장기업부,777000,1,80000,11.48,715000,808000,711000,662563,518726869500,15073689666000,19399858,KSQ,기술성장기업부
79,950160,KR8840120008,코오롱티슈진,KOSDAQ,외국기업(소속부없음),125500,1,10900,9.51,114900,138000,114900,1607364,205822902550,10634374275000,84736050,KSQ,외국기업(소속부없음)
86,000250,KR7000250001,삼천당제약,KOSDAQ,중견기업부,404500,1,5000,1.25,405000,425500,396000,155545,63697829750,9488547424000,23457472,KSQ,중견기업부
88,058470,KR7058470006,리노공업,KOSDAQ GLOBAL,우량기업부,111800,2,-1700,-1.5,111500,113200,109400,708048,78509128000,8520484830000,76211850,KSQ,우량기업부
95,028300,KR7028300002,HLB,KOSDAQ,중견기업부,57800,2,-1700,-2.86,59500,60100,57500,437846,25558665150,7696749785800,133161761,KSQ,중견기업부
98,298380,KR7298380007,에이비엘바이오,KOSDAQ,기술성장기업부,129400,1,3000,2.37,128200,131500,127600,385367,50097454600,7244777712200,55987463,KSQ,기술성장기업부
103,141080,KR7141080002,리가켐바이오,KOSDAQ GLOBAL,기술성장기업부,186700,1,4000,2.19,184500,197000,183400,419458,80242685550,6911525340600,37019418,KSQ,기술성장기업부
111,036930,KR7036930006,주성엔지니어링,KOSDAQ GLOBAL,우량기업부,139400,1,4300,3.18,132400,141800,127000,943598,128407869500,6479468267400,46481121,KSQ,우량기업부
112,240810,KR7240810002,원익IPS,KOSDAQ GLOBAL,우량기업부,131700,2,-1200,-0.9,131500,132000,127400,445946,57973825300,6464349761700,49083901,KSQ,우량기업부
118,087010,KR7087010005,펩트론,KOSDAQ,기술성장기업부,254500,2,-3000,-1.17,259000,265500,253000,92972,24018721000,5934265575000,23317350,KSQ,기술성장기업부
121,039030,KR7039030002,이오테크닉스,KOSDAQ GLOBAL,우량기업부,476500,1,13000,2.8,468000,480000,459000,68233,32155070500,5870265575000,12319550,KSQ,우량기업부
132,095340,KR7095340006,ISC,KOSDAQ GLOBAL,우량기업부,250500,1,3500,1.42,242000,252000,241500,139017,34519176750,5309863029000,21197058,KSQ,우량기업부
133,214370,KR7214370009,케어젠,KOSDAQ,벤처기업부,97300,2,-400,-0.41,97700,98900,93700,61643,5890535450,5226469500000,53715000,KSQ,벤처기업부
134,310210,KR7310210000,보로노이,KOSDAQ,기술성장기업부,282500,2,-12500,-4.24,299000,300000,280000,55477,15940351750,5198613307500,18402171,KSQ,기술성장기업부
136,108490,KR7108490004,로보티즈,KOSDAQ,기술성장기업부,332000,1,30000,9.93,315500,342500,313000,666446,220276934250,4866133296000,14657028,KSQ,기술성장기업부
138,440110,KR7440110005,파두,KOSDAQ,기술성장기업부,92200,1,8400,10.02,81900,94200,80000,2056252,184743877750,4618927449400,50096827,KSQ,기술성장기업부
139,403870,KR7403870009,HPSP,KOSDAQ GLOBAL,우량기업부,53600,2,-1100,-2.01,53900,55000,53100,1187810,64014392900,4411280000000,82300000,KSQ,우량기업부
141,222800,KR7222800005,심텍,KOSDAQ GLOBAL,중견기업부,115800,1,9300,8.73,103900,119800,102200,917040,105724086350,4324228844400,37342218,KSQ,중견기업부
145,319400,KR7319400008,현대무벡스,KOSDAQ,우량기업부,37600,1,6600,21.29,34450,39600,33450,17269097,644771518575,4187739066400,111376039,KSQ,우량기업부
148,178320,KR7178320008,서진시스템,KOSDAQ,중견기업부,66600,2,-1500,-2.2,68100,69500,65500,1209749,81035528650,3966090006600,59550901,KSQ,중견기업부
156,214150,KR7214150005,클래시스,KOSDAQ GLOBAL,우량기업부,55800,1,1900,3.53,55000,56700,54200,194328,10792877950,3640149772200,65235659,KSQ,우량기업부
157,145020,KR7145020004,휴젤,KOSDAQ GLOBAL,우량기업부,289000,1,29500,11.37,268500,298500,256000,228499,64480247250,3555865537000,12304033,KSQ,우량기업부
158,357780,KR7357780006,솔브레인,KOSDAQ GLOBAL,우량기업부,455500,2,-20500,-4.31,475000,475500,443000,53081,24029823250,3543136813000,7778566,KSQ,우량기업부
159,214450,KR7214450009,파마리서치,KOSDAQ GLOBAL,우량기업부,338500,1,6000,1.8,343500,360500,330500,324086,112074351000,3516895848000,10389648,KSQ,우량기업부
165,032820,KR7032820003,우리기술,KOSDAQ,벤처기업부,20100,2,-850,-4.06,20900,20950,19850,6363478,128241336830,3439035268200,171096282,KSQ,벤처기업부
166,010170,KR7010170009,대한광통신,KOSDAQ,중견기업부,21950,1,150,0.69,21350,24450,20600,63614688,1436608474975,3412910237000,155485660,KSQ,중견기업부
167,226950,KR7226950004,올릭스,KOSDAQ,기술성장기업부,167600,3,0,0.0,172000,178400,167500,205532,35635265900,3402377710800,20300583,KSQ,기술성장기업부
168,084370,KR7084370006,유진테크,KOSDAQ,우량기업부,148200,1,1300,0.88,142700,156600,140900,209985,31301677900,3396157424400,22916042,KSQ,우량기업부
169,263750,KR7263750002,펄어비스,KOSDAQ GLOBAL,우량기업부,52500,3,0,0.0,53500,54700,52000,327404,17295447950,3373012387500,64247855,KSQ,우량기업부
172,064760,KR7064760002,티씨케이,KOSDAQ GLOBAL,우량기업부,296500,1,500,0.17,290000,301500,288500,24943,7376496750,3314696844000,11179416,KSQ,우량기업부
173,237690,KR7237690003,에스티팜,KOSDAQ GLOBAL,우량기업부,155500,1,1700,1.11,155200,159800,154100,118172,18573263300,3241852648500,20847927,KSQ,우량기업부
184,347850,KR7347850000,디앤디파마텍,KOSDAQ,기술성장기업부,70600,1,400,0.57,71100,74400,70400,330278,24002060700,3092572778200,43804147,KSQ,기술성장기업부
186,043260,KR7043260009,성호전자,KOSDAQ,우량기업부,43250,1,1450,3.47,41800,46000,40400,2300930,99770536650,3067412094750,70922823,KSQ,우량기업부
187,005290,KR7005290002,동진쎄미켐,KOSDAQ,우량기업부,59200,2,-1800,-2.95,59300,59800,58150,369945,21767721350,3043738044800,51414494,KSQ,우량기업부
188,058610,KR7058610007,에스피지,KOSDAQ,우량기업부,136300,1,12100,9.74,129100,142300,128900,1394224,191329972400,3022774168000,22177360,KSQ,우량기업부
189,100790,KR7100790005,미래에셋벤처투자,KOSDAQ,우량기업부,56800,1,3200,5.97,52700,58000,52300,1568894,88100763950,3017479211200,53124634,KSQ,우량기업부
191,319660,KR7319660007,피에스케이,KOSDAQ GLOBAL,우량기업부,102700,2,-3800,-3.57,102600,109000,101700,199857,20896638300,2974881527800,28966714,KSQ,우량기업부
192,083650,KR7083650002,비에이치아이,KOSDAQ,우량기업부,94400,2,-5900,-5.88,98500,99900,93700,590949,56315335300,2921149000000,30944375,KSQ,우량기업부
194,0009K0,KR70009K0001,에임드바이오,KOSDAQ,기술성장기업부,44250,1,50,0.11,44800,45450,43950,99603,4424584375,2861698874250,64671161,KSQ,기술성장기업부
197,067310,KR7067310003,하나마이크론,KOSDAQ,중견기업부,42250,2,-200,-0.47,41350,43150,41300,860023,36249966550,2808113548500,66464226,KSQ,중견기업부
198,098460,KR7098460009,고영,KOSDAQ,우량기업부,40650,1,500,1.25,39650,41900,39600,2353868,96317600450,2790815790750,68654755,KSQ,우량기업부
203,257720,KR7257720003,실리콘투,KOSDAQ,우량기업부,45150,1,350,0.78,46000,46800,44300,605799,27462193800,2761911646200,61171908,KSQ,우량기업부
204,131970,KR7131970006,두산테스나,KOSDAQ GLOBAL,우량기업부,142900,1,8400,6.25,133400,146300,131200,291627,41425206200,2761862310200,19327238,KSQ,우량기업부
205,082920,KR7082920000,비츠로셀,KOSDAQ,우량기업부,59000,3,0,0.0,58800,59600,57800,415651,24484813600,2675029143000,45339477,KSQ,우량기업부
207,031980,KR7031980006,피에스케이홀딩스,KOSDAQ,우량기업부,123400,2,-2200,-1.75,123000,128200,119900,119995,14734952900,2660799543000,21562395,KSQ,우량기업부
211,218410,KR7218410009,RFHIC,KOSDAQ,우량기업부,98900,2,-1900,-1.88,98700,106600,97600,416416,42139948200,2626135413800,26553442,KSQ,우량기업부
212,030530,KR7030530000,원익홀딩스,KOSDAQ,중견기업부,33900,1,750,2.26,34100,35450,33550,1973681,68331477550,2618367555900,77237981,KSQ,중견기업부
214,140410,KR7140410002,메지온,KOSDAQ,투자주의환기종목(소속부없음),83900,2,-2500,-2.89,86400,88100,83000,182372,15417641300,2549902811300,30392167,KSQ,투자주의환기종목(소속부없음)
224,060370,KR7060370004,LS마린솔루션,KOSDAQ,우량기업부,46300,2,-800,-1.7,45950,48000,43700,439072,20396118100,2418658940200,52238854,KSQ,우량기업부
225,476830,KR7476830005,알지노믹스,KOSDAQ,기술성장기업부,171700,1,9900,6.12,163900,177200,162700,412565,71342778500,2392440671400,13933842,KSQ,기술성장기업부
229,068760,KR7068760008,셀트리온제약,KOSDAQ,우량기업부,53800,2,-1100,-2.0,55100,55200,53500,85143,4595868800,2388845461600,44402332,KSQ,우량기업부
232,323280,KR7323280008,태성,KOSDAQ,중견기업부,76700,2,-2700,-3.4,76800,77400,73100,206970,15674585400,2342263066000,30537980,KSQ,중견기업부
233,078600,KR7078600004,대주전자재료,KOSDAQ,우량기업부,149600,2,-1100,-0.73,150600,151600,146450,172712,25707169200,2323007500000,15528125,KSQ,우량기업부
241,089030,KR7089030001,테크윙,KOSDAQ,중견기업부,59100,2,-400,-0.67,57900,61400,57800,752210,44613316550,2189870419500,37053645,KSQ,중견기업부
247,140860,KR7140860008,파크시스템스,KOSDAQ GLOBAL,우량기업부,306000,2,-4000,-1.29,305000,312000,300000,31248,9507499500,2141252442000,6997557,KSQ,우량기업부
248,035900,KR7035900000,JYP Ent.,KOSDAQ GLOBAL,우량기업부,60000,1,100,0.17,60100,60400,59600,77870,4670793250,2131949520000,35532492,KSQ,우량기업부
250,041510,KR7041510009,에스엠,KOSDAQ GLOBAL,우량기업부,91500,2,-800,-0.87,92700,93000,91100,63899,5874612950,2094864135000,22894690,KSQ,우량기업부
253,347700,KR7347700007,스피어,KOSDAQ,기술성장기업부,41200,1,650,1.6,40950,41500,39850,385512,15624571800,2063677017600,50089248,KSQ,기술성장기업부
256,039200,KR7039200001,오스코텍,KOSDAQ,벤처기업부,50600,1,1500,3.05,49900,51700,48800,228957,11561635150,1935863705600,38258176,KSQ,벤처기업부
258,131290,KR7131290009,티에스이,KOSDAQ,우량기업부,173600,1,2600,1.52,169000,181600,167300,59492,10478770900,1920264074400,11061429,KSQ,우량기업부
260,099320,KR7099320004,쎄트렉아이,KOSDAQ,우량기업부,173600,1,5500,3.27,167400,174100,163300,90416,15159602950,1901141860800,10951278,KSQ,우량기업부
261,027360,KR7027360007,아주IB투자,KOSDAQ,중견기업부,15610,1,410,2.7,15200,15970,15010,4269829,66489909920,1891079787660,121145406,KSQ,중견기업부
262,080220,KR7080220007,제주반도체,KOSDAQ,우량기업부,54100,2,-1000,-1.81,53100,55900,53000,964235,52480235600,1863357265300,34442833,KSQ,우량기업부
263,101490,KR7101490001,에스앤에스텍,KOSDAQ,우량기업부,87200,2,-3800,-4.18,88900,90400,85800,253567,22133532300,1860401448800,21334879,KSQ,우량기업부
267,417200,KR7417200003,LS머트리얼즈,KOSDAQ,중견기업부,26700,2,-200,-0.74,26250,27350,26250,2294800,61674765450,1806325995300,67652659,KSQ,중견기업부
268,475830,KR7475830006,오름테라퓨틱,KOSDAQ,기술성장기업부,82700,2,-2800,-3.27,85700,88700,79700,151498,12976538850,1779151977500,21513325,KSQ,기술성장기업부
269,095610,KR7095610002,테스,KOSDAQ,우량기업부,91100,1,1900,2.13,86800,92700,86700,239535,21701918300,1763696000000,19360000,KSQ,우량기업부
270,232140,KR7232140004,와이씨,KOSDAQ,우량기업부,21400,2,-650,-2.95,21550,22200,21000,529351,11356209400,1755770490000,82045350,KSQ,우량기업부
274,437730,KR7437730005,삼현,KOSDAQ,기술성장기업부,53900,1,2600,5.07,53400,57400,53200,430027,23665920400,1709037861300,31707567,KSQ,기술성장기업부
276,189300,KR7189300007,인텔리안테크,KOSDAQ,우량기업부,157900,1,6600,4.36,148000,158000,143000,103627,15464100500,1695450776300,10737497,KSQ,우량기업부
280,038500,KR7038500005,삼표시멘트,KOSDAQ,우량기업부,15090,1,40,0.27,15050,15580,14650,1603472,24210236485,1628457057540,107916306,KSQ,우량기업부
283,491000,KR7491000006,리브스메드,KOSDAQ,기술성장기업부,64600,3,0,0.0,65100,67300,64400,162420,10658884750,1615283658600,25004391,KSQ,기술성장기업부
285,033790,KR7033790007,피노,KOSDAQ,중견기업부,19110,1,1630,9.32,17370,19110,16260,2951740,51092884825,1573360468680,82331788,KSQ,중견기업부
286,166090,KR7166090001,하나머티리얼즈,KOSDAQ GLOBAL,우량기업부,79300,2,-1300,-1.61,78000,80400,77300,85876,6747093900,1568369548200,19777674,KSQ,우량기업부
287,183300,KR7183300003,코미코,KOSDAQ GLOBAL,우량기업부,148800,1,3100,2.13,142100,153900,140900,92873,13740225600,1556549779200,10460684,KSQ,우량기업부
288,445680,KR7445680002,큐리옥스바이오시스템즈,KOSDAQ,기술성장기업부,90000,2,-900,-0.99,90900,94100,89400,57615,5258716800,1548292950000,17203255,KSQ,기술성장기업부
290,090710,KR7090710005,휴림로봇,KOSDAQ,중견기업부,12900,1,900,7.5,12340,13680,12340,26725644,349923114755,1540997841300,119457197,KSQ,중견기업부
291,065350,KR7065350001,신성델타테크,KOSDAQ,우량기업부,55900,1,900,1.64,54500,57300,53800,148159,8187980700,1536352693200,27483948,KSQ,우량기업부
293,397030,KR7397030008,에이프릴바이오,KOSDAQ,기술성장기업부,65100,1,6400,10.9,61400,69000,59500,632882,41962552400,1524240072600,23413826,KSQ,기술성장기업부
294,290650,KR7290650001,엘앤씨바이오,KOSDAQ,우량기업부,61300,1,900,1.49,60700,64800,60700,161938,10080070150,1523124961900,24847063,KSQ,우량기업부
295,458870,KR7458870003,씨어스,KOSDAQ,기술성장기업부,39300,2,-3850,-8.92,44100,44950,39000,511134,21092712650,1495747782000,38059740,KSQ,기술성장기업부
297,127120,KR7127120004,제이에스링크,KOSDAQ,벤처기업부,42950,1,1800,4.37,41000,47350,40550,415958,18619169825,1484941746450,34573731,KSQ,벤처기업부
299,085660,KR7085660009,차바이오텍,KOSDAQ,중견기업부,15820,2,-350,-2.16,16250,16430,15750,324414,5182620895,1470781413360,92969748,KSQ,중견기업부
302,281740,KR7281740001,레이크머티리얼즈,KOSDAQ,우량기업부,22050,2,-750,-3.29,22800,23100,21650,866311,19072383100,1449358583400,65730548,KSQ,우량기업부
304,003380,KR7003380003,하림지주,KOSDAQ GLOBAL,우량기업부,12810,1,40,0.31,12650,13180,12600,838074,10734998300,1434792005010,112005621,KSQ,우량기업부
308,195940,KR7195940002,HK이노엔,KOSDAQ GLOBAL,우량기업부,50000,2,-1000,-1.96,51300,51700,49900,102304,5156746100,1416494550000,28329891,KSQ,우량기업부
309,032500,KR7032500001,케이엠더블유,KOSDAQ,중견기업부,33450,1,800,2.45,34000,35550,32600,1031411,35069635400,1410080568750,42154875,KSQ,중견기업부
310,490470,KR7490470002,세미파이브,KOSDAQ,기술성장기업부,41200,2,-1550,-3.63,42000,43800,40600,974475,40661823975,1394982560000,33858800,KSQ,기술성장기업부
311,033100,KR7033100009,제룡전기,KOSDAQ,우량기업부,86800,2,-1400,-1.59,84800,89100,83500,604187,52094219400,1394217101200,16062409,KSQ,우량기업부
312,036540,KR7036540003,SFA반도체,KOSDAQ,중견기업부,8410,1,100,1.2,8110,8500,8100,2469230,20350455430,1383111148230,164460303,KSQ,중견기업부
315,036830,KR7036830008,솔브레인홀딩스,KOSDAQ GLOBAL,우량기업부,65300,2,-3800,-5.5,68100,68800,63300,254522,16504997250,1338909959300,20503981,KSQ,우량기업부
316,137400,KR7137400008,피엔티,KOSDAQ GLOBAL,우량기업부,56500,2,-200,-0.35,56700,57200,55200,122475,6838914300,1338526132000,23690728,KSQ,우량기업부
318,089970,KR7089970008,브이엠,KOSDAQ,우량기업부,53600,2,-4900,-8.38,56200,57400,53500,471984,25880738300,1327778932000,24771995,KSQ,우량기업부
319,124500,KR7124500000,아이티센글로벌,KOSDAQ,우량기업부,57000,2,-800,-1.38,56700,60500,55200,147728,8557035450,1322658039000,23204527,KSQ,우량기업부
322,420770,KR7420770000,기가비스,KOSDAQ,우량기업부,103300,2,-1700,-1.62,100700,104900,100200,62285,6349664300,1309405801400,12675758,KSQ,우량기업부
323,126340,KR7126340009,비나텍,KOSDAQ,벤처기업부,182000,2,-7800,-4.11,180400,189600,177100,137386,25013051000,1300122096000,7143528,KSQ,벤처기업부
324,222080,KR7222080004,씨아이에스,KOSDAQ GLOBAL,우량기업부,16680,1,380,2.33,16210,16835,16090,2834672,46811166890,1297372801920,77780144,KSQ,우량기업부
325,160190,KR7160190005,하이젠알앤엠,KOSDAQ,투자주의환기종목(소속부없음),41850,1,100,0.24,42750,44000,41800,194463,8302454050,1292662800000,30888000,KSQ,투자주의환기종목(소속부없음)
326,456160,KR7456160001,지투지바이오,KOSDAQ,기술성장기업부,78100,2,-600,-0.76,80100,82700,77900,280034,22446332650,1292192537900,16545359,KSQ,기술성장기업부
327,052020,KR7052020005,에스티큐브,KOSDAQ,투자주의환기종목(소속부없음),18970,2,-30,-0.16,19060,19750,18780,226610,4325094495,1289643030270,67983291,KSQ,투자주의환기종목(소속부없음)
329,466100,KR7466100005,클로봇,KOSDAQ,기술성장기업부,50100,1,1600,3.3,51000,52700,49450,597567,30457413200,1275507873900,25459239,KSQ,기술성장기업부
330,096530,KR7096530001,씨젠,KOSDAQ,우량기업부,24400,1,400,1.67,24700,25050,24100,257169,6313326350,1274314253600,52225994,KSQ,우량기업부
331,161580,KR7161580006,필옵틱스,KOSDAQ,중견기업부,54300,2,-3900,-6.7,56000,56400,52800,606114,32986507550,1272914012100,23442247,KSQ,중견기업부
332,048410,KR7048410005,현대바이오,KOSDAQ,중견기업부,13170,2,-410,-3.02,13610,14250,13100,1465990,20009014810,1270978383240,96505572,KSQ,중견기업부
334,213420,KR7213420003,덕산네오룩스,KOSDAQ GLOBAL,우량기업부,50900,2,-800,-1.55,51200,52700,50200,108590,5541704300,1263907011100,24831179,KSQ,우량기업부
335,388210,KR7388210007,씨엠티엑스,KOSDAQ,벤처기업부,131600,2,-100,-0.08,130600,134500,129500,67785,8915849950,1258745840800,9564938,KSQ,벤처기업부
340,007390,KR7007390008,네이처셀,KOSDAQ,중견기업부,19060,1,20,0.11,19480,19490,19040,174639,3354423465,1228132167360,64435056,KSQ,중견기업부
345,388720,KR7388720005,유일로보틱스,KOSDAQ,벤처기업부,102200,1,3600,3.65,101000,103500,100000,86431,8809326250,1204053459000,11781345,KSQ,벤처기업부
348,115180,KR7115180002,큐리언트,KOSDAQ,벤처기업부,31650,2,-150,-0.47,32650,33450,31550,90314,2903692125,1180702838550,37304987,KSQ,벤처기업부
349,204270,KR7204270003,제이앤티씨,KOSDAQ,중견기업부,20400,2,-400,-1.92,20300,20900,19890,210354,4264294475,1180108706400,57848466,KSQ,중견기업부
355,056190,KR7056190002,에스에프에이,KOSDAQ GLOBAL,우량기업부,31800,3,0,0.0,31400,32150,31300,79080,2514492375,1141898568000,35908760,KSQ,우량기업부
358,014620,KR7014620009,성광벤드,KOSDAQ,우량기업부,41900,2,-5050,-10.76,46000,46500,41100,299415,12824981125,1112753551600,26557364,KSQ,우량기업부
361,035760,KR7035760008,CJ ENM,KOSDAQ GLOBAL,중견기업부,50300,2,-1000,-1.95,51600,52200,49900,104993,5289148125,1103036446200,21929154,KSQ,중견기업부
364,050890,KR7050890003,쏠리드,KOSDAQ,우량기업부,18120,2,-730,-3.87,18510,20100,18000,8802966,167799029650,1100908396080,60756534,KSQ,우량기업부
365,199800,KR7199800004,툴젠,KOSDAQ,기술성장기업부,122400,1,3900,3.29,125000,129800,120800,68284,8603347150,1100844669600,8993829,KSQ,기술성장기업부
366,376900,KR7376900007,로킷헬스케어,KOSDAQ,기술성장기업부,69900,1,1500,2.19,68800,72500,67000,184719,13012139850,1100137856100,15738739,KSQ,기술성장기업부
370,083450,KR7083450007,GST,KOSDAQ,우량기업부,58400,1,400,0.69,56600,59300,56100,215125,12423069050,1076312000000,18430000,KSQ,우량기업부
373,094170,KR7094170008,동운아나텍,KOSDAQ,우량기업부,51100,1,2200,4.5,48700,51900,48400,159136,8039008575,1068497729600,20909936,KSQ,우량기업부
377,295310,KR7295310007,에이치브이엠,KOSDAQ,기술성장기업부,87700,1,4600,5.54,84000,87800,81700,104980,8878618200,1054793420700,12027291,KSQ,기술성장기업부
379,293490,KR7293490009,카카오게임즈,KOSDAQ GLOBAL,중견기업부,11710,1,260,2.27,11450,11800,11450,246669,2877483045,1051404727810,89786911,KSQ,중견기업부
380,074600,KR7074600008,원익QnC,KOSDAQ GLOBAL,우량기업부,39750,1,150,0.38,38600,40000,38350,224339,8826470775,1044948000000,26288000,KSQ,우량기업부
381,086450,KR7086450004,동국제약,KOSDAQ GLOBAL,우량기업부,23100,2,-200,-0.86,23700,23700,23000,130722,3036962650,1044822702000,45230420,KSQ,우량기업부
384,023160,KR7023160005,태광,KOSDAQ,우량기업부,40100,2,-5150,-11.38,44900,45000,39800,582459,23934623075,1037276404200,25867242,KSQ,우량기업부
386,078160,KR7078160009,메디포스트,KOSDAQ,벤처기업부,26350,2,-50,-0.19,26750,28000,26200,230118,6210920000,1033041289050,39204603,KSQ,벤처기업부
387,044490,KR7044490001,태웅,KOSDAQ,우량기업부,51400,2,-2400,-4.46,53000,54200,50700,157593,8185469800,1028379383400,20007381,KSQ,우량기업부
390,056080,KR7056080005,유진로봇,KOSDAQ,중견기업부,27000,1,1500,5.88,26150,28050,26150,1224546,33391328625,1012828104000,37512152,KSQ,중견기업부
391,046890,KR7046890000,서울반도체,KOSDAQ GLOBAL,중견기업부,17330,1,710,4.27,16160,17430,16160,1437082,24645446990,1010432582000,58305400,KSQ,중견기업부
395,121600,KR7121600001,나노신소재,KOSDAQ,우량기업부,79900,2,-1900,-2.32,81600,82500,78800,77470,6186591700,979069910900,12253691,KSQ,우량기업부
396,356860,KR7356860007,티엘비,KOSDAQ,우량기업부,99500,1,4200,4.41,92500,104100,92500,223450,22335852900,978346685000,9832630,KSQ,우량기업부
398,327260,KR7327260006,RF머트리얼즈,KOSDAQ,벤처기업부,114200,2,-5300,-4.44,116900,118400,109000,256483,28798969350,970144417000,8495135,KSQ,벤처기업부
401,253450,KR7253450001,스튜디오드래곤,KOSDAQ GLOBAL,우량기업부,32000,2,-1800,-5.33,33800,34200,31500,213537,6883004575,961871936000,30058498,KSQ,우량기업부
403,082270,KR7082270000,젬백스,KOSDAQ,벤처기업부,21400,1,200,0.94,21800,22650,20800,171095,3682386050,947360944200,44269203,KSQ,벤처기업부
404,348370,KR7348370008,엔켐,KOSDAQ,중견기업부,42950,2,-200,-0.46,42800,43800,42000,166848,7129360950,941077149350,21910993,KSQ,중견기업부
406,053610,KR7053610002,프로텍,KOSDAQ,우량기업부,85500,1,4700,5.82,79800,93500,79400,183613,16032546050,940500000000,11000000,KSQ,우량기업부
407,122870,KR7122870009,와이지엔터테인먼트,KOSDAQ,우량기업부,50100,2,-200,-0.4,50300,51100,49600,103162,5181810825,936421554900,18691049,KSQ,우량기업부
409,365340,KR7365340009,성일하이텍,KOSDAQ,기술성장기업부,75900,2,-1800,-2.32,78400,78500,74800,42447,3221675000,931498005900,12272701,KSQ,기술성장기업부
410,358570,KR7358570000,지아이이노베이션,KOSDAQ,기술성장기업부,14410,2,-310,-2.11,14870,15210,14390,392604,5765762520,925661654500,64237450,KSQ,기술성장기업부
411,006730,KR7006730006,서부T&D,KOSDAQ,우량기업부,14160,2,-130,-0.91,14220,14550,14010,412983,5845767420,919365229680,64926923,KSQ,우량기업부
412,032190,KR7032190001,다우데이타,KOSDAQ,우량기업부,24000,1,300,1.27,23700,24250,23450,89387,2133794150,919200000000,38300000,KSQ,우량기업부
413,171090,KR7171090004,선익시스템,KOSDAQ,우량기업부,90700,3,0,0.0,90200,92100,87900,55718,5013406100,916308178200,10102626,KSQ,우량기업부
415,476060,KR7476060009,온코닉테라퓨틱스,KOSDAQ,기술성장기업부,20100,2,-350,-1.71,20900,21000,20050,225549,4584903325,912697584000,45407840,KSQ,기술성장기업부
418,036810,KR7036810000,에프에스티,KOSDAQ,중견기업부,41900,2,-950,-2.22,42350,43450,41500,93970,3955920775,907126159100,21649789,KSQ,중견기업부
422,174900,KR7174900001,앱클론,KOSDAQ,벤처기업부,44250,2,-400,-0.9,45100,47200,44200,226396,10309441900,881703817500,19925510,KSQ,벤처기업부
424,009520,KR7009520008,포스코엠텍,KOSDAQ GLOBAL,중견기업부,20950,2,-250,-1.18,21150,21150,20500,214325,4449257900,872414627850,41642703,KSQ,중견기업부
425,052400,KR7052400009,코나아이,KOSDAQ,우량기업부,59700,1,1600,2.75,59000,60500,57200,125667,7408267050,869428472700,14563291,KSQ,우량기업부
426,031330,KR7031330004,에스에이엠티,KOSDAQ,우량기업부,8630,1,570,7.07,7990,8720,7870,1865588,15626279970,862957428210,99995067,KSQ,우량기업부
427,0011T0,KR70011T0008,채비,KOSDAQ,기술성장기업부,18280,1,740,4.22,18070,19780,17700,8981695,169712864970,855234918400,46785280,KSQ,기술성장기업부
431,448900,KR7448900001,한국피아이엠,KOSDAQ,기술성장기업부,137900,1,16900,13.97,130800,143900,126200,595245,80465685750,837667620300,6074457,KSQ,기술성장기업부
433,102940,KR7102940004,코오롱생명과학,KOSDAQ,중견기업부,63350,1,2050,3.34,61400,67500,61400,107585,7018988450,829289700050,13090603,KSQ,중견기업부
435,077360,KR7077360006,덕산하이메탈,KOSDAQ,벤처기업부,18190,2,-590,-3.14,18380,18870,17860,650210,11912288400,826499066380,45437002,KSQ,벤처기업부
436,399720,KR7399720002,가온칩스,KOSDAQ,벤처기업부,69700,2,-1800,-2.52,69500,71500,68500,93307,6519932400,825167426800,11838844,KSQ,벤처기업부
439,241710,KR7241710003,코스메카코리아,KOSDAQ,우량기업부,77000,1,400,0.52,78100,78900,75500,48665,3727586400,822360000000,10680000,KSQ,우량기업부
440,252990,KR7252990007,샘씨엔에스,KOSDAQ,우량기업부,13580,2,-400,-2.86,13870,14170,13400,736582,9998085870,817758932620,60217889,KSQ,우량기업부
441,348340,KR7348340001,뉴로메카,KOSDAQ,기술성장기업부,66100,1,3600,5.76,63900,68700,63800,690330,46180159950,817138181100,12362151,KSQ,기술성장기업부
443,084110,KR7084110006,휴온스글로벌,KOSDAQ,우량기업부,64300,1,4400,7.35,58600,65300,57200,122311,7563032150,814025911600,12659812,KSQ,우량기업부
444,425420,KR7425420007,티에프이,KOSDAQ,우량기업부,65900,2,-600,-0.9,65500,66400,63600,138994,9005781700,813679227900,12347181,KSQ,우량기업부
445,059090,KR7059090001,미코,KOSDAQ,벤처기업부,24050,2,-800,-3.22,23700,25000,23500,447550,10780239750,803673510900,33416778,KSQ,벤처기업부
446,033500,KR7033500000,동성화인텍,KOSDAQ,우량기업부,26700,2,-1200,-4.3,27900,27950,26100,256196,6806681450,800719489800,29989494,KSQ,우량기업부
447,102710,KR7102710001,이엔에프테크놀로지,KOSDAQ,우량기업부,55400,2,-2400,-4.15,56200,56800,54100,104560,5766140650,791546114400,14287836,KSQ,우량기업부
452,112040,KR7112040001,위메이드,KOSDAQ,중견기업부,22900,3,0,0.0,23000,23400,22800,76824,1770661425,777420260700,33948483,KSQ,중견기업부
453,253590,KR7253590004,네오셈,KOSDAQ,우량기업부,17710,2,-380,-2.1,17800,18080,17270,1088458,19100700980,776922894440,43869164,KSQ,우량기업부
456,086900,KR7086900008,메디톡스,KOSDAQ,우량기업부,103900,1,800,0.78,103300,104800,102400,24494,2535605900,758313838300,7298497,KSQ,우량기업부
457,060250,KR7060250008,NHN KCP,KOSDAQ,우량기업부,18880,2,-70,-0.37,18850,19260,18410,343422,6439246300,758232335680,40160611,KSQ,우량기업부
460,033640,KR7033640004,네패스,KOSDAQ,중견기업부,32600,2,-150,-0.46,32750,33650,31300,291845,9414276125,751729985200,23059202,KSQ,중견기업부
461,272290,KR7272290008,이녹스첨단소재,KOSDAQ GLOBAL,우량기업부,37700,2,-550,-1.44,38350,38500,36750,413413,15508877725,751644089300,19937509,KSQ,우량기업부
463,348210,KR7348210006,넥스틴,KOSDAQ GLOBAL,우량기업부,70900,2,-700,-0.98,70400,71500,69700,36504,2579279550,742819654500,10477005,KSQ,우량기업부
465,225570,KR7225570001,넥슨게임즈,KOSDAQ,중견기업부,11200,1,20,0.18,11190,11240,11020,83471,929026455,737633948800,65860174,KSQ,중견기업부
466,278280,KR7278280003,천보,KOSDAQ,중견기업부,60400,2,-1900,-3.05,61700,62000,59600,62848,3787701050,735283024000,12173560,KSQ,중견기업부
468,015750,KR7015750003,성우하이텍,KOSDAQ,우량기업부,9130,1,210,2.35,9000,9300,8770,1393023,12705102015,730400000000,80000000,KSQ,우량기업부
469,053800,KR7053800009,안랩,KOSDAQ,우량기업부,65500,1,800,1.24,65700,66400,64800,43432,2848744850,728786143000,11126506,KSQ,우량기업부
470,025980,KR7025980004,아난티,KOSDAQ,우량기업부,7460,2,-120,-1.58,7430,7580,7400,797982,5970648430,725865385400,97300990,KSQ,우량기업부
472,368770,KR7368770004,파이버프로,KOSDAQ,벤처기업부,22050,1,1000,4.75,21100,22400,20200,778730,16520818000,724435661250,32854225,KSQ,벤처기업부
475,475960,KR7475960001,토모큐브,KOSDAQ,기술성장기업부,53600,2,-3200,-5.63,57300,57300,52700,181955,9851193850,717343486400,13383274,KSQ,기술성장기업부
477,486990,KR7486990005,노타,KOSDAQ,기술성장기업부,33500,2,-1950,-5.5,34600,34900,33000,652602,21902624425,715098705000,21346230,KSQ,기술성장기업부
478,389470,KR7389470006,인벤티지랩,KOSDAQ,기술성장기업부,53600,2,-2100,-3.77,56000,58700,53300,75146,4162833150,711664084000,13277315,KSQ,기술성장기업부
482,336570,KR7336570007,원텍,KOSDAQ,우량기업부,7860,1,830,11.81,7090,7870,7020,2363910,17975012370,704103877560,89580646,KSQ,우량기업부
483,006910,KR7006910004,보성파워텍,KOSDAQ,우량기업부,14260,2,-1340,-8.59,15130,15240,14000,5152164,74436975320,700591290240,49129824,KSQ,우량기업부
486,089890,KR7089890008,코세스,KOSDAQ,우량기업부,42050,2,-600,-1.41,41150,44950,41100,146240,6308216675,697397652100,16584962,KSQ,우량기업부
488,041960,KR7041960006,코미팜,KOSDAQ,벤처기업부,9400,1,130,1.4,9300,9590,9260,150874,1414809820,694533053000,73886495,KSQ,벤처기업부
489,125490,KR7125490003,한라캐스트,KOSDAQ,벤처기업부,18970,1,2140,12.72,17220,19780,17220,12314795,230382138950,692449617440,36502352,KSQ,벤처기업부
490,089010,KR7089010003,켐트로닉스,KOSDAQ,우량기업부,41250,2,-1850,-4.29,41600,42250,40000,402503,16533994475,691763613750,16770027,KSQ,우량기업부
491,090360,KR7090360009,로보스타,KOSDAQ,중견기업부,70900,1,2500,3.65,69800,71900,69400,145478,10325320700,691275000000,9750000,KSQ,중견기업부
495,200710,KR7200710002,에이디테크놀로지,KOSDAQ,중견기업부,51100,2,-1300,-2.48,50800,53000,50200,178672,9112718400,687908557700,13462007,KSQ,중견기업부
496,372320,KR7372320002,큐로셀,KOSDAQ,기술성장기업부,45100,2,-2000,-4.25,49050,49200,45050,224649,10401494225,685018578200,15188882,KSQ,기술성장기업부
497,376300,KR7376300000,디어유,KOSDAQ,우량기업부,28850,2,-200,-0.69,29600,29600,28550,124832,3613139300,684853013100,23738406,KSQ,우량기업부
499,460930,KR7460930001,현대힘스,KOSDAQ,우량기업부,19080,2,-570,-2.9,19420,19590,19000,185181,3552665675,677543602680,35510671,KSQ,우량기업부
502,024850,KR7024850000,HLB이노베이션,KOSDAQ,중견기업부,21100,2,-1850,-8.06,22750,23450,20700,423273,9084453325,669369732400,31723684,KSQ,중견기업부
504,214430,KR7214430001,아이쓰리시스템,KOSDAQ,우량기업부,91000,2,-6700,-6.86,98500,98600,90600,68495,6351542250,664956565000,7307215,KSQ,우량기업부
505,033160,KR7033160003,엠케이전자,KOSDAQ,중견기업부,27600,1,1250,4.74,25650,28200,25500,604062,16563301650,663897576000,24054260,KSQ,중견기업부
508,138080,KR7138080007,오이솔루션,KOSDAQ,벤처기업부,53400,2,-600,-1.11,52800,54700,50200,993471,52213347900,660972277200,12377758,KSQ,벤처기업부
509,383310,KR7383310000,에코프로에이치엔,KOSDAQ,우량기업부,31300,2,-550,-1.73,31750,32400,30800,152697,4760364350,656515371600,20974932,KSQ,우량기업부
511,101930,KR7101930006,인화정공,KOSDAQ,우량기업부,14120,2,-830,-5.55,14300,14550,13400,127318,1791456220,651841469200,46164410,KSQ,우량기업부
513,060280,KR7060280005,큐렉소,KOSDAQ,중견기업부,15670,1,600,3.98,15240,15870,15070,726092,11201575165,646540909300,41259790,KSQ,중견기업부
517,067160,KR7067160002,SOOP,KOSDAQ GLOBAL,우량기업부,55700,1,1400,2.58,54400,56900,54400,71263,3966088850,640258521900,11494767,KSQ,우량기업부
520,493280,KR7493280002,아이엠바이오로직스,KOSDAQ,기술성장기업부,43150,2,-900,-2.04,44200,46050,42500,65145,2840849125,638794671200,14804048,KSQ,기술성장기업부
523,035890,KR7035890003,서희건설,KOSDAQ,중견기업부,2765,1,60,2.22,2675,2770,2505,4122828,10850045719,635420383605,229808457,KSQ,중견기업부
528,042000,KR7042000000,카페24,KOSDAQ,우량기업부,25900,2,-100,-0.38,26350,26500,25550,54733,1420333900,628154098600,24253054,KSQ,우량기업부
529,119850,KR7119850006,지엔씨에너지,KOSDAQ,우량기업부,37850,1,900,2.44,37250,39500,37000,560437,21547512300,622591205650,16448909,KSQ,우량기업부
530,317330,KR7317330009,덕산테코피아,KOSDAQ,중견기업부,30400,2,-850,-2.72,30300,30850,28900,353084,10452426775,622488153600,20476584,KSQ,중견기업부
532,290550,KR7290550003,디케이티,KOSDAQ,우량기업부,30900,1,2200,7.67,28600,31400,28100,641497,19589980175,618038007000,20001230,KSQ,우량기업부
533,104830,KR7104830005,원익머트리얼즈,KOSDAQ,우량기업부,49000,2,-3800,-7.2,52300,52300,48650,114747,5712015850,617792000000,12608000,KSQ,우량기업부
535,045100,KR7045100005,한양이엔지,KOSDAQ,우량기업부,35000,1,800,2.34,33100,36200,32800,266044,9347050375,612500000000,17500000,KSQ,우량기업부
539,092190,KR7092190008,서울바이오시스,KOSDAQ,투자주의환기종목(소속부없음),13090,1,980,8.09,12410,14500,11140,4802249,63567771165,600417133470,45868383,KSQ,투자주의환기종목(소속부없음)
543,099190,KR7099190001,아이센스,KOSDAQ,중견기업부,20600,2,-550,-2.6,20700,21300,20250,73952,1528073425,591246965400,28701309,KSQ,중견기업부
544,037460,KR7037460003,삼지전자,KOSDAQ,우량기업부,36150,2,-600,-1.63,36400,37350,35050,108729,3913223125,589914570300,16318522,KSQ,우량기업부
548,328130,KR7328130000,루닛,KOSDAQ,기술성장기업부,19940,2,-910,-4.36,21000,21100,19710,312798,6285791050,583932969880,29284502,KSQ,기술성장기업부
550,039440,KR7039440003,에스티아이,KOSDAQ,우량기업부,37400,2,-1150,-2.98,37100,38400,37000,160839,6045529375,579963557800,15507047,KSQ,우량기업부
551,025900,KR7025900002,동화기업,KOSDAQ GLOBAL,중견기업부,11320,2,-590,-4.95,11810,11810,11150,194644,2209188300,572308466200,50557285,KSQ,중견기업부
553,019210,KR7019210004,와이지-원,KOSDAQ,우량기업부,15360,2,-810,-5.01,16050,16140,15240,495928,7667201765,571295662080,37193728,KSQ,우량기업부
554,107640,KR7107640005,한중엔시에스,KOSDAQ,기술성장기업부,62900,2,-1100,-1.72,63800,64400,62300,84075,5296339400,570185103400,9064946,KSQ,기술성장기업부
557,018290,KR7018290007,브이티,KOSDAQ,우량기업부,16200,1,30,0.19,16750,16810,16110,141903,2316546125,566057775600,34941838,KSQ,우량기업부
559,468530,KR7468530001,프로티나,KOSDAQ,기술성장기업부,51500,2,-300,-0.58,52000,54000,50500,70501,3663383300,563383220000,10939480,KSQ,기술성장기업부
560,080580,KR7080580004,오킨스전자,KOSDAQ,벤처기업부,26700,1,1000,3.89,25000,27450,25000,788768,20828535450,563128498500,21090955,KSQ,벤처기업부
561,393890,KR7393890009,더블유씨피,KOSDAQ GLOBAL,기술성장기업부,16430,2,-1650,-9.13,18080,18550,16220,1374806,23079120960,556042855920,33843144,KSQ,기술성장기업부
562,064260,KR7064260003,다날,KOSDAQ,중견기업부,7350,2,-150,-2.0,7430,7460,7200,1669068,12231213195,555994108950,75645457,KSQ,중견기업부
563,041190,KR7041190000,우리기술투자,KOSDAQ,우량기업부,6590,2,-120,-1.79,6710,6760,6500,669828,4422955255,553560000000,84000000,KSQ,우량기업부
564,036620,KR7036620003,감성코퍼레이션,KOSDAQ,우량기업부,6090,2,-90,-1.46,6130,6210,5930,358139,2167325415,551167965390,90503771,KSQ,우량기업부
566,122640,KR7122640006,예스티,KOSDAQ,벤처기업부,25700,2,-750,-2.84,26100,27000,25350,157416,4074221850,548690399700,21349821,KSQ,벤처기업부
569,047920,KR7047920004,HLB제약,KOSDAQ,기술성장기업부,16430,2,-320,-1.91,16760,16870,16330,81581,1343696615,538893419080,32799356,KSQ,기술성장기업부
570,093320,KR7093320000,케이아이엔엑스,KOSDAQ,우량기업부,109950,1,2250,2.09,107700,111700,106300,13206,1445821650,536556000000,4880000,KSQ,우량기업부
574,488900,KR7488900002,비츠로넥스텍,KOSDAQ,기술성장기업부,18360,2,-360,-1.92,18510,19010,17740,131593,2382766545,532007493480,28976443,KSQ,기술성장기업부
578,187660,KR7187660006,페니트리움바이오,KOSDAQ,중견기업부,9500,2,-270,-2.76,9780,10260,9400,1140203,11149464325,526929403500,55466253,KSQ,중견기업부
579,101160,KR7101160000,월덱스,KOSDAQ,우량기업부,31850,2,-1100,-3.34,32250,32600,31450,85916,2743409850,525875127050,16510993,KSQ,우량기업부
581,079370,KR7079370003,제우스,KOSDAQ,우량기업부,16830,1,300,1.81,16490,17020,16260,432235,7184480645,522015941700,31016990,KSQ,우량기업부
582,025320,KR7025320003,시노펙스,KOSDAQ,우량기업부,5650,2,-100,-1.74,5750,5790,5610,459014,2598660625,520672941950,92154503,KSQ,우량기업부
584,211050,KR7211050000,인카금융서비스,KOSDAQ,우량기업부,10550,1,480,4.77,10050,10660,10050,96181,1003652320,519731581350,49263657,KSQ,우량기업부
586,041830,KR7041830001,인바디,KOSDAQ,우량기업부,38500,4,8850,29.85,36300,38500,35450,203189,7684278350,519013957000,13480882,KSQ,우량기업부
587,251970,KR7251970000,펌텍코리아,KOSDAQ,우량기업부,41850,1,1450,3.59,40500,42200,40500,31490,1307052350,518940000000,12400000,KSQ,우량기업부
588,332570,KR7332570001,PS일렉트로닉스,KOSDAQ,우량기업부,10950,1,860,8.52,10150,12060,9990,14321656,161173509670,517551936150,47265017,KSQ,우량기업부
589,394280,KR7394280002,오픈엣지테크놀로지,KOSDAQ,기술성장기업부,19640,2,-1110,-5.35,20000,20350,19420,330789,6538210580,517445849200,26346530,KSQ,기술성장기업부
590,168360,KR7168360006,펨트론,KOSDAQ,벤처기업부,23800,2,-50,-0.21,23450,24900,23300,189606,4527449950,516640094600,21707567,KSQ,벤처기업부
592,287840,KR7287840003,인투셀,KOSDAQ,기술성장기업부,34250,2,-400,-1.15,34900,37000,34250,54076,1917508150,514502130000,15021960,KSQ,기술성장기업부
593,036170,KR7036170009,에이치엠넥스,KOSDAQ,중견기업부,8380,1,400,5.01,8300,10240,8200,8184086,76789438600,514243945880,61365626,KSQ,중견기업부
594,354320,KR7354320004,알멕,KOSDAQ,기술성장기업부,79800,3,0,0.0,81000,81100,75800,122420,9518798600,510032203800,6391381,KSQ,기술성장기업부
595,013030,KR7013030002,하이록코리아,KOSDAQ,우량기업부,43250,2,-850,-1.93,44050,44050,41300,126986,5387134275,508972228000,11768144,KSQ,우량기업부
597,0001A0,KR70001A0001,덕양에너젠,KOSDAQ,중견기업부,20400,2,-100,-0.49,20800,21450,19630,566044,11643479420,505740378000,24791195,KSQ,중견기업부
598,034950,KR7034950006,한국기업평가,KOSDAQ,우량기업부,111300,1,500,0.45,113400,113400,109000,2490,276637700,505359208200,4540514,KSQ,우량기업부
600,069540,KR7069540003,빛과전자,KOSDAQ,벤처기업부,5150,1,30,0.59,5200,5450,5020,6313214,33062411345,504192925850,97901539,KSQ,벤처기업부
602,230240,KR7230240004,에치에프알,KOSDAQ,중견기업부,37700,2,-250,-0.66,37700,38450,36350,450214,16806471900,501749300000,13309000,KSQ,중견기업부
603,042370,KR7042370007,비츠로테크,KOSDAQ,우량기업부,19100,2,-430,-2.2,19530,19710,18340,756671,14318192655,500420477500,26200025,KSQ,우량기업부
605,230360,KR7230360000,에코마케팅,KOSDAQ,우량기업부,16000,3,0,0.0,16000,16010,16000,32282,516512165,495980128000,30998758,KSQ,우량기업부
606,376270,KR7376270005,HEM파마,KOSDAQ,기술성장기업부,68900,1,7400,12.03,61100,71000,61100,83478,5682523000,495128284300,7186187,KSQ,기술성장기업부
608,078130,KR7078130002,국일제지,KOSDAQ,중견기업부,436,0,0,0.0,0,0,0,0,0,491548959756,1127405871,KSQ,중견기업부
609,078350,KR7078350006,한양디지텍,KOSDAQ,우량기업부,32200,2,-1150,-3.45,32400,33500,31550,227116,7315355525,490869100400,15244382,KSQ,우량기업부
610,215200,KR7215200007,메가스터디교육,KOSDAQ GLOBAL,우량기업부,47300,1,2600,5.82,44800,47950,44650,31993,1490542250,490274716800,10365216,KSQ,우량기업부
611,098070,KR7098070006,한텍,KOSDAQ,중견기업부,44050,2,-1600,-3.5,44850,44850,43100,60134,2628263000,489886261050,11121141,KSQ,중견기업부
612,030520,KR7030520001,한글과컴퓨터,KOSDAQ GLOBAL,우량기업부,20250,1,200,1.0,20100,20350,19910,91282,1828591270,489639816000,24179744,KSQ,우량기업부
613,234340,KR7234340008,헥토파이낸셜,KOSDAQ,우량기업부,35000,1,1050,3.09,33250,36150,32600,797448,27332101400,488972960000,13970656,KSQ,우량기업부
615,424870,KR7424870004,이뮨온시아,KOSDAQ,기술성장기업부,6550,2,-230,-3.39,6710,6780,6530,140353,926099715,487083079950,74363829,KSQ,기술성장기업부
617,330860,KR7330860008,네패스아크,KOSDAQ,중견기업부,39950,1,1550,4.04,37950,40850,37000,273200,10814659400,486752597750,12184045,KSQ,중견기업부
618,092870,KR7092870005,엑시콘,KOSDAQ,우량기업부,37250,2,-800,-2.1,37050,38450,36500,210407,7883212925,486142188250,13050797,KSQ,우량기업부
620,067630,KR7067630004,HLB생명과학,KOSDAQ,투자주의환기종목(소속부없음),3970,2,-70,-1.73,4040,4045,3900,326687,1292168587,484010720260,121917058,KSQ,투자주의환기종목(소속부없음)
621,389500,KR7389500000,에스비비테크,KOSDAQ,기술성장기업부,72500,1,4600,6.77,72300,75800,70500,544709,40020805350,482519907500,6655447,KSQ,기술성장기업부
622,484590,KR7484590005,삼양컴텍,KOSDAQ,벤처기업부,11700,2,-190,-1.6,12010,12090,11560,186493,2181436880,482162265000,41210450,KSQ,벤처기업부
625,114810,KR7114810005,한솔아이원스,KOSDAQ,우량기업부,16730,2,-320,-1.88,16720,17030,16540,219517,3672902740,478363801020,28593174,KSQ,우량기업부
628,117730,KR7117730002,티로보틱스,KOSDAQ,벤처기업부,21150,1,750,3.68,21250,21700,20850,238115,5058390175,477102609450,22558043,KSQ,벤처기업부
629,215600,KR7215600008,신라젠,KOSDAQ,중견기업부,3435,1,70,2.08,3370,3480,3345,748451,2566037369,475931492340,138553564,KSQ,중견기업부
631,425040,KR7425040003,티이엠씨,KOSDAQ,우량기업부,22250,2,-100,-0.45,22350,23350,21650,1189162,26640956700,474572074500,21329082,KSQ,우량기업부
632,340570,KR7340570001,티앤엘,KOSDAQ,우량기업부,57800,2,-2000,-3.34,60400,60400,56800,56621,3270660150,469798400000,8128000,KSQ,우량기업부
634,064820,KR7064820004,케이프,KOSDAQ,우량기업부,15110,2,-540,-3.45,15360,15360,14460,123229,1854388430,466297848650,30860215,KSQ,우량기업부
635,170920,KR7170920003,엘티씨,KOSDAQ,벤처기업부,44100,1,450,1.03,43650,45000,41450,144448,6152736675,465877956600,10564126,KSQ,벤처기업부
637,110990,KR7110990009,디아이티,KOSDAQ,우량기업부,24400,2,-500,-2.01,24400,25150,24100,96853,2391025600,461160000000,18900000,KSQ,우량기업부
640,389650,KR7389650003,넥스트바이오메디컬,KOSDAQ,기술성장기업부,55600,2,-800,-1.42,56300,57900,55100,42604,2386729600,456136061600,8203886,KSQ,기술성장기업부
642,265520,KR7265520007,AP시스템,KOSDAQ,우량기업부,30200,1,4350,16.83,25150,30950,24500,789895,22343540800,454534794200,15050821,KSQ,우량기업부
643,095660,KR7095660007,네오위즈,KOSDAQ,우량기업부,21000,3,0,0.0,20900,21150,20600,28727,599322650,454365639000,21636459,KSQ,우량기업부
644,356680,KR7356680009,엑스게이트,KOSDAQ,벤처기업부,15890,2,-780,-4.68,15940,16230,15260,982149,15469391855,453556087880,28543492,KSQ,벤처기업부
645,078020,KR7078020005,LS증권,KOSDAQ,우량기업부,8150,2,-120,-1.45,8090,8350,8050,258935,2113215950,452171698500,55481190,KSQ,우량기업부
646,036890,KR7036890002,진성티이씨,KOSDAQ,우량기업부,20450,2,-100,-0.49,20100,20950,19850,409357,8407114690,450567140350,22032623,KSQ,우량기업부
647,206650,KR7206650004,유바이오로직스,KOSDAQ,우량기업부,12250,2,-50,-0.41,12250,12450,12170,128325,1575603595,449860510750,36723307,KSQ,우량기업부
650,254490,KR7254490006,미래반도체,KOSDAQ,우량기업부,31050,1,1650,5.61,29600,31450,28450,440338,13035843750,448299900000,14438000,KSQ,우량기업부
654,455900,KR7455900001,엔젤로보틱스,KOSDAQ,기술성장기업부,29150,1,650,2.28,29450,29950,28800,91152,2671591600,444453868650,15247131,KSQ,기술성장기업부
655,078150,KR7078150000,HB테크놀러지,KOSDAQ,우량기업부,4790,1,260,5.74,4300,5290,4175,39266482,193416806695,444109237640,92715916,KSQ,우량기업부
658,378340,KR7378340004,필에너지,KOSDAQ,중견기업부,20300,1,50,0.25,20400,20400,19750,112978,2255641860,438995254600,21625382,KSQ,중견기업부
659,298830,KR7298830001,슈어소프트테크,KOSDAQ,우량기업부,8160,1,600,7.94,7650,8660,7650,9386664,77827233100,436221351840,53458499,KSQ,우량기업부
660,101730,KR7101730000,위메이드맥스,KOSDAQ,중견기업부,5200,2,-70,-1.33,5270,5360,5150,69109,362392135,435777087200,83803286,KSQ,중견기업부
664,441270,KR7441270006,파인엠텍,KOSDAQ,벤처기업부,10390,1,40,0.39,10300,10610,10210,188816,1956546080,433197252080,41693672,KSQ,벤처기업부
665,475400,KR7475400008,씨메스로보틱스,KOSDAQ,기술성장기업부,36800,1,3200,9.52,34600,37950,33950,382034,13833536250,432623081600,11756062,KSQ,기술성장기업부
666,079940,KR7079940003,가비아,KOSDAQ,우량기업부,32100,2,-150,-0.47,32850,32850,31900,12282,394933025,430803956400,13420684,KSQ,우량기업부
667,200470,KR7200470003,에이팩트,KOSDAQ,중견기업부,10140,1,490,5.08,9480,10300,9120,1091342,10793947015,429551623020,42362093,KSQ,중견기업부
670,089980,KR7089980007,상아프론테크,KOSDAQ,우량기업부,26400,2,-600,-2.22,26700,27150,26000,99582,2630293775,422110576800,15989037,KSQ,우량기업부
672,025770,KR7025770009,한국정보통신,KOSDAQ,우량기업부,11270,2,-250,-2.17,11520,11700,11100,182792,2074664885,421996934170,37444271,KSQ,우량기업부
674,204620,KR7204620009,글로벌텍스프리,KOSDAQ,우량기업부,5960,1,70,1.19,5830,6050,5700,979116,5724256545,418888646800,70283330,KSQ,우량기업부
675,241520,KR7241520006,DSC인베스트먼트,KOSDAQ,중견기업부,15710,2,-70,-0.44,15780,16190,15110,555925,8724055890,417886000000,26600000,KSQ,중견기업부
676,0082N0,KR70082N0008,카나프테라퓨틱스,KOSDAQ,기술성장기업부,31550,2,-1200,-3.66,33200,33900,31350,113010,3622973600,416989409000,13216780,KSQ,기술성장기업부
677,355150,KR7355150004,코스텍시스,KOSDAQ,벤처기업부,53400,1,2600,5.12,50000,55000,48300,137919,7125361950,416378490000,7797350,KSQ,벤처기업부
678,304360,KR7304360001,에스바이오메딕스,KOSDAQ,벤처기업부,33600,2,-500,-1.47,33950,34250,33250,46281,1557173850,416140300800,12385128,KSQ,벤처기업부
681,220100,KR7220100002,퓨쳐켐,KOSDAQ,기술성장기업부,18340,2,-710,-3.73,19120,19220,18320,161904,3004949685,411318882800,22427420,KSQ,기술성장기업부
682,450950,KR7450950001,아스테라시스,KOSDAQ,벤처기업부,10920,1,170,1.58,10670,10970,10610,25398,275175860,410893304640,37627592,KSQ,벤처기업부
683,091700,KR7091700005,파트론,KOSDAQ GLOBAL,우량기업부,7450,2,-60,-0.8,7510,7510,7350,248865,1847582380,409750000000,55000000,KSQ,우량기업부
687,069080,KR7069080000,웹젠,KOSDAQ GLOBAL,우량기업부,11810,2,-160,-1.34,11950,12050,11770,68556,811967150,408636440040,34600884,KSQ,우량기업부
688,494120,KR7494120009,큐리오시스,KOSDAQ,기술성장기업부,53600,1,2200,4.28,51600,55900,51400,84340,4518812600,408243435200,7616482,KSQ,기술성장기업부
689,094360,KR7094360005,칩스앤미디어,KOSDAQ,벤처기업부,19030,1,110,0.58,18640,19330,18380,207996,3953725640,405989331220,21334174,KSQ,벤처기업부
690,459510,KR7459510004,나우로보틱스,KOSDAQ,기술성장기업부,31050,1,300,0.98,35000,37000,30900,1946956,66679180000,402978761100,12978382,KSQ,기술성장기업부
691,085910,KR7085910008,네오티스,KOSDAQ,중견기업부,28900,1,1850,6.84,26200,29450,25900,281335,7959109425,402716240200,13934818,KSQ,중견기업부
692,482630,KR7482630001,삼양엔씨켐,KOSDAQ,중견기업부,18390,2,-530,-2.8,18650,18880,18230,155315,2868996655,402525469200,21888280,KSQ,중견기업부
693,180400,KR7180400004,DXVX,KOSDAQ,관리종목(소속부없음),4085,2,-160,-3.77,4205,4310,4020,159281,656100031,402084229720,98429432,KSQ,관리종목(소속부없음)
695,179900,KR7179900006,유티아이,KOSDAQ,투자주의환기종목(소속부없음),20300,2,-550,-2.64,20850,21200,20250,43524,892602925,401745363600,19790412,KSQ,투자주의환기종목(소속부없음)
696,160980,KR7160980009,싸이맥스,KOSDAQ,우량기업부,36750,2,-1550,-4.05,37600,38800,36300,127423,4717480175,401465930250,10924243,KSQ,우량기업부
700,064290,KR7064290000,인텍플러스,KOSDAQ,벤처기업부,30900,2,-250,-0.8,31100,31950,29650,264006,8154555800,397496425800,12863962,KSQ,벤처기업부
705,114190,KR7114190002,강원에너지,KOSDAQ,중견기업부,15130,2,-360,-2.32,15550,15550,14800,141369,2136409520,395241564940,26123038,KSQ,중견기업부
706,228760,KR7228760005,지노믹트리,KOSDAQ,기술성장기업부,15780,2,-130,-0.82,15810,16200,15400,75109,1181151730,392278207560,24859202,KSQ,기술성장기업부
708,389260,KR7389260001,대명에너지,KOSDAQ,우량기업부,21850,2,-100,-0.46,22250,22250,21300,54964,1189949850,391471701250,17916325,KSQ,우량기업부
709,046970,KR7046970000,우리로,KOSDAQ,벤처기업부,8910,2,-300,-3.26,9170,9550,8650,3532376,32219046710,390480741090,43824999,KSQ,벤처기업부
710,073490,KR7073490005,LIG아큐버,KOSDAQ,우량기업부,51300,2,-1900,-3.57,52500,54800,50200,238869,12391949150,390077299800,7603846,KSQ,우량기업부
712,084850,KR7084850007,아이티엠반도체,KOSDAQ GLOBAL,중견기업부,17080,2,-720,-4.04,17500,17500,17000,49005,840547975,387424512720,22682934,KSQ,중견기업부
713,086390,KR7086390002,유니테스트,KOSDAQ,중견기업부,18320,2,-300,-1.61,18620,18730,17820,191436,3480580275,387177188320,21134126,KSQ,중견기업부
714,003800,KR7003800000,에이스침대,KOSDAQ,우량기업부,34900,1,100,0.29,34800,34950,34500,2560,88916650,387041000000,11090000,KSQ,우량기업부
717,036200,KR7036200004,유니셈,KOSDAQ,우량기업부,12550,2,-450,-3.46,12520,12620,12340,385240,4802086885,384835998650,30664223,KSQ,우량기업부
718,243840,KR7243840006,신흥에스이씨,KOSDAQ,우량기업부,9980,2,-130,-1.29,10110,10225,9850,333366,3330266840,384811185300,38558235,KSQ,우량기업부
719,219130,KR7219130002,타이거일렉,KOSDAQ,벤처기업부,60800,1,4100,7.23,56800,61400,55200,88890,5142115450,383908832000,6314290,KSQ,벤처기업부
720,200670,KR7200670008,휴메딕스,KOSDAQ,우량기업부,34150,1,100,0.29,33950,34500,33750,28075,956041750,383502109500,11229930,KSQ,우량기업부
721,0008Z0,KR70008Z0005,에스엔시스,KOSDAQ,벤처기업부,40550,2,-2450,-5.7,42500,42500,40250,97840,3999136875,382652670200,9436564,KSQ,벤처기업부
722,199820,KR7199820002,제일일렉트릭,KOSDAQ,우량기업부,17200,2,-140,-0.81,17130,17780,16670,1460859,25225402560,382184000000,22220000,KSQ,우량기업부
723,078340,KR7078340007,컴투스,KOSDAQ GLOBAL,중견기업부,31600,2,-600,-1.86,32150,32350,31600,58758,1868531575,382085490800,12091313,KSQ,중견기업부
725,308430,KR7308430008,셀비온,KOSDAQ,기술성장기업부,29650,2,-550,-1.82,30550,31600,29600,57293,1739993700,380454271500,12831510,KSQ,기술성장기업부
726,452280,KR7452280001,한선엔지니어링,KOSDAQ,우량기업부,19730,2,-270,-1.35,19950,20650,18860,429222,8400154020,379731866600,19246420,KSQ,우량기업부
727,065680,KR7065680001,우주일렉트로,KOSDAQ,우량기업부,40850,1,2950,7.78,37450,41950,37100,61196,2471384600,377473240350,9240471,KSQ,우량기업부
729,402490,KR7402490007,그린리소스,KOSDAQ,기술성장기업부,22600,1,50,0.22,21750,24050,21250,918899,20880809300,377263246400,16693064,KSQ,기술성장기업부
730,241770,KR7241770007,메카로,KOSDAQ,우량기업부,37000,2,-100,-0.27,36050,38400,36000,14547,543423575,377127680000,10192640,KSQ,우량기업부
733,478340,KR7478340003,나라스페이스테크놀로지,KOSDAQ,기술성장기업부,32500,1,400,1.25,32100,33350,31350,156647,5013211875,374841707500,11533591,KSQ,기술성장기업부
735,389020,KR7389020009,자람테크놀로지,KOSDAQ,기술성장기업부,56000,2,-400,-0.71,56600,60400,53800,239002,13715709800,373180528000,6663938,KSQ,기술성장기업부
736,418550,KR7418550000,제이오,KOSDAQ,기술성장기업부,11630,2,-290,-2.43,11920,11920,10730,316636,3625750350,372365536990,32017673,KSQ,기술성장기업부
737,352480,KR7352480008,씨앤씨인터내셔널,KOSDAQ,우량기업부,27300,1,650,2.44,27350,27400,26950,24692,667941075,372096297300,13629901,KSQ,우량기업부
738,084990,KR7084990001,헬릭스미스,KOSDAQ,기술성장기업부,8060,2,-290,-3.47,8370,8690,8040,295285,2444173090,371507943820,46092797,KSQ,기술성장기업부
739,203650,KR7203650007,드림시큐리티,KOSDAQ,중견기업부,3705,2,-425,-10.29,3850,4060,3620,14182098,54162312801,371191256670,100186574,KSQ,중견기업부
740,046120,KR7046120002,오르비텍,KOSDAQ,중견기업부,10960,2,-730,-6.24,11700,11710,10640,859554,9546783665,371055545680,33855433,KSQ,중견기업부
742,093520,KR7093520005,매커스,KOSDAQ,우량기업부,25950,2,-600,-2.26,26100,26450,25700,27649,717607250,367532237400,14163092,KSQ,우량기업부
743,394800,KR7394800007,쓰리빌리언,KOSDAQ,기술성장기업부,11570,2,-200,-1.7,11950,12250,11210,234887,2711815135,367480277320,31761476,KSQ,기술성장기업부
744,452430,KR7452430002,사피엔반도체,KOSDAQ,기술성장기업부,44650,2,-850,-1.87,44600,46200,43400,67584,3029983650,366935753900,8218046,KSQ,기술성장기업부
745,394420,KR7394420004,리센스메디컬,KOSDAQ,기술성장기업부,33800,2,-100,-0.29,33300,34750,32350,585551,19746257925,366740072400,10850298,KSQ,기술성장기업부
747,236200,KR7236200002,슈프리마,KOSDAQ,우량기업부,52400,2,-700,-1.32,52900,53300,51000,15669,816227800,365453896400,6974311,KSQ,우량기업부
748,0015G0,KR70015G0009,그린광학,KOSDAQ,기술성장기업부,31150,2,-700,-2.2,31850,32150,30250,253742,7811135100,364534152150,11702541,KSQ,기술성장기업부
751,041920,KR7041920000,메디아나,KOSDAQ,우량기업부,19530,2,-280,-1.41,19760,20450,19460,68000,1347741460,363223295190,18598223,KSQ,우량기업부
752,088800,KR7088800008,에이스테크,KOSDAQ,중견기업부,4810,2,-90,-1.84,4800,4995,4450,1869181,8888224797,363185947540,75506434,KSQ,중견기업부
753,462350,KR7462350000,이노스페이스,KOSDAQ,기술성장기업부,17390,1,1280,7.95,16200,17470,15580,451724,7424310995,362906032180,20868662,KSQ,기술성장기업부
756,144510,KR7144510005,지씨셀,KOSDAQ,중견기업부,22900,2,-450,-1.93,23800,23800,22750,42502,977096050,361827877600,15800344,KSQ,중견기업부
757,064850,KR7064850001,에프앤가이드,KOSDAQ,벤처기업부,31700,1,200,0.63,31250,31800,29900,74233,2274591475,361707524400,11410332,KSQ,벤처기업부
758,042520,KR7042520007,한스바이오메드,KOSDAQ,벤처기업부,25250,1,2000,8.6,25050,25700,23850,277905,6907893450,360099516750,14261367,KSQ,벤처기업부
759,251370,KR7251370003,와이엠티,KOSDAQ,벤처기업부,19680,2,-2120,-9.72,21500,22000,19260,618737,12484559585,359855825760,18285357,KSQ,벤처기업부
760,035810,KR7035810001,이지홀딩스,KOSDAQ,우량기업부,5570,1,60,1.09,5510,5600,5420,221086,1225100360,359355150450,64516185,KSQ,우량기업부
761,243070,KR7243070000,휴온스,KOSDAQ,우량기업부,29950,1,1100,3.81,29000,30600,28700,105222,3146364925,358790966750,11979665,KSQ,우량기업부
762,419530,KR7419530001,SAMG엔터,KOSDAQ,기술성장기업부,35900,2,-50,-0.14,36150,36200,35250,40689,1452449550,358707953500,9991865,KSQ,기술성장기업부
764,432720,KR7432720001,퀄리타스반도체,KOSDAQ,기술성장기업부,25300,2,-1050,-3.98,25300,26500,24550,697222,17694145600,358162283600,14156612,KSQ,기술성장기업부
765,108860,KR7108860008,셀바스AI,KOSDAQ,벤처기업부,13240,1,390,3.04,13300,13680,13180,544616,7284899390,356351819600,26914790,KSQ,벤처기업부
768,091580,KR7091580001,상신이디피,KOSDAQ,우량기업부,26700,2,-600,-2.2,27200,27200,26000,173430,4595501175,355863447300,13328219,KSQ,우량기업부
771,318060,KR7318060001,그래피,KOSDAQ,기술성장기업부,31500,1,1200,3.96,30400,32000,29700,313623,9637308225,351955075500,11173177,KSQ,기술성장기업부
772,217730,KR7217730001,강스템바이오텍,KOSDAQ,기술성장기업부,3735,2,-5,-0.13,3740,3890,3620,667429,2496927523,351292246515,94054149,KSQ,기술성장기업부
773,099430,KR7099430001,바이오플러스,KOSDAQ,우량기업부,5670,1,30,0.53,5600,5750,5520,298493,1676077710,349502893740,61640722,KSQ,우량기업부
774,448280,KR7448280008,에코아이,KOSDAQ,중견기업부,11720,2,-600,-4.87,12440,12450,11580,93712,1108913560,347276831880,29631129,KSQ,중견기업부
775,474650,KR7474650009,링크솔루션,KOSDAQ,기술성장기업부,60300,1,3800,6.73,57500,61700,57000,181241,10892645750,346550552100,5747107,KSQ,기술성장기업부
776,053030,KR7053030003,바이넥스,KOSDAQ,중견기업부,10580,2,-80,-0.75,10660,10790,10460,119866,1269196520,345798709040,32684188,KSQ,중견기업부
777,043150,KR7043150002,바텍,KOSDAQ,우량기업부,23150,1,850,3.81,22500,23450,22400,57928,1341533700,343876026400,14854256,KSQ,우량기업부
778,014940,KR7014940001,오리엔탈정공,KOSDAQ,우량기업부,7540,2,-210,-2.71,7710,7750,7430,202194,1521940245,343625403940,45573661,KSQ,우량기업부
782,451760,KR7451760003,컨텍,KOSDAQ,기술성장기업부,21550,1,600,2.86,20950,21600,20250,194411,4044161425,340839756500,15816230,KSQ,기술성장기업부
784,314930,KR7314930009,바이오다인,KOSDAQ,기술성장기업부,11390,1,10,0.09,11250,11560,11240,29973,340848040,339013133170,29764103,KSQ,기술성장기업부
786,045390,KR7045390002,대아티아이,KOSDAQ,우량기업부,4780,2,-100,-2.05,4820,4890,4680,938674,4474809780,336862742060,70473377,KSQ,우량기업부
787,136480,KR7136480001,하림,KOSDAQ,우량기업부,3170,1,30,0.96,3220,3255,3120,828860,2623500344,336684755340,106209702,KSQ,우량기업부
788,416180,KR7416180008,신성에스티,KOSDAQ,벤처기업부,37200,2,-400,-1.06,37150,37500,36300,41450,1527671250,336279741600,9039778,KSQ,벤처기업부
790,445090,KR7445090004,에이직랜드,KOSDAQ,벤처기업부,30650,2,-750,-2.39,30800,31100,30000,44955,1366812650,334871417700,10925658,KSQ,벤처기업부
793,060720,KR7060720000,KH바텍,KOSDAQ,중견기업부,14110,1,280,2.02,13840,14520,13840,530457,7566670875,334088706620,23677442,KSQ,중견기업부
794,322310,KR7322310004,오로스테크놀로지,KOSDAQ,벤처기업부,35650,2,-3850,-9.75,39100,39100,35450,521706,19133860700,333917222300,9366542,KSQ,벤처기업부
795,200130,KR7200130003,콜마비앤에이치,KOSDAQ GLOBAL,우량기업부,11330,1,330,3.0,11040,11350,11020,43445,486395710,333278272140,29415558,KSQ,우량기업부
798,058970,KR7058970005,엠로,KOSDAQ,기술성장기업부,26800,1,100,0.37,26650,27050,26450,17659,472171250,331322879200,12362794,KSQ,기술성장기업부
799,012210,KR7012210001,삼미금속,KOSDAQ,중견기업부,14920,1,230,1.57,14680,15420,14320,231956,3456773720,331104819040,22192012,KSQ,중견기업부
800,095500,KR7095500005,미래나노텍,KOSDAQ,우량기업부,10670,2,-300,-2.73,10840,10840,10550,105360,1120239740,330876689330,31009999,KSQ,우량기업부
801,065660,KR7065660003,안트로젠,KOSDAQ,기술성장기업부,33050,1,600,1.85,32000,33050,32000,12785,415545600,330701605000,10006100,KSQ,기술성장기업부
802,101360,KR7101360006,에코앤드림,KOSDAQ,벤처기업부,18590,2,-360,-1.9,19200,19200,18200,83083,1540932305,330643859260,17786114,KSQ,벤처기업부
803,051500,KR7051500007,CJ프레시웨이,KOSDAQ,우량기업부,27750,1,900,3.35,27000,27950,26350,39066,1072749125,329436511500,11871586,KSQ,우량기업부
804,151860,KR7151860004,KG에코솔루션,KOSDAQ,우량기업부,6890,2,-180,-2.55,7110,7110,6860,193139,1337991620,327984683780,47603002,KSQ,우량기업부
805,049070,KR7049070006,인탑스,KOSDAQ,우량기업부,19020,2,-240,-1.25,19650,19890,18700,139929,2711954530,327144000000,17200000,KSQ,우량기업부
806,338840,KR7338840002,와이바이오로직스,KOSDAQ,기술성장기업부,21200,3,0,0.0,21150,21950,20950,106010,2275420700,325773637200,15366681,KSQ,기술성장기업부
807,417840,KR7417840006,저스템,KOSDAQ,중견기업부,14350,1,820,6.06,13360,14480,12700,722720,9876220310,325227409850,22663931,KSQ,중견기업부
808,024840,KR7024840001,KBI메탈,KOSDAQ,중견기업부,9300,0,0,0.0,0,0,0,0,0,324655550700,34909199,KSQ,중견기업부
809,092730,KR7092730001,네오팜,KOSDAQ,우량기업부,20200,1,100,0.5,20100,20450,20000,49061,987362850,323765377800,16027989,KSQ,우량기업부
811,094480,KR7094480001,갤럭시아머니트리,KOSDAQ,우량기업부,8220,2,-290,-3.41,8500,8510,8180,285897,2367528720,322469268360,39229838,KSQ,우량기업부
812,012860,KR7012860003,모베이스전자,KOSDAQ,우량기업부,4395,1,485,12.4,4035,4840,4000,29166496,131310985186,321861043515,73233457,KSQ,우량기업부
814,144960,KR7144960002,뉴파워프라즈마,KOSDAQ,우량기업부,7350,2,-170,-2.26,7520,7600,7210,318946,2356310200,321140786400,43692624,KSQ,우량기업부
815,054210,KR7054210000,이랜텍,KOSDAQ,우량기업부,12660,2,-210,-1.63,12810,12820,11700,276172,3456042585,320186718600,25291210,KSQ,우량기업부
816,061970,KR7061970000,LB세미콘,KOSDAQ,중견기업부,5500,1,140,2.61,5350,5640,5240,819589,4490903345,319456533000,58083006,KSQ,중견기업부
817,092460,KR7092460005,한라IMS,KOSDAQ,우량기업부,18640,2,-560,-2.92,19160,19160,18580,49388,927652545,318924435200,17109680,KSQ,우량기업부
818,357550,KR7357550003,석경에이티,KOSDAQ,기술성장기업부,58400,2,-900,-1.52,59400,59400,57900,6492,378566700,318572000000,5455000,KSQ,기술성장기업부
819,456010,KR7456010008,아이씨티케이,KOSDAQ,기술성장기업부,22800,2,-350,-1.51,22150,23350,22050,528778,11919916150,316962271200,13901854,KSQ,기술성장기업부
820,0088M0,KR70088M0003,메쥬,KOSDAQ,기술성장기업부,32050,2,-1700,-5.04,33900,36500,31950,326541,10743614175,316710087500,9881750,KSQ,기술성장기업부
822,321550,KR7321550006,티움바이오,KOSDAQ,기술성장기업부,10550,2,-110,-1.03,10880,11140,10440,224377,2413779905,316475049250,29997635,KSQ,기술성장기업부
823,365270,KR7365270008,큐라클,KOSDAQ,기술성장기업부,14400,1,30,0.21,14440,14920,14070,171820,2478294445,315713750400,21924566,KSQ,기술성장기업부
825,472850,KR7472850007,폰드그룹,KOSDAQ,중견기업부,5440,1,110,2.06,5330,5500,5250,37929,204601970,313189786880,57571652,KSQ,중견기업부
826,215000,KR7215000001,골프존,KOSDAQ GLOBAL,우량기업부,49900,2,-50,-0.1,49550,50500,49450,8235,410444675,313143208500,6275415,KSQ,우량기업부
827,094820,KR7094820008,일진파워,KOSDAQ,우량기업부,20750,2,-1000,-4.6,21200,21950,20500,397645,8345488850,312883211750,15078709,KSQ,우량기업부
828,464080,KR7464080001,에스오에스랩,KOSDAQ,기술성장기업부,17430,1,1480,9.28,16270,19320,16190,4329981,78023108040,312816994350,17947045,KSQ,기술성장기업부
833,488280,KR7488280009,에스투더블유,KOSDAQ,기술성장기업부,28650,2,-350,-1.21,30100,30100,27650,524415,15033769850,308542908900,10769386,KSQ,기술성장기업부
834,051370,KR7051370005,인터플렉스,KOSDAQ,우량기업부,13210,1,180,1.38,13030,13350,12840,109162,1436929485,308155905120,23327472,KSQ,우량기업부
836,382900,KR7382900009,범한퓨얼셀,KOSDAQ,벤처기업부,35100,2,-950,-2.64,35050,37400,33900,271866,9643594025,307511100000,8761000,KSQ,벤처기업부
837,272110,KR7272110008,케이엔제이,KOSDAQ,우량기업부,38250,2,-1700,-4.26,39700,39700,36800,210823,7957109525,306971358750,8025395,KSQ,우량기업부
838,035600,KR7035600006,KG이니시스,KOSDAQ,우량기업부,11140,2,-110,-0.98,11250,11250,11030,94265,1046678040,306956394760,27554434,KSQ,우량기업부
843,067390,KR7067390005,아스트,KOSDAQ,중견기업부,744,1,5,0.68,747,762,735,1035611,770549778,304413238776,409157579,KSQ,중견기업부
844,098120,KR7098120009,마이크로컨텍솔,KOSDAQ,우량기업부,36600,2,-600,-1.61,37000,38250,36200,157544,5861801275,304247235600,8312766,KSQ,우량기업부
846,052710,KR7052710001,아모텍,KOSDAQ,중견기업부,20750,2,-750,-3.49,21250,21850,20300,439097,9182379225,303263511750,14615109,KSQ,중견기업부
848,900290,HK0000307485,GRT,KOSDAQ,외국기업(소속부없음),3700,2,-20,-0.54,3700,3790,3655,275613,1019707880,302660000000,81800000,KSQ,외국기업(소속부없음)
851,112290,KR7112290002,와이씨켐,KOSDAQ,기술성장기업부,14850,2,-970,-6.13,15400,15430,14520,780651,11617093200,300283186500,20221090,KSQ,기술성장기업부
853,018000,KR7018000000,유니슨,KOSDAQ,중견기업부,1201,1,21,1.78,1180,1209,1137,3453458,4023997672,298640655196,248659996,KSQ,중견기업부
855,023760,KR7023760002,한국캐피탈,KOSDAQ,우량기업부,946,2,-11,-1.15,957,958,943,333853,316540295,298566658896,315609576,KSQ,우량기업부
856,019010,KR7019010008,베뉴지,KOSDAQ,중견기업부,6190,1,950,18.13,6010,6610,5610,1468285,9020870510,298358000000,48200000,KSQ,중견기업부
857,484810,KR7484810007,티엑스알로보틱스,KOSDAQ,벤처기업부,19240,1,130,0.68,19550,19960,19100,328048,6431935325,297275604600,15450915,KSQ,벤처기업부
858,023410,KR7023410004,유진기업,KOSDAQ,중견기업부,3845,2,-50,-1.28,3895,3900,3820,185779,713587340,297260268235,77310863,KSQ,중견기업부
860,054950,KR7054950001,제이브이엠,KOSDAQ,우량기업부,24550,1,250,1.03,24250,24600,24150,27151,661333475,296806848600,12089892,KSQ,우량기업부
861,115450,KR7115450009,HLB테라퓨틱스,KOSDAQ,중견기업부,3345,2,-115,-3.32,3485,3490,3295,537085,1807838119,296300464605,88580109,KSQ,중견기업부
862,049630,KR7049630007,재영솔루텍,KOSDAQ,우량기업부,12660,1,240,1.93,12570,13370,12300,759961,9728031985,295984621920,23379512,KSQ,우량기업부
864,194700,KR7194700001,노바렉스,KOSDAQ,우량기업부,16110,1,1460,9.97,15010,16480,15010,367046,5865010280,294085601280,18254848,KSQ,우량기업부
865,108380,KR7108380007,대양전기공업,KOSDAQ,우량기업부,30700,1,100,0.33,30400,30900,30000,27461,834101300,293717123100,9567333,KSQ,우량기업부
867,036800,KR7036800001,나이스정보통신,KOSDAQ,우량기업부,29200,2,-200,-0.68,29300,29300,28650,29795,861524300,292000000000,10000000,KSQ,우량기업부
869,294570,KR7294570007,쿠콘,KOSDAQ,우량기업부,28900,1,100,0.35,28800,30000,27400,21553,616719575,291651054800,10091732,KSQ,우량기업부
871,274090,KR7274090000,켄코아에어로스페이스,KOSDAQ,기술성장기업부,21200,1,300,1.44,21000,21300,20450,197742,4117301875,291067053600,13729578,KSQ,기술성장기업부
872,051360,KR7051360006,토비스,KOSDAQ,우량기업부,19500,1,830,4.45,18670,20100,18670,139604,2719594345,290897938500,14917843,KSQ,우량기업부
873,061090,KR7061090007,세나테크놀로지,KOSDAQ,중견기업부,51900,4,11950,29.91,51900,51900,51900,61791,3206952900,289893885600,5585624,KSQ,중견기업부
877,0007C0,KR70007C0003,아크릴,KOSDAQ,기술성장기업부,35850,2,-700,-1.92,36550,37500,35550,160730,5883485225,287887115400,8030324,KSQ,기술성장기업부
878,199430,KR7199430000,케이엔알시스템,KOSDAQ,기술성장기업부,25750,1,1200,4.89,25100,26000,24900,132877,3397988975,286959107250,11144043,KSQ,기술성장기업부
880,388050,KR7388050007,지투파워,KOSDAQ,우량기업부,15320,2,-650,-4.07,15930,16200,14870,940185,14398254755,286628574840,18709437,KSQ,우량기업부
881,079960,KR7079960001,동양이엔피,KOSDAQ,우량기업부,36450,1,50,0.14,36400,37300,35850,31073,1136165425,286497000000,7860000,KSQ,우량기업부
884,017890,KR7017890005,한국알콜,KOSDAQ,우량기업부,13400,2,-260,-1.9,13700,13800,13220,58302,782141115,285064980400,21273506,KSQ,우량기업부
885,100120,KR7100120005,뷰웍스,KOSDAQ,우량기업부,31650,1,750,2.43,30900,32200,30750,132266,4188791350,283945158150,8971411,KSQ,우량기업부
887,083310,KR7083310003,엘오티베큠,KOSDAQ,우량기업부,15870,2,-160,-1.0,15900,16180,15640,111578,1763330590,282645223710,17810033,KSQ,우량기업부
888,226590,KR7226590008,엠디바이스,KOSDAQ,기술성장기업부,26350,1,1200,4.77,25100,28450,24600,388692,10479796450,282387258400,10716784,KSQ,기술성장기업부
889,092070,KR7092070002,디엔에프,KOSDAQ,중견기업부,24400,2,-750,-2.98,25100,25100,23650,66492,1605147225,282353335200,11571858,KSQ,중견기업부
890,304100,KR7304100001,솔트룩스,KOSDAQ,기술성장기업부,22300,1,200,0.9,22400,22750,22050,61730,1374875200,280842966500,12593855,KSQ,기술성장기업부
891,307180,KR7307180000,아이엘,KOSDAQ,벤처기업부,8090,1,710,9.62,7590,8690,7460,3023947,24589780505,280831996570,34713473,KSQ,벤처기업부
894,086820,KR7086820008,바이오솔루션,KOSDAQ,기술성장기업부,10790,1,220,2.08,10580,11000,10580,114150,1236758840,279720877150,25924085,KSQ,기술성장기업부
895,361390,KR7361390008,제노코,KOSDAQ,벤처기업부,28700,1,50,0.17,28700,29300,27500,119925,3381298075,279434134700,9736381,KSQ,벤처기업부
896,005710,KR7005710009,대원산업,KOSDAQ,우량기업부,13940,1,100,0.72,13850,14200,13700,45737,641436690,279324144000,20037600,KSQ,우량기업부
898,099440,KR7099440000,스맥,KOSDAQ,중견기업부,4065,1,80,2.01,4000,4200,4000,1116586,4595552547,277409396610,68243394,KSQ,중견기업부
900,043370,KR7043370006,피에이치에이,KOSDAQ,우량기업부,13160,1,240,1.86,12920,13450,12820,45796,606495930,276360000000,21000000,KSQ,우량기업부
901,126700,KR7126700004,하이비젼시스템,KOSDAQ,우량기업부,18480,1,330,1.82,18150,18680,17760,108631,1989255135,276130229760,14942112,KSQ,우량기업부
905,267980,KR7267980001,매일유업,KOSDAQ,우량기업부,35800,1,400,1.13,36250,36250,35300,2229,79289150,274358240400,7663638,KSQ,우량기업부
906,036710,KR7036710002,심텍홀딩스,KOSDAQ,중견기업부,5190,1,1010,24.16,4120,5230,3980,2700573,12745253537,274176043260,52827754,KSQ,중견기업부
908,078070,KR7078070000,유비쿼스홀딩스,KOSDAQ,중견기업부,15510,2,-430,-2.7,16190,16200,15210,112155,1739083250,273050013720,17604772,KSQ,중견기업부
910,255220,KR7255220006,SG,KOSDAQ,중견기업부,2490,2,-80,-3.11,2530,2540,2465,1870455,4656936251,272812621980,109563302,KSQ,중견기업부
913,138610,KR7138610001,나이벡,KOSDAQ,기술성장기업부,23800,1,50,0.21,23950,24550,23450,45294,1078307875,270553473400,11367793,KSQ,기술성장기업부
914,372170,KR7372170001,윤성에프앤씨,KOSDAQ,우량기업부,33900,2,-600,-1.74,34500,34700,33550,14813,500902600,270489727200,7979048,KSQ,우량기업부
915,138360,KR7138360003,앤로보틱스,KOSDAQ,벤처기업부,3505,2,-10,-0.28,3640,4090,3505,3917903,14747946647,269855985610,76991722,KSQ,벤처기업부
916,457550,KR7457550002,우진엔텍,KOSDAQ,중견기업부,28950,2,-450,-1.53,29000,29250,27500,236088,6711425650,269783834100,9318958,KSQ,중견기업부
917,190510,KR7190510008,나무가,KOSDAQ,우량기업부,19150,1,610,3.29,18700,19560,18500,61843,1178478975,269733820550,14085317,KSQ,우량기업부
919,209640,KR7209640002,와이제이링크,KOSDAQ,중견기업부,9470,1,420,4.64,9190,10350,9100,5818368,55741053175,269356592620,28443146,KSQ,중견기업부
920,309710,KR7309710002,아이티켐,KOSDAQ,관리종목(소속부없음),21000,0,0,0.0,0,0,0,0,0,268443021000,12783001,KSQ,관리종목(소속부없음)
921,147830,KR7147830004,제룡산업,KOSDAQ,벤처기업부,13420,1,440,3.39,12390,15410,12010,11402378,161476967235,268400000000,20000000,KSQ,벤처기업부
924,053300,KR7053300000,한국정보인증,KOSDAQ,우량기업부,6300,2,-70,-1.1,6400,6430,6220,238824,1502726125,267380574300,42441361,KSQ,우량기업부
925,452450,KR7452450000,피아이이,KOSDAQ,벤처기업부,7420,1,250,3.49,7030,7820,6980,1391783,10387798915,267331470000,36028500,KSQ,벤처기업부
926,176750,KR7176750008,듀켐바이오,KOSDAQ,기술성장기업부,9380,1,600,6.83,8910,9440,8800,79466,736991540,266909963600,28455220,KSQ,기술성장기업부
927,182400,KR7182400002,엔케이젠바이오텍코리아,KOSDAQ,관리종목(소속부없음),3670,0,0,0.0,0,0,0,0,0,265496721770,72342431,KSQ,관리종목(소속부없음)
928,018310,KR7018310003,삼목에스폼,KOSDAQ,우량기업부,18030,2,-150,-0.83,18190,18190,17880,4324,77763900,265041000000,14700000,KSQ,우량기업부
931,474170,KR7474170008,루미르,KOSDAQ,기술성장기업부,14830,1,310,2.13,14540,14970,13940,258786,3730690985,264236431680,17817696,KSQ,기술성장기업부
932,382800,KR7382800001,지앤비에스 에코,KOSDAQ,우량기업부,8300,2,-300,-3.49,8620,8680,8120,2077143,17294372300,264197640300,31831041,KSQ,우량기업부
933,125020,KR7125020008,티씨머티리얼즈,KOSDAQ,중견기업부,7540,2,-100,-1.31,7600,7790,7310,1628550,12280135835,264190667000,35038550,KSQ,중견기업부
934,067080,KR7067080002,대화제약,KOSDAQ,중견기업부,14190,1,40,0.28,14300,14430,14030,30500,432853500,264170263500,18616650,KSQ,중견기업부
937,439090,KR7439090002,마녀공장,KOSDAQ,우량기업부,16070,1,1000,6.64,17170,17170,15520,549201,8962816365,263439688200,16393260,KSQ,우량기업부
938,405100,KR7405100009,큐알티,KOSDAQ,중견기업부,21400,2,-150,-0.7,21550,22250,21000,82914,1786477650,262991041400,12289301,KSQ,중견기업부
939,950170,KR8392080006,JTC,KOSDAQ,외국기업(소속부없음),5080,2,-90,-1.74,5190,5330,5020,147815,757742845,262871447840,51746348,KSQ,외국기업(소속부없음)
941,221800,KR7221800006,지구홀딩스,KOSDAQ,기술성장기업부,16080,2,-570,-3.42,16650,17000,15900,113043,1846203390,261018181920,16232474,KSQ,기술성장기업부
943,214180,KR7214180002,헥토이노베이션,KOSDAQ,우량기업부,19910,2,-640,-3.11,20950,21400,19620,194024,3907924060,258697936970,12993367,KSQ,우량기업부
944,256840,KR7256840000,한국비엔씨,KOSDAQ,우량기업부,3775,2,-55,-1.44,3835,3870,3710,422756,1595008463,258190694650,68394886,KSQ,우량기업부
945,064550,KR7064550007,바이오니아,KOSDAQ,중견기업부,9990,1,60,0.6,10010,10030,9920,87112,868770550,257844807090,25810291,KSQ,중견기업부
949,121800,KR7121800007,비덴트,KOSDAQ,관리종목(소속부없음),3320,0,0,0.0,0,0,0,0,0,256309348520,77201611,KSQ,관리종목(소속부없음)
950,013120,KR7013120001,동원개발,KOSDAQ,우량기업부,2815,1,20,0.72,2795,2815,2770,70540,196294912,255624801500,90808100,KSQ,우량기업부
952,102120,KR7102120003,어보브반도체,KOSDAQ,벤처기업부,14370,2,-180,-1.24,14390,14840,14040,439243,6334528955,255509420610,17780753,KSQ,벤처기업부
953,126600,KR7126600006,BGF에코머티리얼즈,KOSDAQ,우량기업부,4070,2,-30,-0.73,4075,4145,4020,147978,598900953,255461278930,62766899,KSQ,우량기업부
955,034810,KR7034810002,해성산업,KOSDAQ,중견기업부,7840,1,90,1.16,7750,7890,7670,32856,255631730,255245758880,32556857,KSQ,중견기업부
956,211270,KR7211270004,AP위성,KOSDAQ,우량기업부,16920,1,80,0.48,16740,16990,16160,175069,2889807085,255192583680,15082304,KSQ,우량기업부
957,054450,KR7054450002,텔레칩스,KOSDAQ,중견기업부,16830,1,2290,15.75,15810,17860,15150,3487408,59255733155,254877441390,15144233,KSQ,중견기업부
958,402030,KR7402030001,코난테크놀로지,KOSDAQ,기술성장기업부,20350,1,300,1.5,20550,20650,20100,20312,411728500,254730880800,12517488,KSQ,기술성장기업부
959,194480,KR7194480000,데브시스터즈,KOSDAQ,벤처기업부,20900,1,50,0.24,21000,21200,20650,32524,678270875,253499235000,12129150,KSQ,벤처기업부
960,377460,KR7377460001,큐에이드,KOSDAQ,관리종목(소속부없음),4080,0,0,0.0,0,0,0,0,0,253187202960,62055687,KSQ,관리종목(소속부없음)
962,206640,KR7206640005,바디텍메드,KOSDAQ,우량기업부,11500,1,270,2.4,11330,11650,11180,31385,355809990,251941091500,21907921,KSQ,우량기업부
964,462860,KR7462860008,더즌,KOSDAQ,벤처기업부,3495,2,-5,-0.14,3505,3535,3425,187011,650302444,251274863370,71895526,KSQ,벤처기업부
966,353810,KR7353810005,이지바이오,KOSDAQ,우량기업부,7580,2,-10,-0.13,7600,7720,7480,66893,508474805,250760953600,33081920,KSQ,우량기업부
967,0011A0,KR70011A0009,액스비스,KOSDAQ,벤처기업부,26800,1,950,3.68,26250,28850,26100,779936,21472920550,250144232000,9333740,KSQ,벤처기업부
968,314130,KR7314130006,지놈앤컴퍼니,KOSDAQ,기술성장기업부,6900,2,-150,-2.13,7170,7350,6560,348680,2443907805,249496610100,36158929,KSQ,기술성장기업부
969,052330,KR7052330008,코텍,KOSDAQ,우량기업부,14010,1,2310,19.74,11700,14500,11690,822851,11119178275,248839861890,17761589,KSQ,우량기업부
970,042600,KR7042600007,새로닉스,KOSDAQ,중견기업부,19950,2,-1350,-6.34,21100,21150,19720,44493,896157315,247850301300,12423574,KSQ,중견기업부
972,484120,KR7484120001,도우인시스,KOSDAQ,중견기업부,22600,2,-800,-3.42,23400,23400,22150,23434,528351225,247637737200,10957422,KSQ,중견기업부
973,264850,KR7264850009,이랜시스,KOSDAQ,중견기업부,8170,1,50,0.62,8500,9010,7910,25933138,221202090170,247506980040,30294612,KSQ,중견기업부
975,017510,KR7017510009,세명전기,KOSDAQ,벤처기업부,16200,2,-50,-0.31,15110,17970,14860,4563454,74859530410,246985200000,15246000,KSQ,벤처기업부
976,289930,KR7289930000,웨이비스,KOSDAQ,기술성장기업부,18900,2,-500,-2.58,19410,19890,17800,394044,7333720340,246059289000,13019010,KSQ,기술성장기업부
977,293580,KR7293580007,나우IB,KOSDAQ,중견기업부,2575,1,50,1.98,2605,2680,2530,1772504,4619189795,244444621250,94929950,KSQ,중견기업부
979,481070,KR7481070001,에이유브랜즈,KOSDAQ,중견기업부,16960,1,310,1.86,16710,17140,16460,6320,106015620,241849600000,14260000,KSQ,중견기업부
980,036030,KR7036030005,케이티알파,KOSDAQ,우량기업부,4930,1,30,0.61,4900,4950,4755,152345,737594340,241665065190,49019283,KSQ,우량기업부
981,095700,KR7095700001,제넥신,KOSDAQ,기술성장기업부,5300,1,100,1.92,5200,5340,5140,277644,1454798590,241364618200,45540494,KSQ,기술성장기업부
982,950140,KR8840110108,잉글우드랩,KOSDAQ,외국기업(소속부없음),12130,1,490,4.21,11750,12230,11750,83236,1000605735,240997214580,19867866,KSQ,외국기업(소속부없음)
983,418420,KR7418420006,라온텍,KOSDAQ,기술성장기업부,7840,1,640,8.89,7200,7850,6620,592036,4408318190,240695314720,30700933,KSQ,기술성장기업부
985,059120,KR7059120006,아진엑스텍,KOSDAQ,벤처기업부,13100,1,540,4.3,12190,13100,12190,649447,8235970530,239861864600,18310066,KSQ,벤처기업부
986,216080,KR7216080002,제테마,KOSDAQ,벤처기업부,6430,2,-60,-0.92,6510,6590,6350,123408,794610230,239254506570,37209099,KSQ,벤처기업부
989,285490,KR7285490009,노바텍,KOSDAQ,벤처기업부,22600,2,-250,-1.09,22800,23000,22350,42080,949285175,239013780600,10575831,KSQ,벤처기업부
990,125210,KR7125210005,아모그린텍,KOSDAQ,우량기업부,14480,2,-620,-4.11,15070,15070,14170,447110,6550403975,238873519200,16496790,KSQ,우량기업부
991,270660,KR7270660004,에브리봇,KOSDAQ,벤처기업부,18780,1,140,0.75,18960,19300,18710,67138,1275544080,238329148740,12690583,KSQ,벤처기업부
1001,403850,KR7403850001,더핑크퐁컴퍼니,KOSDAQ,중견기업부,16390,1,390,2.44,16300,17490,16200,90952,1540392880,235213053900,14351010,KSQ,중견기업부
1003,237880,KR7237880000,클리오,KOSDAQ,우량기업부,12990,1,70,0.54,13220,13250,12920,18416,239836245,234746875470,18071353,KSQ,우량기업부
1004,232680,KR7232680009,라온로보틱스,KOSDAQ,기술성장기업부,17890,1,890,5.24,17140,18750,17000,1406825,25262007465,234644327610,13115949,KSQ,기술성장기업부
1005,119610,KR7119610004,인터로조,KOSDAQ,우량기업부,20550,2,-550,-2.61,21050,21100,19950,130861,2658089135,234552500850,11413747,KSQ,우량기업부
1006,264450,KR7264450008,유비쿼스,KOSDAQ,우량기업부,15990,2,-360,-2.2,16290,17000,15720,201689,3273206615,234501233070,14665493,KSQ,우량기업부
1008,065710,KR7065710006,서호전기,KOSDAQ,우량기업부,45450,2,-50,-0.11,45500,45750,45000,22634,1026089650,234067500000,5150000,KSQ,우량기업부
1009,036190,KR7036190007,금화피에스시,KOSDAQ,우량기업부,38950,2,-300,-0.76,39250,39500,38400,13043,505097600,233700000000,6000000,KSQ,우량기업부
1011,073010,KR7073010001,케이에스피,KOSDAQ,우량기업부,5800,2,-310,-5.07,6020,6140,5680,825186,4826608795,233109250000,40191250,KSQ,우량기업부
1012,0004V0,KR70004V0003,엔비알모션,KOSDAQ,기술성장기업부,22400,1,650,2.99,22450,23000,21100,1354965,30036189850,233060083200,10404468,KSQ,기술성장기업부
1013,068930,KR7068930007,디지털대성,KOSDAQ,우량기업부,8420,2,-60,-0.71,8480,8700,8310,39729,339829570,233026379640,27675342,KSQ,우량기업부
1014,166480,KR7166480004,코아스템켐온,KOSDAQ,벤처기업부,4405,1,700,18.89,3705,4425,3650,2251442,9246635613,232894006280,52870376,KSQ,벤처기업부
1016,461300,KR7461300006,아이스크림미디어,KOSDAQ,벤처기업부,17440,2,-20,-0.11,17820,17820,17300,29989,524221870,231994431520,13302433,KSQ,벤처기업부
1017,058820,KR7058820002,CMG제약,KOSDAQ,중견기업부,1569,2,-64,-3.92,1640,1640,1549,1596916,2516932537,231964385127,147842183,KSQ,중견기업부
1020,380550,KR7380550004,뉴로핏,KOSDAQ,기술성장기업부,19100,1,100,0.53,19010,19460,18840,108548,2073783205,230954048500,12091835,KSQ,기술성장기업부
1022,041020,KR7041020009,폴라리스오피스,KOSDAQ,벤처기업부,4640,3,0,0.0,4645,4865,4565,1507909,7062108123,230532799520,49683793,KSQ,벤처기업부
1023,146320,KR7146320007,비씨엔씨,KOSDAQ,벤처기업부,18000,2,-150,-0.83,18140,18520,17400,123911,2211517790,230362614000,12797923,KSQ,벤처기업부
1024,024060,KR7024060006,흥구석유,KOSDAQ,중견기업부,15270,2,-120,-0.78,15600,15640,15070,596269,9116171990,229050000000,15000000,KSQ,중견기업부
1025,357580,KR7357580000,아모센스,KOSDAQ,기술성장기업부,19540,2,-120,-0.61,19470,20700,19000,220300,4421168515,228961259180,11717567,KSQ,기술성장기업부
1027,039860,KR7039860002,나노엔텍,KOSDAQ,중견기업부,6000,2,-270,-4.31,6270,6280,5890,627825,3802321655,228558318000,38093053,KSQ,중견기업부
1029,417010,KR7417010006,나노팀,KOSDAQ,벤처기업부,11270,2,-60,-0.53,11350,11600,10710,285059,3161004480,227346644560,20172728,KSQ,벤처기업부
1030,118990,KR7118990001,모트렉스,KOSDAQ,우량기업부,9210,1,170,1.88,9070,9470,8960,420438,3893854885,225989186910,24537371,KSQ,우량기업부
1032,308080,KR7308080001,바이젠셀,KOSDAQ,기술성장기업부,10940,1,420,3.99,10590,11040,10390,805840,8648016275,224261904400,20499260,KSQ,기술성장기업부
1033,104480,KR7104480009,티케이케미칼,KOSDAQ,중견기업부,2465,2,-35,-1.4,2480,2620,2455,919548,2310630002,224057244810,90895434,KSQ,중견기업부
1034,299030,KR7299030007,하나기술,KOSDAQ,벤처기업부,28000,2,-800,-2.78,29000,29000,27600,54574,1532952300,223857480000,7994910,KSQ,벤처기업부
1035,011560,KR7011560000,세보엠이씨,KOSDAQ,우량기업부,21600,2,-650,-2.92,22050,22100,21400,18460,400300050,223560000000,10350000,KSQ,우량기업부
1036,293780,KR7293780003,압타바이오,KOSDAQ,기술성장기업부,7950,2,-50,-0.63,8000,8220,7900,95034,759912845,223342569750,28093405,KSQ,기술성장기업부
1037,051980,KR7051980001,중앙첨단소재,KOSDAQ,중견기업부,2010,1,164,8.88,1846,2150,1833,5430983,10873561618,223294335090,111091709,KSQ,중견기업부
1038,264660,KR7264660002,씨앤지하이테크,KOSDAQ,우량기업부,22950,2,-450,-1.92,22750,23900,22150,157030,3577080725,223100897400,9721172,KSQ,우량기업부
1041,036560,KR7036560001,KZ정밀,KOSDAQ,우량기업부,14060,2,-100,-0.71,14200,14300,13920,7401,104415685,221445000000,15750000,KSQ,우량기업부
1042,039840,KR7039840004,디오,KOSDAQ,중견기업부,16500,1,120,0.73,16400,16740,16100,19217,314681625,221361162000,13415828,KSQ,중견기업부
1044,371950,KR7371950007,풍원정밀,KOSDAQ,기술성장기업부,9760,1,60,0.62,9800,10100,9670,68478,672421020,221186468480,22662548,KSQ,기술성장기업부
1046,083930,KR7083930008,아바코,KOSDAQ,우량기업부,15060,2,-550,-3.52,15600,15600,14960,196904,2990167100,221039369940,14677249,KSQ,우량기업부
1047,140670,KR7140670001,알에스오토메이션,KOSDAQ,중견기업부,17140,1,620,3.75,16800,17660,16800,638935,11044722885,220074857600,12839840,KSQ,중견기업부
1051,101170,KR7101170009,우림피티에스,KOSDAQ,벤처기업부,16250,1,1660,11.38,15140,17650,14950,6913264,115452719745,219375000000,13500000,KSQ,벤처기업부
1052,950250,KR8826050005,테라뷰,KOSDAQ,기술성장기업부,6170,1,130,2.15,6000,6930,5880,2681127,17375772225,219144400270,35517731,KSQ,기술성장기업부
1055,039560,KR7039560008,다산네트웍스,KOSDAQ,중견기업부,5120,2,-90,-1.73,5210,5330,4960,734720,3730859559,218034007040,42584767,KSQ,중견기업부
1056,452190,KR7452190002,한빛레이저,KOSDAQ,벤처기업부,9100,2,-150,-1.62,8800,9600,8420,2252716,20631600560,217677068700,23920557,KSQ,벤처기업부
1057,101970,KR7101970002,우양에이치씨,KOSDAQ,중견기업부,14680,1,350,2.44,14440,14850,13850,29465,425945800,217117332120,14790009,KSQ,중견기업부
1059,054920,KR7054920004,한컴위드,KOSDAQ,중견기업부,7680,2,-490,-6.0,7850,8060,7500,1676964,13024182600,216707182080,28217081,KSQ,중견기업부
1060,289080,KR7289080004,SV인베스트먼트,KOSDAQ,중견기업부,3985,2,-35,-0.87,4010,4095,3930,610066,2429209349,216450543170,54316322,KSQ,중견기업부
1062,123860,KR7123860009,아나패스,KOSDAQ,우량기업부,17840,1,440,2.53,17400,17990,17300,41501,735461050,216281723600,12123415,KSQ,우량기업부
1064,040160,KR7040160004,누리플렉스,KOSDAQ,중견기업부,17700,1,150,0.85,18000,18190,17300,45611,812465845,213382969500,12055535,KSQ,중견기업부
1067,080160,KR7080160005,모두투어,KOSDAQ,우량기업부,11210,1,10,0.09,11200,11350,11110,74926,839199035,211869000000,18900000,KSQ,우량기업부
1069,203400,KR7203400007,에이비온,KOSDAQ,기술성장기업부,2335,2,-65,-2.71,2470,2470,2300,472920,1113263626,210386544840,90101304,KSQ,기술성장기업부
1071,121440,KR7121440002,골프존홀딩스,KOSDAQ,우량기업부,4905,2,-45,-0.91,4950,4960,4835,136910,668645327,210114592290,42836818,KSQ,우량기업부
1072,037030,KR7037030004,파워넷,KOSDAQ,우량기업부,8230,1,20,0.24,8090,8390,7530,3931774,31540057965,209971924160,25512992,KSQ,우량기업부
1074,179290,KR7179290002,엠아이텍,KOSDAQ,우량기업부,6470,1,10,0.15,6460,6520,6410,40585,261928670,209405936660,32365678,KSQ,우량기업부
1076,163730,KR7163730005,핑거,KOSDAQ,벤처기업부,22250,1,1500,7.23,20600,22300,20150,212923,4543683150,209296138000,9406568,KSQ,벤처기업부
1079,458650,KR7458650009,성우,KOSDAQ,벤처기업부,13860,3,0,0.0,13850,14090,13600,69172,951135430,208532986200,15045670,KSQ,벤처기업부
1081,053080,KR7053080008,케이엔솔,KOSDAQ,중견기업부,16000,2,-500,-3.03,16490,16650,15480,312886,4991521060,207996912000,12999807,KSQ,중견기업부
1082,259630,KR7259630002,엠플러스,KOSDAQ,우량기업부,17170,2,-70,-0.41,17240,17600,16850,178076,3040098290,207924991280,12109784,KSQ,우량기업부
1083,377450,KR7377450002,리파인,KOSDAQ,우량기업부,11940,2,-10,-0.08,11950,12200,11730,9161,108792220,206920200000,17330000,KSQ,우량기업부
1084,234690,KR7234690006,녹십자웰빙,KOSDAQ,우량기업부,11510,2,-770,-6.27,12280,12470,11420,232416,2743315865,206757467900,17963290,KSQ,우량기업부
1085,322180,KR7322180001,LS티라유텍,KOSDAQ,벤처기업부,9880,1,330,3.46,9450,11210,9410,1198887,12359995345,206709201920,20921984,KSQ,벤처기업부
1086,380540,KR7380540005,옵티코어,KOSDAQ,관리종목(소속부없음),4225,0,0,0.0,0,0,0,0,0,206658130575,48913167,KSQ,관리종목(소속부없음)
1087,297090,KR7297090003,씨에스베어링,KOSDAQ,투자주의환기종목(소속부없음),7570,2,-200,-2.57,7800,7890,7530,145597,1110623800,206433900000,27270000,KSQ,투자주의환기종목(소속부없음)
1088,469610,KR7469610000,이노테크,KOSDAQ,중견기업부,23100,1,50,0.22,23500,24300,22700,174900,4091259975,206396190000,8934900,KSQ,중견기업부
1090,047770,KR7047770003,코데즈컴바인,KOSDAQ,중견기업부,5440,1,60,1.12,5320,5530,5250,1117823,6013844500,205863754880,37842602,KSQ,중견기업부
1091,060150,KR7060150000,인선이엔티,KOSDAQ,중견기업부,4405,1,15,0.34,4450,4455,4330,99364,433017044,205112710860,46563612,KSQ,중견기업부
1092,032620,KR7032620007,GC메디아이,KOSDAQ,우량기업부,3920,3,0,0.0,3935,3940,3885,75813,296396001,204612784880,52197139,KSQ,우량기업부
1093,115310,KR7115310005,인포바인,KOSDAQ,벤처기업부,12810,1,160,1.26,12660,12950,11880,9491,120165805,204504156150,15964415,KSQ,벤처기업부
1096,489500,KR7489500009,엘케이켐,KOSDAQ,벤처기업부,32300,2,-1150,-3.44,33450,33950,31750,81589,2640939125,202781208800,6278056,KSQ,벤처기업부
1099,307750,KR7307750000,국전,KOSDAQ,중견기업부,3735,2,-15,-0.4,3750,3820,3700,233638,872038532,201638785680,53986288,KSQ,중견기업부
1100,115500,KR7115500001,케이씨에스,KOSDAQ,중견기업부,16750,2,-450,-2.62,17000,17470,16100,423882,7038179920,201000000000,12000000,KSQ,중견기업부
1102,267320,KR7267320000,나인테크,KOSDAQ,벤처기업부,3495,2,-170,-4.64,3650,3655,3460,2095993,7405294776,200666456025,57415295,KSQ,벤처기업부
1105,445180,KR7445180003,퓨릿,KOSDAQ,우량기업부,11560,2,-620,-5.09,12180,12410,11420,119200,1395740545,198707013280,17189188,KSQ,우량기업부
1106,122990,KR7122990005,와이솔,KOSDAQ,중견기업부,7450,2,-10,-0.13,7460,7580,7400,70383,526787100,198461153450,26639081,KSQ,중견기업부
1109,115440,KR7115440000,우리넷,KOSDAQ,우량기업부,18220,1,1560,9.36,16700,19690,15610,5489459,99212193690,196672000240,10794292,KSQ,우량기업부
1112,475230,KR7475230009,엔알비,KOSDAQ,벤처기업부,18030,2,-150,-0.83,18140,18400,17520,109871,1957776375,196503254490,10898683,KSQ,벤처기업부
1113,032940,KR7032940009,원익,KOSDAQ,우량기업부,10800,2,-320,-2.88,11120,11500,10800,99532,1092519600,196486884000,18193230,KSQ,우량기업부
1116,123410,KR7123410003,코리아에프티,KOSDAQ,우량기업부,7030,1,110,1.59,6920,7180,6850,216265,1521333050,195722679920,27841064,KSQ,우량기업부
1117,453450,KR7453450009,그리드위즈,KOSDAQ,중견기업부,24600,2,-150,-0.61,24450,25750,24250,258241,6452430250,195391650000,7942750,KSQ,중견기업부
1118,158430,KR7158430009,아톤,KOSDAQ,벤처기업부,7970,2,-390,-4.67,8330,8330,7840,911686,7321817390,195122273240,24482092,KSQ,벤처기업부
1119,005160,KR7005160007,동국산업,KOSDAQ,중견기업부,3595,2,-65,-1.78,3660,3725,3550,220097,796076688,195008912790,54244482,KSQ,중견기업부
1120,119830,KR7119830008,아이텍,KOSDAQ,중견기업부,7400,2,-150,-1.99,7500,7540,7170,211977,1557325130,194982770200,26349023,KSQ,중견기업부
1122,396270,KR7396270001,넥스트칩,KOSDAQ,벤처기업부,5890,1,780,15.26,5180,6000,5120,2283141,12916949465,193706968590,32887431,KSQ,벤처기업부
1123,282880,KR7282880004,코윈테크,KOSDAQ,우량기업부,16520,2,-160,-0.96,16680,17100,16420,79423,1320483375,193186234640,11694082,KSQ,우량기업부
1124,047310,KR7047310008,파워로직스,KOSDAQ,우량기업부,5270,1,220,4.36,5000,5370,5000,341006,1775060245,192938678850,36610755,KSQ,우량기업부
1125,473980,KR7473980001,노머스,KOSDAQ,기술성장기업부,17420,1,480,2.83,16940,17480,16590,47405,814064065,192618549240,11057322,KSQ,기술성장기업부
1126,159010,KR7159010008,아스플로,KOSDAQ,벤처기업부,14430,1,630,4.57,13650,14980,13300,428787,6109627355,192420283770,13334739,KSQ,벤처기업부
1128,123330,KR7123330003,제닉,KOSDAQ,우량기업부,24000,2,-300,-1.23,24500,24750,22850,278832,6628387900,191248320000,7968680,KSQ,우량기업부
1130,290740,KR7290740000,액트로,KOSDAQ,벤처기업부,18920,1,870,4.82,18060,19990,18060,410256,7889448765,190430008120,10065011,KSQ,벤처기업부
1131,002230,KR7002230001,피에스텍,KOSDAQ,우량기업부,10180,1,100,0.99,10090,10410,9930,201462,2043446310,190420157600,18705320,KSQ,우량기업부
1132,297890,KR7297890006,HB솔루션,KOSDAQ,우량기업부,2600,1,15,0.58,2535,2670,2480,1046383,2702252217,190166376400,73140914,KSQ,우량기업부
1134,046440,KR7046440004,KG파이낸셜,KOSDAQ,우량기업부,5000,2,-10,-0.2,5010,5020,4910,80958,400669529,190054010000,38010802,KSQ,우량기업부
1135,300080,KR7300080009,플리토,KOSDAQ,기술성장기업부,11500,1,110,0.97,11260,11580,11140,55063,629412860,189812686500,16505451,KSQ,기술성장기업부
1139,223250,KR7223250002,드림씨아이에스,KOSDAQ,벤처기업부,7640,1,1390,22.24,7030,8060,5480,11474529,79682714490,187947392160,24600444,KSQ,벤처기업부
1140,016790,KR7016790008,현대사료,KOSDAQ,관리종목(소속부없음),994,0,0,0.0,0,0,0,0,0,187340898626,188471729,KSQ,관리종목(소속부없음)
1142,365330,KR7365330000,에스와이스틸텍,KOSDAQ,우량기업부,3730,2,-165,-4.24,3770,3775,3665,703135,2609967948,187137830000,50171000,KSQ,우량기업부
1143,143160,KR7143160000,아이디스,KOSDAQ,우량기업부,17430,1,180,1.04,17260,17450,16300,9000,154611300,186786677700,10716390,KSQ,우량기업부
1146,446540,KR7446540007,메가터치,KOSDAQ,중견기업부,7170,2,-50,-0.69,7200,7450,6960,223100,1581677605,186160080330,25963749,KSQ,중견기업부
1147,003100,KR7003100005,선광,KOSDAQ,우량기업부,28200,1,300,1.08,27150,28450,26800,58338,1599458500,186120000000,6600000,KSQ,우량기업부
1148,220260,KR7220260004,켐트로스,KOSDAQ,벤처기업부,5800,2,-200,-3.33,6010,6010,5700,258060,1505765505,186017919000,32072055,KSQ,벤처기업부
1149,066620,KR7066620006,국보디자인,KOSDAQ,우량기업부,24750,1,250,1.02,25000,25000,24150,9430,231751975,185625000000,7500000,KSQ,우량기업부
1150,038390,KR7038390001,레드캡투어,KOSDAQ,우량기업부,11080,1,100,0.91,11200,11200,11000,17801,197193875,185266707760,16720822,KSQ,우량기업부
1151,082800,KR7082800004,비보존 제약,KOSDAQ,중견기업부,3050,2,-50,-1.61,3100,3125,3010,236982,724222141,185194981300,60719666,KSQ,중견기업부
1152,187790,KR7187790001,나노,KOSDAQ,벤처기업부,6000,2,-820,-12.02,6660,6800,5870,1111514,6913320610,185044980000,30840830,KSQ,벤처기업부
1153,037350,KR7037350006,성도이엔지,KOSDAQ,우량기업부,12140,2,-240,-1.94,12390,12510,12000,261038,3199489490,184649400000,15210000,KSQ,우량기업부
1154,086980,KR7086980000,쇼박스,KOSDAQ,중견기업부,2945,2,-85,-2.81,3050,3050,2905,424310,1255621107,184468910000,62638000,KSQ,중견기업부
1155,396300,KR7396300006,세아메카닉스,KOSDAQ,우량기업부,6950,1,480,7.42,6550,6950,6550,837337,5714711920,184102025000,26489500,KSQ,우량기업부
1156,037070,KR7037070000,파세코,KOSDAQ,중견기업부,9200,1,50,0.55,9100,9250,9060,45818,419051750,184000000000,20000000,KSQ,중견기업부
1157,039830,KR7039830005,오로라,KOSDAQ,우량기업부,16980,2,-470,-2.69,17430,17430,16330,85117,1428460500,182753872200,10762890,KSQ,우량기업부
1158,008830,KR7008830002,대동기어,KOSDAQ,중견기업부,20300,2,-100,-0.49,20050,20700,20000,141287,2865701825,182446656000,8987520,KSQ,중견기업부
1159,056090,KR7056090004,시지메드텍,KOSDAQ,벤처기업부,1765,2,-9,-0.51,1763,1815,1721,737662,1296562981,182252198540,103259036,KSQ,벤처기업부
1160,062970,KR7062970009,한국첨단소재,KOSDAQ,중견기업부,3190,1,100,3.24,3125,3190,2970,4023481,12452321955,182112678660,57088614,KSQ,중견기업부
1162,088130,KR7088130000,동아엘텍,KOSDAQ,우량기업부,10400,2,-340,-3.17,10660,10840,10140,506295,5278014485,181847265600,17485314,KSQ,우량기업부
1165,068790,KR7068790005,DMS,KOSDAQ,우량기업부,8030,1,10,0.12,8040,8170,7900,94377,757777205,181238898720,22570224,KSQ,우량기업부
1167,041440,KR7041440009,현대에버다임,KOSDAQ,우량기업부,10110,2,-320,-3.07,9980,10160,9810,1303939,13014664220,181130193840,17915944,KSQ,우량기업부
1168,143240,KR7143240000,사람인,KOSDAQ,우량기업부,16870,1,240,1.44,16670,16940,16620,2277,38077110,181061171970,10732731,KSQ,우량기업부
1169,333430,KR7333430007,일승,KOSDAQ,중견기업부,5880,2,-190,-3.13,6070,6070,5750,177932,1047876445,180673272360,30726747,KSQ,중견기업부
1170,357880,KR7357880004,SKAI,KOSDAQ,기술성장기업부,3490,1,220,6.73,3270,3740,3200,4360777,15480522691,180659218310,51764819,KSQ,기술성장기업부
1171,071200,KR7071200000,인피니트헬스케어,KOSDAQ,중견기업부,7400,2,-110,-1.46,7510,7560,7300,65136,481133675,180533789200,24396458,KSQ,중견기업부
1172,204610,KR7204610000,티쓰리,KOSDAQ,벤처기업부,3280,1,10,0.31,3270,3320,3170,208989,676838584,180405641600,55001720,KSQ,벤처기업부
1173,217820,KR7217820000,원익피앤이,KOSDAQ,중견기업부,3800,2,-80,-2.06,3880,3940,3750,299920,1145487989,180327324200,47454559,KSQ,중견기업부
1175,126730,KR7126730001,코칩,KOSDAQ,벤처기업부,20500,2,-550,-2.61,21050,21200,20050,103775,2128465325,179787583000,8770126,KSQ,벤처기업부
1176,092130,KR7092130004,이크레더블,KOSDAQ,중견기업부,14900,1,80,0.54,14830,15000,14710,6885,102334720,179449640000,12043600,KSQ,중견기업부
1177,086890,KR7086890001,이수앱지스,KOSDAQ,중견기업부,4385,2,-120,-2.66,4505,4550,4380,221526,979610957,178777458550,40770230,KSQ,중견기업부
1179,338220,KR7338220007,뷰노,KOSDAQ,기술성장기업부,12750,2,-430,-3.26,13350,13470,12600,128362,1663774275,178523243250,14001823,KSQ,기술성장기업부
1180,149950,KR7149950008,아바텍,KOSDAQ,우량기업부,13050,2,-80,-0.61,13100,13130,12400,40946,527993330,178363524150,13667703,KSQ,우량기업부
1182,049430,KR7049430002,코메론,KOSDAQ,우량기업부,19660,2,-440,-2.19,20450,20450,19520,13726,270521210,177883680000,9048000,KSQ,우량기업부
1183,323350,KR7323350009,다원넥스뷰,KOSDAQ,기술성장기업부,22200,1,5000,29.07,17890,22350,17360,1214081,24939276555,177839138400,8010772,KSQ,기술성장기업부
1184,048870,KR7048870000,시너지이노베이션,KOSDAQ,중견기업부,2015,2,-5,-0.25,2015,2030,1997,129098,258950539,177535530445,88106963,KSQ,중견기업부
1185,474610,KR7474610003,RF시스템즈,KOSDAQ,벤처기업부,12390,2,-1150,-8.49,13730,13870,12090,796388,9903835745,177271758720,14307648,KSQ,벤처기업부
1187,282720,KR7282720002,금양그린파워,KOSDAQ,중견기업부,14560,2,-910,-5.88,15480,15510,14420,212708,3149612875,176459920000,12119500,KSQ,중견기업부
1189,086670,KR7086670007,비엠티,KOSDAQ,우량기업부,17730,1,470,2.72,17110,18220,17030,86013,1531690635,175985941050,9925885,KSQ,우량기업부
1190,340450,KR7340450006,지씨지놈,KOSDAQ,기술성장기업부,7440,2,-220,-2.87,7640,7720,7280,158837,1188597140,175961899920,23650793,KSQ,기술성장기업부
1191,114840,KR7114840002,아이패밀리에스씨,KOSDAQ,우량기업부,10110,2,-20,-0.2,10180,10260,9960,57301,579447640,175104189000,17319900,KSQ,우량기업부
1194,217270,KR7217270008,넵튠,KOSDAQ,중견기업부,3725,1,5,0.13,3785,3785,3660,52120,192725606,174090270175,46735643,KSQ,중견기업부
1197,083500,KR7083500009,에프엔에스테크,KOSDAQ,우량기업부,20200,2,-200,-0.98,20200,20700,19640,96652,1951888640,173229584400,8575722,KSQ,우량기업부
1201,024800,KR7024800005,유성티엔에스,KOSDAQ,우량기업부,4660,1,55,1.19,4615,4665,4510,66095,302335605,172661443920,37051812,KSQ,우량기업부
1206,054800,KR7054800008,아이디스홀딩스,KOSDAQ,중견기업부,16570,1,1070,6.9,15500,16690,15250,31430,506108720,171462316920,10347756,KSQ,중견기업부
1207,007330,KR7007330004,푸른저축은행,KOSDAQ,투자주의환기종목(소속부없음),11340,1,70,0.62,11330,11340,11150,7258,81775540,171038952000,15082800,KSQ,투자주의환기종목(소속부없음)
1208,023910,KR7023910003,대한약품,KOSDAQ,우량기업부,28500,1,50,0.18,28350,28500,28200,15167,429625875,171000000000,6000000,KSQ,우량기업부
1210,069510,KR7069510006,에스텍,KOSDAQ,우량기업부,15640,1,160,1.03,15480,15700,15190,9499,146896880,170632400000,10910000,KSQ,우량기업부
1211,106190,KR7106190002,하이텍팜,KOSDAQ,우량기업부,16000,2,-560,-3.38,16560,16910,15910,85231,1380218130,170130768000,10633173,KSQ,우량기업부
1212,038290,KR7038290003,마크로젠,KOSDAQ,중견기업부,15610,2,-90,-0.57,15600,15830,15540,45425,709298080,169234254000,10841400,KSQ,중견기업부
1213,011040,KR7011040003,경동제약,KOSDAQ,중견기업부,5500,2,-60,-1.08,5550,5550,5460,19594,107613165,169228213000,30768766,KSQ,중견기업부
1215,192440,KR7192440006,슈피겐코리아,KOSDAQ,우량기업부,27200,1,950,3.62,26350,27350,26050,6988,186883125,169085073600,6216363,KSQ,우량기업부
1216,013310,KR7013310008,아진산업,KOSDAQ,우량기업부,4355,1,85,1.99,4360,4895,4100,9160958,41512770914,169002664610,38806582,KSQ,우량기업부
1217,321370,KR7321370009,센서뷰,KOSDAQ,기술성장기업부,3270,1,85,2.67,3190,3340,3000,2424688,7615210408,168944242620,51664906,KSQ,기술성장기업부
1220,033340,KR7033340001,좋은사람들,KOSDAQ,중견기업부,1741,2,-19,-1.08,1741,1770,1700,796158,1378828355,168790921478,96950558,KSQ,중견기업부
1221,027710,KR7027710003,팜스토리,KOSDAQ,우량기업부,1512,1,85,5.96,1449,1542,1419,5629671,8503413958,168461899200,111416600,KSQ,우량기업부
1222,107600,KR7107600009,새빗켐,KOSDAQ,벤처기업부,29800,2,-500,-1.65,30350,30350,29200,37937,1121994075,168100429200,5640954,KSQ,벤처기업부
1223,334970,KR7334970001,프레스티지바이오로직스,KOSDAQ,기술성장기업부,2160,1,60,2.86,2150,2215,2105,75954,165268202,167945695920,77752637,KSQ,기술성장기업부
1224,235980,KR7235980000,메드팩토,KOSDAQ,기술성장기업부,4895,2,-95,-1.9,4990,5070,4805,228574,1114437725,167776717295,34275121,KSQ,기술성장기업부
1226,093640,KR7093640001,케이알엠,KOSDAQ,벤처기업부,5120,1,205,4.17,4930,5330,4925,184992,951082675,167298283520,32675446,KSQ,벤처기업부
1228,322510,KR7322510009,제이엘케이,KOSDAQ,기술성장기업부,6480,2,-50,-0.77,6550,6660,6330,234502,1515606850,166703780160,25725892,KSQ,기술성장기업부
1230,262260,KR7262260003,에이프로,KOSDAQ,우량기업부,11480,1,230,2.04,11250,11500,10070,246154,2610511450,166094384960,14468152,KSQ,우량기업부
1231,172670,KR7172670002,에이엘티,KOSDAQ,벤처기업부,18530,1,250,1.37,18440,18720,17330,173495,3089105850,166033599270,8960259,KSQ,벤처기업부
1232,148150,KR7148150006,세경하이테크,KOSDAQ,우량기업부,4660,3,0,0.0,4660,4685,4585,112699,521863530,165629531880,35542818,KSQ,우량기업부
1233,021080,KR7021080007,에이티넘인베스트,KOSDAQ,우량기업부,3445,1,185,5.67,3300,3510,3215,601447,2039044894,165360000000,48000000,KSQ,우량기업부
1234,042420,KR7042420000,네오위즈홀딩스,KOSDAQ,우량기업부,20300,2,-400,-1.93,20950,20950,20050,13192,266638650,165288344900,8142283,KSQ,우량기업부
1235,234030,KR7234030005,싸이닉솔루션,KOSDAQ,중견기업부,7000,2,-60,-0.85,7060,7190,6850,153288,1067204725,165235000000,23605000,KSQ,중견기업부
1237,290690,KR7290690007,소룩스,KOSDAQ,중견기업부,3325,3,0,0.0,3330,3490,3270,379257,1259992008,164046336300,49337244,KSQ,중견기업부
1238,260970,KR7260970009,에스앤디,KOSDAQ,우량기업부,56600,1,2900,5.4,53700,57900,53300,26607,1482535500,163729876400,2892754,KSQ,우량기업부
1241,105330,KR7105330005,케이엔더블유,KOSDAQ,중견기업부,10200,2,-390,-3.68,10590,10960,10060,63124,653301340,163399104000,16019520,KSQ,중견기업부
1242,306620,KR7306620006,지아이에스,KOSDAQ,벤처기업부,3405,2,-265,-7.22,3650,3650,3300,1413871,4849626966,163243136520,47942184,KSQ,벤처기업부
1244,054540,KR7054540000,삼영엠텍,KOSDAQ,우량기업부,12490,2,-410,-3.18,12650,12790,12350,163697,2044919355,162370000000,13000000,KSQ,우량기업부
1245,078890,KR7078890001,가온그룹,KOSDAQ,중견기업부,8800,1,500,6.02,8170,9100,7930,2262202,19282358835,162139498400,18424943,KSQ,중견기업부
1246,047560,KR7047560008,이스트소프트,KOSDAQ,중견기업부,13800,2,-80,-0.58,13690,14190,13690,36375,507080680,161986911600,11738182,KSQ,중견기업부
1247,108230,KR7108230004,톱텍,KOSDAQ,우량기업부,4245,2,-35,-0.82,4285,4305,4240,81246,346104440,161408675025,38023245,KSQ,우량기업부
1248,067280,KR7067280008,멀티캠퍼스,KOSDAQ,우량기업부,27200,2,-250,-0.91,27550,27550,27200,10113,276128250,161208388800,5926779,KSQ,우량기업부
1249,388790,KR7388790008,라이콤,KOSDAQ,벤처기업부,5260,1,100,1.94,5190,5480,5110,661427,3503289590,161030481600,30614160,KSQ,벤처기업부
1250,013990,KR7013990007,아가방컴퍼니,KOSDAQ,우량기업부,4880,3,0,0.0,4880,4950,4790,130580,633425961,160491175680,32887536,KSQ,우량기업부
1251,323990,KR7323990002,박셀바이오,KOSDAQ,기술성장기업부,6900,2,-120,-1.71,7000,7080,6760,201250,1384972465,160475680500,23257345,KSQ,기술성장기업부
1252,066410,KR7066410002,버킷스튜디오,KOSDAQ,투자주의환기종목(소속부없음),1153,0,0,0.0,0,0,0,0,0,159637252154,138453818,KSQ,투자주의환기종목(소속부없음)
1253,046070,KR7046070009,코다코,KOSDAQ,관리종목(소속부없음),10280,0,0,0.0,0,0,0,0,0,159196994920,15486089,KSQ,관리종목(소속부없음)
1254,408920,KR7408920007,메쎄이상,KOSDAQ,우량기업부,3675,1,100,2.8,3530,3775,3470,73170,268166950,158879272125,43232455,KSQ,우량기업부
1255,085670,KR7085670008,뉴프렉스,KOSDAQ,우량기업부,6490,1,30,0.46,6460,6550,6280,206626,1324555970,158685438890,24450761,KSQ,우량기업부
1256,250060,KR7250060001,모비스,KOSDAQ,기술성장기업부,4930,2,-190,-3.71,5100,5100,4715,985069,4851846737,158604578020,32171314,KSQ,기술성장기업부
1258,023600,KR7023600000,삼보판지,KOSDAQ,우량기업부,9860,1,30,0.31,9790,9930,9750,10915,107666860,157841838000,16008300,KSQ,우량기업부
1260,040300,KR7040300006,YTN,KOSDAQ,중견기업부,3305,1,20,0.61,3285,3410,3250,124629,412144620,157572418900,47676980,KSQ,중견기업부
1261,381620,KR7381620004,제닉스로보틱스,KOSDAQ,중견기업부,12010,1,1410,13.3,11090,12970,10780,4828027,57898738035,157546219200,13117920,KSQ,중견기업부
1262,072870,KR7072870009,메가스터디,KOSDAQ,우량기업부,13200,2,-40,-0.3,13240,13280,13010,14022,184150895,157356658800,11920959,KSQ,우량기업부
1263,093190,KR7093190007,빅솔론,KOSDAQ,우량기업부,8110,3,0,0.0,8050,8250,7900,14176,113637660,156027519550,19238905,KSQ,우량기업부
1264,136540,KR7136540002,윈스테크넷,KOSDAQ,우량기업부,12700,3,0,0.0,12600,12780,12540,39285,495796350,155952774200,12279746,KSQ,우량기업부
1265,067990,KR7067990002,도이치모터스,KOSDAQ,우량기업부,5330,1,140,2.7,5190,5350,5080,232960,1223558265,155537661500,29181550,KSQ,우량기업부
1266,192410,KR7192410009,오늘이엔엠,KOSDAQ,중견기업부,6660,1,1270,23.56,5390,7000,5290,1180730,7431536590,155383034760,23330786,KSQ,중견기업부
1268,242040,KR7242040004,나무기술,KOSDAQ,기술성장기업부,4475,2,-130,-2.82,4625,4880,4400,1431448,6593021072,154863031400,34606264,KSQ,기술성장기업부
1269,396470,KR7396470007,워트,KOSDAQ,중견기업부,9570,2,-550,-5.43,10020,10500,9410,1015580,10116504335,154268400000,16120000,KSQ,중견기업부
1270,456070,KR7456070002,이엔셀,KOSDAQ,기술성장기업부,14010,2,-350,-2.44,14370,14530,13920,77040,1089804615,154131253170,11001517,KSQ,기술성장기업부
1271,049960,KR7049960008,쎌바이오텍,KOSDAQ,벤처기업부,16390,1,530,3.34,15860,16440,15610,31759,513958135,154066000000,9400000,KSQ,벤처기업부
1273,036010,KR7036010007,아비코전자,KOSDAQ,중견기업부,11580,2,-550,-4.53,11800,12960,11200,402018,4961305525,153932175720,13292934,KSQ,중견기업부
1275,0007J0,KR70007J0006,인벤테라,KOSDAQ,기술성장기업부,19540,2,-250,-1.26,19940,20450,19110,133819,2624964950,153696051560,7865714,KSQ,기술성장기업부
1276,100590,KR7100590009,머큐리,KOSDAQ,중견기업부,8960,2,-940,-9.49,9800,10240,8600,3088977,28950856045,153570323200,17139545,KSQ,중견기업부
1277,095190,KR7095190005,신화프리텍,KOSDAQ,중견기업부,2350,2,-35,-1.47,2385,2390,2340,119766,282061060,153362085700,65260462,KSQ,중견기업부
1278,417500,KR7417500006,제이아이테크,KOSDAQ,우량기업부,4675,2,-130,-2.71,4780,4780,4600,408619,1905231479,153268678200,32784744,KSQ,우량기업부
1280,475580,KR7475580007,에이럭스,KOSDAQ,벤처기업부,11240,2,-430,-3.68,11800,11910,11210,267300,3057251275,153143876000,13624900,KSQ,벤처기업부
1283,080420,KR7080420003,모다이노칩,KOSDAQ,중견기업부,1909,2,-46,-2.35,1950,1950,1909,10416,20006942,152188576398,79721622,KSQ,중견기업부
1285,131030,KR7131030009,옵투스제약,KOSDAQ,우량기업부,8610,1,130,1.53,8480,8960,8470,82265,711245065,151937139900,17646590,KSQ,우량기업부
1286,044990,KR7044990000,에이치엔에스하이텍,KOSDAQ,기술성장기업부,19760,2,-240,-1.2,19500,20700,19220,152666,3051312710,151863998000,7685425,KSQ,기술성장기업부
1288,360070,KR7360070007,탑머티리얼,KOSDAQ,중견기업부,18530,2,-510,-2.68,19000,19070,18460,32174,600689850,151691082790,8186243,KSQ,중견기업부
1289,049080,KR7049080005,기가레인,KOSDAQ,벤처기업부,1787,2,-35,-1.92,1825,1910,1708,5391751,9665323304,151686541089,84883347,KSQ,벤처기업부
1290,089230,KR7089230007,THE E&M,KOSDAQ,중견기업부,4175,2,-150,-3.47,4320,4500,4150,537357,2292140755,151641652950,36321354,KSQ,중견기업부
1292,129920,KR7129920005,대성하이텍,KOSDAQ,벤처기업부,9310,2,-90,-0.96,9410,9630,8930,434791,4023904525,151275359760,16248696,KSQ,벤처기업부
1293,0015S0,KR70015S0005,페스카로,KOSDAQ,기술성장기업부,15280,1,1340,9.61,14050,16590,14000,458068,7090726660,150763634400,9866730,KSQ,기술성장기업부
1294,123040,KR7123040008,엠에스오토텍,KOSDAQ,중견기업부,2405,1,60,2.56,2390,2455,2335,210405,505914415,150621059095,62628299,KSQ,중견기업부
1295,215100,KR7215100009,로보로보,KOSDAQ,벤처기업부,7400,1,140,1.93,7420,7700,7390,724600,5459538445,150578559600,20348454,KSQ,벤처기업부
1296,336680,KR7336680004,탑런토탈솔루션,KOSDAQ,중견기업부,3845,1,45,1.18,3800,3885,3740,27840,106457720,150514670510,39145558,KSQ,중견기업부
1297,021320,KR7021320007,KCC건설,KOSDAQ,우량기업부,7020,2,-290,-3.97,7310,7310,6870,83575,582646630,150228000000,21400000,KSQ,우량기업부
1298,071280,KR7071280002,로체시스템즈,KOSDAQ,우량기업부,9820,2,-20,-0.2,9790,10100,9570,111583,1091616300,150212641460,15296603,KSQ,우량기업부
1299,005990,KR7005990007,매일홀딩스,KOSDAQ,우량기업부,11280,2,-40,-0.35,11310,11310,11170,1067,12031240,150004869120,13298304,KSQ,우량기업부
1300,366030,KR7366030005,공구우먼,KOSDAQ,중견기업부,6620,1,10,0.15,6700,6700,6420,120472,788461000,149968487000,22653850,KSQ,중견기업부
1301,063570,KR7063570006,NICE인프라,KOSDAQ,우량기업부,4385,1,45,1.04,4330,4405,4295,62026,268688227,149737787280,34147728,KSQ,우량기업부
1302,065450,KR7065450009,빅텍,KOSDAQ,벤처기업부,5070,2,-80,-1.55,5260,5330,4960,798076,4048611732,149543721210,29495803,KSQ,벤처기업부
1303,493330,KR7493330005,지에프아이,KOSDAQ,벤처기업부,19450,1,370,1.94,19080,19950,18770,27650,530384320,149417739700,7682146,KSQ,벤처기업부
1304,182360,KR7182360008,큐브엔터,KOSDAQ,우량기업부,9600,2,-110,-1.13,9710,9790,9400,39182,374848030,149278550400,15549849,KSQ,우량기업부
1305,136150,KR7136150000,원일티엔아이,KOSDAQ,벤처기업부,17810,2,-240,-1.33,18050,18270,17780,32485,580783670,149266144300,8381030,KSQ,벤처기업부
1308,187870,KR7187870001,디바이스,KOSDAQ,우량기업부,21100,1,900,4.46,20500,23350,19650,344441,7624963435,148472449900,7036609,KSQ,우량기업부
1309,382840,KR7382840007,원준,KOSDAQ,중견기업부,9710,2,-230,-2.31,9940,9940,9590,77637,753181155,148287051510,15271581,KSQ,중견기업부
1310,255440,KR7255440000,야스,KOSDAQ,벤처기업부,11350,2,-70,-0.61,11430,11710,11010,54445,613413930,148208300000,13058000,KSQ,벤처기업부
1311,141000,KR7141000000,비아트론,KOSDAQ,벤처기업부,12230,1,30,0.25,12000,12350,11840,79040,959408145,148162903300,12114710,KSQ,벤처기업부
1312,104460,KR7104460001,디와이피엔에프,KOSDAQ,우량기업부,14080,2,-180,-1.26,14320,14330,13980,25586,359624660,148094862080,10518101,KSQ,우량기업부
1313,214680,KR7214680001,디알텍,KOSDAQ,벤처기업부,1773,2,-20,-1.12,1793,1850,1754,207009,366072638,148004820288,83477056,KSQ,벤처기업부
1314,307930,KR7307930008,컴퍼니케이,KOSDAQ,중견기업부,9480,2,-50,-0.52,9430,9830,9270,158629,1501390960,147982800000,15610000,KSQ,중견기업부
1315,408470,KR7408470003,한패스,KOSDAQ,중견기업부,13970,2,-470,-3.25,14500,14550,13970,108040,1527003080,147690840000,10572000,KSQ,중견기업부
1318,389030,KR7389030008,지니너스,KOSDAQ,기술성장기업부,4395,2,-195,-4.25,4635,4635,4340,700650,3107877925,147344330775,33525445,KSQ,기술성장기업부
1319,045970,KR7045970001,코아시아,KOSDAQ,중견기업부,5580,2,-10,-0.18,5510,5700,5510,115764,645948910,146837008080,26314876,KSQ,중견기업부
1320,076610,KR7076610005,해성옵틱스,KOSDAQ,벤처기업부,2760,1,485,21.32,2275,2930,2240,25773240,70618325499,146764214400,53175440,KSQ,벤처기업부
1321,053700,KR7053700001,삼보모터스,KOSDAQ,우량기업부,5780,1,220,3.96,5500,6070,5500,637878,3748510945,146701896780,25380951,KSQ,우량기업부
1324,273640,KR7273640003,와이엠텍,KOSDAQ,벤처기업부,13270,1,200,1.53,13050,13390,12670,171741,2232204005,145518820000,10966000,KSQ,벤처기업부
1326,041520,KR7041520008,이엘씨,KOSDAQ,투자주의환기종목(소속부없음),11920,2,-90,-0.75,12010,12110,11600,35209,417134740,145289661600,12188730,KSQ,투자주의환기종목(소속부없음)
1327,156100,KR7156100000,엘앤케이바이오,KOSDAQ,벤처기업부,6490,2,-30,-0.46,6830,6830,6270,211223,1381610510,145058982970,22351153,KSQ,벤처기업부
1330,049950,KR7049950009,미래컴퍼니,KOSDAQ,중견기업부,16375,1,125,0.77,16250,16400,15970,59840,967525540,144392850500,8817884,KSQ,중견기업부
1331,090850,KR7090850009,현대이지웰,KOSDAQ,우량기업부,6080,1,60,1.0,6020,6090,5860,62116,371097725,144377874880,23746361,KSQ,우량기업부
1332,263720,KR7263720005,디앤씨미디어,KOSDAQ,우량기업부,11590,2,-130,-1.11,11720,11800,11570,9497,110404110,143861929690,12412591,KSQ,우량기업부
1333,263860,KR7263860009,지니언스,KOSDAQ,벤처기업부,15800,2,-70,-0.44,16050,16750,15750,75135,1203067250,143457680000,9079600,KSQ,벤처기업부
1334,049720,KR7049720006,고려신용정보,KOSDAQ,우량기업부,10030,3,0,0.0,10030,10120,10000,23106,231687725,143429000000,14300000,KSQ,우량기업부
1335,225190,KR7225190008,LK삼양,KOSDAQ,중견기업부,2030,1,10,0.5,2020,2080,1982,638501,1279874033,143050933200,70468440,KSQ,중견기업부
1336,005860,KR7005860002,한일사료,KOSDAQ,우량기업부,3630,1,30,0.83,3645,3655,3585,446940,1614737405,143035376550,39403685,KSQ,우량기업부
1337,256940,KR7256940008,킵스파마,KOSDAQ,벤처기업부,7120,2,-140,-1.93,7250,7430,6990,111782,796110780,142956406640,20078147,KSQ,벤처기업부
1338,109610,KR7109610006,에스와이,KOSDAQ,중견기업부,2920,2,-135,-4.42,2965,2975,2890,308596,899902851,142809608000,48907400,KSQ,중견기업부
1340,090470,KR7090470006,제이스로보틱스,KOSDAQ,벤처기업부,8140,2,-50,-0.61,8150,8170,7840,105560,843431455,142259475160,17476594,KSQ,벤처기업부
1342,006620,KR7006620009,동구바이오제약,KOSDAQ,우량기업부,4990,1,35,0.71,5000,5050,4960,74357,372280990,142040310080,28464992,KSQ,우량기업부
1345,042510,KR7042510008,라온시큐어,KOSDAQ,벤처기업부,12640,2,-680,-5.11,13380,13380,12410,271023,3436701310,141633399360,11205174,KSQ,벤처기업부
1346,052420,KR7052420007,오성첨단소재,KOSDAQ,우량기업부,1448,0,0,0.0,0,0,0,0,0,141064299008,97420096,KSQ,우량기업부
1347,067000,KR7067000000,조이시티,KOSDAQ,중견기업부,2015,2,-50,-2.42,2070,2100,1999,401915,815059870,140855443690,69903446,KSQ,중견기업부
1348,086960,KR7086960002,MDS테크,KOSDAQ,우량기업부,3420,1,630,22.58,3155,3625,3000,20649534,71754236004,140483230560,41076968,KSQ,우량기업부
1350,039980,KR7039980008,폴라리스AI,KOSDAQ,중견기업부,9640,1,1690,21.26,8090,10250,7750,4623713,43165127190,140317478200,14555755,KSQ,중견기업부
1351,066310,KR7066310004,큐에스아이,KOSDAQ,벤처기업부,15130,2,-410,-2.64,15520,16280,14610,489912,7576220280,140279625730,9271621,KSQ,벤처기업부
1353,222040,KR7222040008,코스맥스엔비티,KOSDAQ,중견기업부,6790,4,1560,29.83,6790,6790,6790,343735,2333773450,140064120000,20628000,KSQ,중견기업부
1354,122450,KR7122450000,KX,KOSDAQ,중견기업부,3125,1,40,1.3,3080,3155,3065,67953,211373177,140061981250,44819834,KSQ,중견기업부
1355,443670,KR7443670005,에스피소프트,KOSDAQ,중견기업부,5660,2,-110,-1.91,5810,5990,5620,257992,1495845755,140036278720,24741392,KSQ,중견기업부
1360,310200,KR7310200001,애니플러스,KOSDAQ,중견기업부,2655,2,-5,-0.19,2665,2695,2590,172805,455278077,138492329580,52162836,KSQ,중견기업부
1361,047820,KR7047820006,초록뱀미디어,KOSDAQ,중견기업부,5660,1,190,3.47,5470,5720,5450,141169,794795155,138409243800,24453930,KSQ,중견기업부
1364,413630,KR7413630005,씨피시스템,KOSDAQ,벤처기업부,3785,1,95,2.57,3745,3875,3680,165042,626241909,137912629410,36436626,KSQ,벤처기업부
1365,089600,KR7089600001,KT나스미디어,KOSDAQ,우량기업부,11920,1,20,0.17,11900,11960,11800,7323,86958250,137892502960,11568163,KSQ,우량기업부
1366,025950,KR7025950007,동신건설,KOSDAQ,우량기업부,16380,2,-330,-1.97,16500,16690,16010,37361,609161585,137592000000,8400000,KSQ,우량기업부
1367,240550,KR7240550004,동방메디컬,KOSDAQ,중견기업부,6570,1,140,2.18,6430,6620,6370,103431,671146265,137535985800,20933940,KSQ,중견기업부
1374,067900,KR7067900001,와이엔텍,KOSDAQ,우량기업부,7500,1,110,1.49,7390,7540,7380,54536,407747385,136497442500,18199659,KSQ,우량기업부
1375,331740,KR7331740001,아우토크립트,KOSDAQ,기술성장기업부,13980,2,-270,-1.89,14260,14520,13970,70673,996798285,136300680180,9749691,KSQ,기술성장기업부
1376,309960,KR7309960003,LB인베스트먼트,KOSDAQ,중견기업부,5870,2,-60,-1.01,5920,5940,5750,43339,254504790,136285192930,23217239,KSQ,중견기업부
1377,464490,KR7464490002,쿼드메디슨,KOSDAQ,기술성장기업부,11860,2,-140,-1.17,12060,12320,11760,81580,974239285,136177860180,11482113,KSQ,기술성장기업부
1379,038110,KR7038110003,에코플라스틱,KOSDAQ,우량기업부,3300,2,-35,-1.05,3360,3400,3220,797772,2617378759,135858921000,41169370,KSQ,우량기업부
1380,217330,KR7217330000,싸이토젠,KOSDAQ,기술성장기업부,5870,2,-340,-5.48,6250,6450,5700,610346,3585997895,135770440890,23129547,KSQ,기술성장기업부
1382,432470,KR7432470003,케이엔에스,KOSDAQ,벤처기업부,15380,1,280,1.85,15190,16200,15100,325366,5089763175,134906531280,8771556,KSQ,벤처기업부
1383,052260,KR7052260007,현대바이오랜드,KOSDAQ,우량기업부,4490,1,30,0.67,4460,4590,4435,90991,411357380,134700000000,30000000,KSQ,우량기업부
1384,205100,KR7205100001,엑셈,KOSDAQ,벤처기업부,1904,2,-16,-0.83,1920,1964,1892,371660,713034803,134586949392,70686423,KSQ,벤처기업부
1385,109740,KR7109740001,디에스케이,KOSDAQ,벤처기업부,5230,2,-60,-1.13,5640,5640,5100,62618,324014780,134465339700,25710390,KSQ,벤처기업부
1388,096250,KR7096250006,와이즈넛,KOSDAQ,기술성장기업부,10180,2,-20,-0.2,10200,10390,10100,46377,471749210,133412401920,13105344,KSQ,기술성장기업부
1390,035080,KR7035080001,그래디언트,KOSDAQ,중견기업부,11640,1,160,1.39,11430,11700,11310,31065,358264385,133060145760,11431284,KSQ,중견기업부
1391,317770,KR7317770006,엑스페릭스,KOSDAQ,벤처기업부,3645,2,-355,-8.88,4100,4125,3515,2123603,7966281702,132993456525,36486545,KSQ,벤처기업부
1395,269620,KR7269620001,시스웍,KOSDAQ,관리종목(소속부없음),889,0,0,0.0,0,0,0,0,0,132090012299,148582691,KSQ,관리종목(소속부없음)
1396,023900,KR7023900004,풍국주정,KOSDAQ,우량기업부,10470,1,70,0.67,10360,10480,10260,33518,347958315,131922000000,12600000,KSQ,우량기업부
1398,086710,KR7086710001,선진뷰티사이언스,KOSDAQ,우량기업부,10750,1,580,5.7,10340,10970,10340,225256,2414985205,131185260000,12203280,KSQ,우량기업부
1400,476040,KR7476040001,오가노이드사이언스,KOSDAQ,기술성장기업부,19850,2,-450,-2.22,20300,21000,19600,73464,1469602705,130727336000,6585760,KSQ,기술성장기업부
1401,142210,KR7142210004,유니트론텍,KOSDAQ,우량기업부,6290,1,230,3.8,6050,6340,6030,357767,2211073025,130526324870,20751403,KSQ,우량기업부
1403,100130,KR7100130004,동국S&C,KOSDAQ,중견기업부,2280,2,-35,-1.51,2315,2350,2250,161564,368051373,130286040000,57143000,KSQ,중견기업부
1405,246710,KR7246710008,티앤알바이오팹,KOSDAQ,기술성장기업부,2725,2,-65,-2.33,2790,2850,2715,278965,771292379,129885773400,47664504,KSQ,기술성장기업부
1406,226400,KR7226400000,오스테오닉,KOSDAQ,기술성장기업부,6280,1,60,0.96,6270,6310,6100,107202,666748630,129754854280,20661601,KSQ,기술성장기업부
1409,131370,KR7131370009,알서포트,KOSDAQ,벤처기업부,2425,1,25,1.04,2450,2450,2390,126769,305230396,129172676275,53267083,KSQ,벤처기업부
1411,117670,KR7117670000,알파칩스,KOSDAQ,벤처기업부,19350,1,350,1.84,19000,19900,18100,49557,946367710,128904707700,6661742,KSQ,벤처기업부
1412,451220,KR7451220008,아이엠티,KOSDAQ,기술성장기업부,16360,2,-790,-4.61,16880,16980,16140,141629,2322434900,128828635960,7874611,KSQ,기술성장기업부
1413,377480,KR7377480009,마음AI,KOSDAQ,기술성장기업부,18090,1,640,3.67,18080,19600,17610,1333013,24687527830,128624874750,7110275,KSQ,기술성장기업부
1414,072950,KR7072950009,빛샘전자,KOSDAQ,벤처기업부,15960,2,-1100,-6.45,17390,18470,15660,7403282,126989129830,128519655600,8052610,KSQ,벤처기업부
1415,052860,KR7052860004,아이앤씨,KOSDAQ,벤처기업부,7190,1,720,11.13,6470,7350,6250,534708,3757749685,128433920260,17862854,KSQ,벤처기업부
1416,079810,KR7079810008,APS이노베이션,KOSDAQ,우량기업부,5960,2,-120,-1.97,6080,6140,5840,305332,1817304700,128307440240,21528094,KSQ,우량기업부
1417,088390,KR7088390000,이녹스,KOSDAQ,중견기업부,13650,2,-330,-2.36,14310,14310,13410,45262,617268820,128116770600,9385844,KSQ,중견기업부
1418,029480,KR7029480001,광무,KOSDAQ,중견기업부,2140,1,40,1.9,2150,2150,2070,151805,319527508,127798942480,59719132,KSQ,중견기업부
1420,009780,KR7009780008,엠에스씨,KOSDAQ,우량기업부,7190,1,90,1.27,7060,7270,7010,20634,146844240,126544000000,17600000,KSQ,우량기업부
1422,149980,KR7149980005,하이로닉,KOSDAQ,중견기업부,5950,1,90,1.54,5800,6240,5720,140256,826515820,126106459850,21194363,KSQ,중견기업부
1423,036690,KR7036690006,코맥스,KOSDAQ,관리종목(소속부없음),2885,0,0,0.0,0,0,0,0,0,125692107675,43567455,KSQ,관리종목(소속부없음)
1424,337930,KR7337930002,젝시믹스,KOSDAQ,우량기업부,4230,1,75,1.81,4155,4240,4150,96094,401580192,125531489250,29676475,KSQ,우량기업부
1425,054050,KR7054050000,농우바이오,KOSDAQ,우량기업부,7820,2,-100,-1.26,7960,7960,7690,86045,672646525,125358987020,16030561,KSQ,우량기업부
1426,042500,KR7042500009,링네트,KOSDAQ,우량기업부,5620,2,-100,-1.75,5730,5860,5580,525148,2987247395,125276229280,22291144,KSQ,우량기업부
1427,265740,KR7265740001,엔에프씨,KOSDAQ,벤처기업부,6990,1,100,1.45,6980,7180,6930,167908,1182392535,124866564000,17863600,KSQ,벤처기업부
1428,370090,KR7370090003,퓨런티어,KOSDAQ,기술성장기업부,14580,1,310,2.17,14140,15230,14060,331162,4864166970,124758581400,8556830,KSQ,기술성장기업부
1429,091120,KR7091120006,이엠텍,KOSDAQ,중견기업부,7220,1,230,3.29,7000,7220,6900,83051,585417220,123699797920,17132936,KSQ,중견기업부
1431,063170,KR7063170005,서울옥션,KOSDAQ,중견기업부,6950,1,50,0.72,6900,7010,6810,55948,384603800,123531155650,17774267,KSQ,중견기업부
1432,073560,KR7073560005,우리손에프앤지,KOSDAQ,우량기업부,1784,1,14,0.79,1755,1788,1755,103842,184385761,123519955112,69237643,KSQ,우량기업부
1433,036220,KR7036220002,오상헬스케어,KOSDAQ,우량기업부,8630,1,170,2.01,8460,8950,8440,51474,448503810,123490260080,14309416,KSQ,우량기업부
1434,0015N0,KR70015N0000,아로마티카,KOSDAQ,벤처기업부,9640,3,0,0.0,9830,10280,9590,267826,2640963735,122573082000,12715050,KSQ,벤처기업부
1435,339950,KR7339950008,아이비김영,KOSDAQ,우량기업부,2725,1,45,1.68,2730,2735,2665,50934,137625897,122479634875,44946655,KSQ,우량기업부
1436,049520,KR7049520000,유아이엘,KOSDAQ,우량기업부,3960,2,-30,-0.75,3990,4010,3935,150767,596981804,122136795000,30842625,KSQ,우량기업부
1439,092040,KR7092040005,아미코젠,KOSDAQ,기술성장기업부,1723,1,18,1.06,1732,1791,1644,523894,886855106,121739231801,70655387,KSQ,기술성장기업부
1440,032300,KR7032300006,한국파마,KOSDAQ,중견기업부,11150,1,50,0.45,11120,11290,11010,15391,170915310,121609716150,10906701,KSQ,중견기업부
1442,094840,KR7094840006,슈프리마에이치큐,KOSDAQ,벤처기업부,12360,2,-300,-2.37,12780,12790,11950,47532,586636235,121203507240,9806109,KSQ,벤처기업부
1443,000440,KR7000440008,중앙에너비스,KOSDAQ,중견기업부,19450,2,-180,-0.92,20050,20100,19160,34897,677358215,121117678500,6227130,KSQ,중견기업부
1444,950130,KR8840090003,엑세스바이오,KOSDAQ,외국기업(소속부없음),3210,1,25,0.78,3210,3390,3155,198172,648119845,121106340720,37727832,KSQ,외국기업(소속부없음)
1445,054620,KR7054620000,APS,KOSDAQ,중견기업부,6550,1,50,0.77,6500,6610,6310,175292,1126336955,120482147550,18394221,KSQ,중견기업부
1447,095270,KR7095270005,웨이브일렉트로,KOSDAQ,벤처기업부,8360,2,-490,-5.54,8850,9100,8200,321337,2731409535,120153314160,14372406,KSQ,벤처기업부
1448,463020,KR7463020008,뉴엔AI,KOSDAQ,기술성장기업부,13530,2,-940,-6.5,14790,14790,13260,163641,2242095210,120135576000,8879200,KSQ,기술성장기업부
1449,290720,KR7290720002,푸드나무,KOSDAQ,중견기업부,3420,1,435,14.57,2985,3455,2975,183486,593343782,120117725640,35122142,KSQ,중견기업부
1450,411080,KR7411080005,샌즈랩,KOSDAQ,기술성장기업부,7860,2,-220,-2.72,8270,8350,7700,231521,1845258975,120003634680,15267638,KSQ,기술성장기업부
1453,317830,KR7317830008,에스피시스템스,KOSDAQ,벤처기업부,11110,1,710,6.83,10710,11590,10710,742852,8330100325,119697117980,10773818,KSQ,벤처기업부
1455,078140,KR7078140001,대봉엘에스,KOSDAQ,우량기업부,10750,1,150,1.42,10600,10770,10540,12840,136998230,119180724250,11086579,KSQ,우량기업부
1456,417970,KR7417970001,모델솔루션,KOSDAQ,우량기업부,18630,1,60,0.32,18400,19300,18350,59467,1111513995,119170521000,6396700,KSQ,우량기업부
1457,389140,KR7389140005,포바이포,KOSDAQ,벤처기업부,8330,1,50,0.6,8300,8500,8200,140342,1167411725,118866892550,14269735,KSQ,벤처기업부
1458,238090,KR7238090005,앤디포스,KOSDAQ,벤처기업부,3895,1,565,16.97,3330,3925,3220,620713,2294397353,118760263800,30490440,KSQ,벤처기업부
1459,018120,KR7018120006,진로발효,KOSDAQ,우량기업부,17920,1,10,0.06,18090,18090,17900,1938,34774480,118650470400,6621120,KSQ,우량기업부
1460,088280,KR7088280003,쏘닉스,KOSDAQ,기술성장기업부,6810,2,-160,-2.3,7300,8150,6720,2018409,15225278920,117857196900,17306490,KSQ,기술성장기업부
1461,038540,KR7038540001,상상인,KOSDAQ,중견기업부,2120,2,-65,-2.97,2185,2190,2115,102060,219033060,117296023560,55328313,KSQ,중견기업부
1464,225530,KR7225530005,HC보광산업,KOSDAQ,우량기업부,3225,2,-85,-2.57,3310,3310,3200,39173,126362843,117192394575,36338727,KSQ,우량기업부
1465,424960,KR7424960003,스마트레이더시스템,KOSDAQ,기술성장기업부,7100,1,270,3.95,6830,7270,6750,203481,1436342855,117044281000,16485110,KSQ,기술성장기업부
1466,251120,KR7251120002,바이오에프디엔씨,KOSDAQ,기술성장기업부,13450,1,100,0.75,13350,13480,13200,19071,254672030,116957165000,8695700,KSQ,기술성장기업부
1467,100700,KR7100700004,세운메디칼,KOSDAQ,우량기업부,2665,1,5,0.19,2660,2685,2620,166939,441720483,116727000000,43800000,KSQ,우량기업부
1468,330730,KR7330730003,스톤브릿지벤처스,KOSDAQ,벤처기업부,6400,1,60,0.95,6320,6470,6160,66768,422403680,116594112000,18217830,KSQ,벤처기업부
1469,277880,KR7277880001,티에스아이,KOSDAQ,우량기업부,5860,2,-100,-1.68,5950,5950,5650,143444,827455795,116281222320,19843212,KSQ,우량기업부
1470,041590,KR7041590001,플래스크,KOSDAQ,관리종목(소속부없음),2370,0,0,0.0,0,0,0,0,0,116064014460,48972158,KSQ,관리종목(소속부없음)
1471,298540,KR7298540006,더네이쳐홀딩스,KOSDAQ,우량기업부,8010,1,110,1.39,7900,8090,7700,30559,242208095,116035951860,14486386,KSQ,우량기업부
1472,074430,KR7074430000,아미노로직스,KOSDAQ,중견기업부,1321,1,8,0.61,1312,1363,1297,213368,284219250,116019260924,87826844,KSQ,중견기업부
1473,040910,KR7040910002,아이씨디,KOSDAQ,중견기업부,6240,2,-20,-0.32,6250,6350,6040,68051,423565940,115903476000,18574275,KSQ,중견기업부
1474,294630,KR7294630009,서남,KOSDAQ,기술성장기업부,4395,1,70,1.62,4330,4515,4285,425881,1873277647,115879972005,26366319,KSQ,기술성장기업부
1475,026150,KR7026150003,특수건설,KOSDAQ,중견기업부,6600,2,-180,-2.65,6760,6760,6530,82225,544225160,115805784600,17546331,KSQ,중견기업부
1476,051160,KR7051160000,지어소프트,KOSDAQ,중견기업부,7440,1,90,1.22,7350,7490,7310,22918,168969075,115129759200,15474430,KSQ,중견기업부
1477,489460,KR7489460006,바이오비쥬,KOSDAQ,벤처기업부,7650,2,-100,-1.29,7760,7820,7570,78478,599338160,115089889500,15044430,KSQ,벤처기업부
1478,059210,KR7059210005,메타바이오메드,KOSDAQ,우량기업부,4235,1,30,0.71,4205,4285,4200,153350,649212437,115071069575,27171445,KSQ,우량기업부
1479,003310,KR7003310000,대주산업,KOSDAQ,우량기업부,3250,1,30,0.93,3200,3280,3140,690409,2211611169,115025137500,35392350,KSQ,우량기업부
1480,331920,KR7331920009,셀레믹스,KOSDAQ,기술성장기업부,14080,2,-190,-1.33,14390,14960,13970,61659,874357440,114951203840,8164148,KSQ,기술성장기업부
1481,081180,KR7081180002,쎄크,KOSDAQ,기술성장기업부,13010,2,-280,-2.11,13010,13240,12870,110643,1437565455,114820210350,8825535,KSQ,기술성장기업부
1482,357230,KR7357230002,에이치피오,KOSDAQ,우량기업부,2780,1,10,0.36,2830,2830,2760,181225,505785711,114795863280,41293476,KSQ,우량기업부
1484,101330,KR7101330009,모베이스,KOSDAQ,중견기업부,4935,1,275,5.9,4660,5360,4650,2529537,12788538622,114230588115,23147029,KSQ,중견기업부
1485,101670,KR7101670008,하이드로리튬,KOSDAQ,중견기업부,2010,2,-35,-1.71,2045,2045,1990,868917,1741904717,114122145870,56777187,KSQ,중견기업부
1486,460940,KR7460940000,피앤에스로보틱스,KOSDAQ,기술성장기업부,8470,1,40,0.47,8660,8770,8320,179257,1530022730,113966221600,13455280,KSQ,기술성장기업부
1488,053260,KR7053260006,금강철강,KOSDAQ,우량기업부,6080,2,-560,-8.43,6540,6540,5970,785088,4847842090,113817600000,18720000,KSQ,우량기업부
1489,348350,KR7348350000,위드텍,KOSDAQ,벤처기업부,11340,1,10,0.09,11250,11460,10900,35323,395090835,113157324000,9978600,KSQ,벤처기업부
1490,228670,KR7228670006,레이,KOSDAQ,벤처기업부,7210,2,-90,-1.23,7480,7500,7210,145873,1071334405,112764551410,15640021,KSQ,벤처기업부
1491,024880,KR7024880007,케이피에프,KOSDAQ,우량기업부,5580,2,-40,-0.71,5620,5730,5520,123897,691560280,112508167320,20162754,KSQ,우량기업부
1492,330350,KR7330350000,위더스제약,KOSDAQ,우량기업부,8520,2,-80,-0.93,8600,8670,8480,54641,466960530,112482224280,13202139,KSQ,우량기업부
1493,059270,KR7059270009,해성에어로보틱스,KOSDAQ,기술성장기업부,10070,1,350,3.6,10100,10530,9930,656826,6743981615,112434560930,11165299,KSQ,기술성장기업부
1495,006140,KR7006140008,피제이전자,KOSDAQ,우량기업부,7560,1,680,9.88,6900,7900,6830,728764,5522074090,112379400000,14865000,KSQ,우량기업부
1496,217190,KR7217190008,제너셈,KOSDAQ,벤처기업부,8540,2,-160,-1.84,8690,8870,8310,162257,1394570570,112333118940,13153761,KSQ,벤처기업부
1498,063080,KR7063080006,컴투스홀딩스,KOSDAQ,중견기업부,17010,2,-290,-1.68,17180,17300,16890,24537,418121175,112184215920,6595192,KSQ,중견기업부
1499,096240,KR7096240007,크레버스,KOSDAQ,우량기업부,10410,2,-70,-0.67,10480,10480,10410,15983,166611615,111784453800,10738180,KSQ,우량기업부
1501,265560,KR7265560003,영화테크,KOSDAQ,우량기업부,10450,1,300,2.96,10150,10560,10020,63307,653839990,111712381000,10690180,KSQ,우량기업부
1502,053580,KR7053580007,웹케시,KOSDAQ,우량기업부,8590,2,-30,-0.35,8870,8880,8330,42276,361779105,111278605240,12954436,KSQ,우량기업부
1503,096350,KR7096350004,대창솔루션,KOSDAQ,벤처기업부,3010,2,-45,-1.47,3055,3055,2930,813166,2425355723,110932833620,36854762,KSQ,벤처기업부
1504,278650,KR7278650007,HLB바이오스텝,KOSDAQ,중견기업부,1272,0,0,0.0,0,0,0,0,0,110870043648,87161984,KSQ,중견기업부
1508,099750,KR7099750002,이지케어텍,KOSDAQ,벤처기업부,8080,1,40,0.5,8050,8100,8000,18858,151299320,110366117840,13659173,KSQ,벤처기업부
1509,033290,KR7033290008,로젠,KOSDAQ,우량기업부,1965,1,7,0.36,1950,1966,1940,60414,117793513,110347131465,56156301,KSQ,우량기업부
1510,024740,KR7024740003,한일단조,KOSDAQ,우량기업부,3340,1,100,3.09,3440,3440,3260,288076,958323986,109876143660,32897049,KSQ,우량기업부
1512,311320,KR7311320006,지오엘리먼트,KOSDAQ,기술성장기업부,8680,2,-150,-1.7,8800,8850,8570,33064,286279130,109494380800,12614560,KSQ,기술성장기업부
1514,066700,KR7066700006,테라젠이텍스,KOSDAQ,중견기업부,2945,1,65,2.26,2885,2995,2875,103765,303484582,109413747320,37152376,KSQ,중견기업부
1515,418470,KR7418470001,KT밀리의서재,KOSDAQ,우량기업부,12750,1,110,0.87,12640,12850,12580,39127,497918825,109213809750,8565789,KSQ,우량기업부
1516,448710,KR7448710004,코츠테크놀로지,KOSDAQ,벤처기업부,20650,1,450,2.23,20250,20700,19750,83117,1673564545,109141279800,5285292,KSQ,벤처기업부
1519,475430,KR7475430005,키스트론,KOSDAQ,중견기업부,6080,1,130,2.18,5910,6300,5880,835190,5097249505,108516508800,17848110,KSQ,중견기업부
1521,191420,KR7191420009,테고사이언스,KOSDAQ,벤처기업부,13320,1,120,0.91,13000,13710,12970,19739,264107550,108009668880,8108834,KSQ,벤처기업부
1522,011370,KR7011370004,서한,KOSDAQ,우량기업부,1067,2,-8,-0.74,1075,1075,1061,170691,181972984,107654820955,100894865,KSQ,우량기업부
1523,413390,KR7413390006,엠오티,KOSDAQ,중견기업부,9290,1,10,0.11,9280,9420,9130,109396,1015258165,107579872200,11580180,KSQ,중견기업부
1524,131400,KR7131400004,이브이첨단소재,KOSDAQ,벤처기업부,1804,1,24,1.35,1844,1844,1710,475534,849238824,107503755128,59591882,KSQ,벤처기업부
1526,205500,KR7205500002,넥써쓰,KOSDAQ,중견기업부,1673,2,-81,-4.62,1754,1784,1660,129416,220095242,107259541627,64112099,KSQ,중견기업부
1528,208370,KR7208370007,셀바스헬스케어,KOSDAQ,벤처기업부,4160,1,30,0.73,4090,4220,4060,79165,329507937,107080746240,25740564,KSQ,벤처기업부
1529,463480,KR7463480004,모티브링크,KOSDAQ,중견기업부,8640,1,260,3.1,8380,8860,8370,282004,2439166510,107052693120,12390358,KSQ,중견기업부
1531,299660,KR7299660001,셀리드,KOSDAQ,기술성장기업부,3620,1,510,16.4,3185,3950,3120,7133417,25775773186,106800776740,29502977,KSQ,기술성장기업부
1532,056360,KR7056360001,코위버,KOSDAQ,벤처기업부,10900,2,-410,-3.63,11310,11700,10490,567770,6195434475,106785120000,9796800,KSQ,벤처기업부
1533,412350,KR7412350001,레이저쎌,KOSDAQ,기술성장기업부,7390,2,-240,-3.15,7630,7800,7110,495843,3645034290,106676733980,14435282,KSQ,기술성장기업부
1535,382480,KR7382480002,지아이텍,KOSDAQ,벤처기업부,2705,2,-70,-2.52,2770,2775,2675,285024,772870820,106461063700,39357140,KSQ,벤처기업부
1536,030960,KR7030960009,양지사,KOSDAQ,중견기업부,6660,1,60,0.91,6790,6790,6550,15044,99453260,106426800000,15980000,KSQ,중견기업부
1537,419050,KR7419050000,삼기에너지솔루션즈,KOSDAQ,중견기업부,1858,1,24,1.31,1833,1882,1818,262384,488833398,106270613920,57196240,KSQ,중견기업부
1538,388870,KR7388870008,파로스아이바이오,KOSDAQ,기술성장기업부,8180,2,-120,-1.45,8400,8430,8080,90374,738752910,105897723760,12945932,KSQ,기술성장기업부
1539,039340,KR7039340005,한국경제TV,KOSDAQ,우량기업부,4810,2,-45,-0.93,4835,4850,4785,6128,29501215,105820000000,22000000,KSQ,우량기업부
1542,362320,KR7362320004,청담글로벌,KOSDAQ,중견기업부,4975,1,100,2.05,4920,5020,4835,38948,191841040,105227667750,21151290,KSQ,중견기업부
1544,105740,KR7105740005,디케이락,KOSDAQ,우량기업부,10330,2,-150,-1.43,10480,10480,10150,72727,746720650,105040739290,10168513,KSQ,우량기업부
1547,303810,KR7303810006,동국생명과학,KOSDAQ,중견기업부,3270,2,-45,-1.36,3290,3320,3250,132947,434999484,104588137800,31984140,KSQ,중견기업부
1548,048530,KR7048530000,인트론바이오,KOSDAQ,기술성장기업부,3385,2,-15,-0.44,3400,3435,3320,135363,455467820,104568600830,30891758,KSQ,기술성장기업부
1550,001540,KR7001540004,안국약품,KOSDAQ,우량기업부,7980,2,-10,-0.13,7980,8070,7940,16225,129349670,104078511600,13042420,KSQ,우량기업부
1552,205470,KR7205470008,휴마시스,KOSDAQ,중견기업부,801,0,0,0.0,0,0,0,0,0,103629382209,129375009,KSQ,중견기업부
1553,439580,KR7439580002,블루엠텍,KOSDAQ,기술성장기업부,3060,1,45,1.49,3000,3085,2985,192391,582827781,103570433820,33846547,KSQ,기술성장기업부
1554,067290,KR7067290007,JW신약,KOSDAQ,중견기업부,1847,2,-23,-1.23,1870,1897,1826,306474,567661400,103500529241,56037103,KSQ,중견기업부
1555,019550,KR7019550003,SBI인베스트먼트,KOSDAQ,중견기업부,638,0,0,0.0,0,0,0,0,0,103398474850,162066575,KSQ,중견기업부
1556,065440,KR7065440000,이루온,KOSDAQ,벤처기업부,3785,2,-185,-4.66,4000,4170,3705,2452236,9543708458,103235950700,27275020,KSQ,벤처기업부
1557,046940,KR7046940003,우원개발,KOSDAQ,우량기업부,5710,2,-110,-1.89,5800,5880,5610,154208,880797940,103204538500,18074350,KSQ,우량기업부
1558,007820,KR7007820004,엠엑스로보틱스,KOSDAQ,중견기업부,5150,1,140,2.79,5100,5260,5010,260702,1349116105,103174821900,20033946,KSQ,중견기업부
1559,048550,KR7048550008,SM C&C,KOSDAQ,중견기업부,1065,2,-12,-1.11,1077,1084,1060,169108,180962839,103001070300,96714620,KSQ,중견기업부
1560,041910,KR7041910001,폴라리스AI파마,KOSDAQ,우량기업부,7750,1,210,2.79,7500,8240,7400,3224009,25378359925,102945962500,13283350,KSQ,우량기업부
1561,009300,KR7009300005,삼아제약,KOSDAQ,우량기업부,16110,2,-130,-0.8,16460,16460,15270,5472,88092750,102620700000,6370000,KSQ,우량기업부
1563,253840,KR7253840003,수젠텍,KOSDAQ,중견기업부,6120,1,590,10.67,5750,6920,5610,12314943,79342379485,102468384000,16743200,KSQ,중견기업부
1564,212560,KR7212560007,네오오토,KOSDAQ,우량기업부,8660,1,190,2.24,8490,8890,8400,149735,1304701590,102294007060,11812241,KSQ,우량기업부
1565,064800,KR7064800006,포니링크,KOSDAQ,중견기업부,799,0,0,0.0,0,0,0,0,0,102118031102,127807298,KSQ,중견기업부
1566,950190,KR8344390008,고스트스튜디오,KOSDAQ,외국기업(소속부없음),7840,2,-60,-0.76,7900,7900,7790,14770,115682065,102053742560,13017059,KSQ,외국기업(소속부없음)
1567,041930,KR7041930009,SY동아,KOSDAQ,우량기업부,6700,1,100,1.52,6550,6760,6540,35036,234144260,101840000000,15200000,KSQ,우량기업부
1569,347890,KR7347890006,엠엑스온,KOSDAQ,벤처기업부,5990,1,110,1.87,5990,6100,5960,32699,197115705,101609591960,16963204,KSQ,벤처기업부
1570,352090,KR7352090005,스톰테크,KOSDAQ,우량기업부,3775,1,35,0.94,3740,3790,3700,14632,54561596,101445567450,26872998,KSQ,우량기업부
1571,066590,KR7066590001,스모트로닉,KOSDAQ,중견기업부,2620,1,20,0.77,2620,2645,2580,147683,385973820,101336194940,38677937,KSQ,중견기업부
1572,035610,KR7035610005,솔본,KOSDAQ,투자주의환기종목(소속부없음),3705,1,10,0.27,3680,3715,3680,10712,39598630,101316918885,27345997,KSQ,투자주의환기종목(소속부없음)
1573,082850,KR7082850009,우리바이오,KOSDAQ,중견기업부,2090,1,20,0.97,2070,2120,2050,203090,421920985,101274248020,48456578,KSQ,중견기업부
1574,201490,KR7201490000,미투온,KOSDAQ,중견기업부,3105,2,-30,-0.96,3135,3160,3055,295498,914401455,101203780050,32593810,KSQ,중견기업부
1575,014970,KR7014970008,삼륭물산,KOSDAQ,중견기업부,6810,1,50,0.74,6760,6940,6700,27473,186413320,100958250000,14825000,KSQ,중견기업부
1579,084650,KR7084650001,랩지노믹스,KOSDAQ,중견기업부,1357,1,104,8.3,1290,1500,1255,20563067,29003719172,100743666430,74239990,KSQ,중견기업부
1580,038460,KR7038460002,바이오스마트,KOSDAQ,우량기업부,3980,2,-105,-2.57,4050,4140,3925,352012,1408103033,100592677160,25274542,KSQ,우량기업부
1582,019990,KR7019990001,에너토크,KOSDAQ,중견기업부,10300,2,-570,-5.24,10870,10870,10010,228867,2357253655,100487706400,9756088,KSQ,중견기업부
1583,305090,KR7305090003,마이크로디지탈,KOSDAQ,기술성장기업부,5400,2,-210,-3.74,5660,5670,5340,64903,353146800,100413297000,18595055,KSQ,기술성장기업부
1584,228850,KR7228850004,레이언스,KOSDAQ,우량기업부,6040,1,50,0.83,5990,6080,5900,8584,51089230,100209724560,16591014,KSQ,우량기업부
1585,065530,KR7065530008,와이어블,KOSDAQ,우량기업부,2090,2,-30,-1.42,2120,2205,2025,585718,1237175608,99983006310,47838759,KSQ,우량기업부
1586,290660,KR7290660000,다이나믹솔루션,KOSDAQ,기술성장기업부,1187,2,-7,-0.59,1208,1247,1169,3265220,3965035001,99858134134,84126482,KSQ,기술성장기업부
1587,234300,KR7234300002,에스트래픽,KOSDAQ,우량기업부,3670,1,45,1.24,3625,3700,3590,87815,320949665,99852552600,27207780,KSQ,우량기업부
1588,134580,KR7134580000,탑코미디어,KOSDAQ,중견기업부,2025,1,66,3.37,2010,2140,1959,859230,1765533169,99820651725,49294149,KSQ,중견기업부
1589,311690,KR7311690002,CJ 바이오사이언스,KOSDAQ,기술성장기업부,7630,2,-120,-1.55,7670,7740,7550,19004,144720590,99689475060,13065462,KSQ,기술성장기업부
1590,025550,KR7025550005,한국선재,KOSDAQ,중견기업부,3905,2,-5,-0.13,3845,4025,3830,572654,2253181855,99632185620,25514004,KSQ,중견기업부
1592,302430,KR7302430004,이노메트리,KOSDAQ,벤처기업부,10130,2,-570,-5.33,10700,11540,9900,336486,3590261765,99610397040,9833208,KSQ,벤처기업부
1593,246720,KR7246720007,아스타,KOSDAQ,관리종목(소속부없음),6070,0,0,0.0,0,0,0,0,0,99434491000,16381300,KSQ,관리종목(소속부없음)
1595,043610,KR7043610005,KT지니뮤직,KOSDAQ,중견기업부,1709,1,14,0.83,1727,1727,1680,27243,46276580,99319283542,58115438,KSQ,중견기업부
1596,140070,KR7140070004,서플러스글로벌,KOSDAQ,벤처기업부,2685,1,95,3.67,2600,2710,2525,228608,600293552,99312780000,36988000,KSQ,벤처기업부
1597,173130,KR7173130006,오파스넷,KOSDAQ,중견기업부,7610,2,-230,-2.93,7800,7830,7480,174952,1327928685,99283659530,13046473,KSQ,중견기업부
1598,049480,KR7049480007,오픈베이스,KOSDAQ,우량기업부,3155,2,-65,-2.02,3255,3270,3130,699168,2225308301,99137618365,31422383,KSQ,우량기업부
1599,037440,KR7037440005,희림,KOSDAQ,우량기업부,7120,2,-340,-4.56,6990,7400,6900,6343838,45230508145,99128022000,13922475,KSQ,우량기업부
1600,263600,KR7263600009,덕우전자,KOSDAQ,중견기업부,6200,1,210,3.51,6190,6270,5840,67969,412631050,98767922000,15930310,KSQ,중견기업부
1602,241690,KR7241690007,유니테크노,KOSDAQ,우량기업부,4005,1,115,2.96,3880,4050,3860,143212,571716007,98005177530,24470706,KSQ,우량기업부
1603,058630,KR7058630005,엠게임,KOSDAQ,우량기업부,5100,2,-20,-0.39,5120,5120,5020,40141,203010705,97933127400,19202574,KSQ,우량기업부
1604,019540,KR7019540004,일지테크,KOSDAQ,우량기업부,7240,1,120,1.69,7140,7400,7030,161006,1163043140,97837740000,13513500,KSQ,우량기업부
1605,251630,KR7251630000,브이원텍,KOSDAQ,벤처기업부,6130,1,240,4.07,5910,6200,5880,70097,425345590,97729891180,15942886,KSQ,벤처기업부
1607,039610,KR7039610001,화성밸브,KOSDAQ,우량기업부,9370,2,-370,-3.8,9660,9700,9190,162341,1517558215,97545448000,10410400,KSQ,우량기업부
1608,124560,KR7124560004,태웅로직스,KOSDAQ,우량기업부,2515,1,15,0.6,2480,2515,2475,48371,120319485,97382839665,38720811,KSQ,우량기업부
1609,091440,KR7091440008,한울소재과학,KOSDAQ,투자주의환기종목(소속부없음),3060,3,0,0.0,3060,3150,3010,170073,521803535,97302801060,31798301,KSQ,투자주의환기종목(소속부없음)
1610,066790,KR7066790007,씨씨에스,KOSDAQ,관리종목(소속부없음),1493,0,0,0.0,0,0,0,0,0,97271994227,65152039,KSQ,관리종목(소속부없음)
1611,038680,KR7038680005,에스넷,KOSDAQ,우량기업부,4880,2,-160,-3.17,5070,5320,4825,1119609,5615962687,97173692960,19912642,KSQ,우량기업부
1613,321260,KR7321260002,프로이천,KOSDAQ,벤처기업부,3425,1,275,8.73,3220,3700,3215,6805750,23862758606,96557887700,28192084,KSQ,벤처기업부
1615,068240,KR7068240001,다원시스,KOSDAQ,관리종목(소속부없음),2530,0,0,0.0,0,0,0,0,0,96553495610,38163437,KSQ,관리종목(소속부없음)
1618,212710,KR7212710008,아이에스티이,KOSDAQ,기술성장기업부,10010,2,-410,-3.93,10330,10330,9920,209455,2112328680,96326009780,9622978,KSQ,기술성장기업부
1619,391710,KR7391710001,코닉오토메이션,KOSDAQ,벤처기업부,2260,2,-5,-0.22,2285,2425,2230,668419,1564062547,96322262200,42620470,KSQ,벤처기업부
1621,004590,KR7004590006,한국가구,KOSDAQ,중견기업부,6400,1,350,5.79,6120,6440,6000,179342,1126506430,96000000000,15000000,KSQ,중견기업부
1622,120240,KR7120240007,대정화금,KOSDAQ,우량기업부,13330,1,60,0.45,13400,13400,13190,14838,196520080,95847912030,7190391,KSQ,우량기업부
1623,033130,KR7033130006,디지틀조선,KOSDAQ,중견기업부,2580,2,-35,-1.34,2605,2665,2490,218125,560867526,95757388860,37115267,KSQ,중견기업부
1624,054670,KR7054670005,대한뉴팜,KOSDAQ,우량기업부,6670,1,120,1.83,6560,6670,6540,55284,365120260,95747316400,14354920,KSQ,우량기업부
1625,459100,KR7459100004,위츠,KOSDAQ,중견기업부,7110,1,200,2.89,6900,7280,6790,191561,1344552290,95743971000,13466100,KSQ,중견기업부
1627,012700,KR7012700001,리드코프,KOSDAQ,우량기업부,3650,1,15,0.41,3620,3650,3585,72967,263681333,95611209800,26194852,KSQ,우량기업부
1628,348150,KR7348150004,고바이오랩,KOSDAQ,기술성장기업부,4920,1,15,0.31,4910,5020,4900,43351,214129705,95540933880,19418889,KSQ,기술성장기업부
1629,315640,KR7315640003,딥노이드,KOSDAQ,기술성장기업부,3250,2,-70,-2.11,3300,3390,3245,308973,1011965251,95459754000,29372232,KSQ,기술성장기업부
1631,093920,KR7093920007,서원인텍,KOSDAQ,우량기업부,5130,2,-10,-0.19,5190,5190,5100,38466,196837265,95418000000,18600000,KSQ,우량기업부
1632,020710,KR7020710000,시공테크,KOSDAQ,우량기업부,4755,2,-90,-1.86,4810,4865,4695,207165,986435517,95328097350,20047970,KSQ,우량기업부
1633,461030,KR7461030009,아이엠비디엑스,KOSDAQ,기술성장기업부,6650,2,-80,-1.19,6700,6930,6600,40483,272448480,95324538050,14334517,KSQ,기술성장기업부
1634,004650,KR7004650008,창해에탄올,KOSDAQ,우량기업부,10370,1,10,0.1,10340,10460,10320,47423,492163370,95309477450,9190885,KSQ,우량기업부
1639,072020,KR7072020001,중앙백신,KOSDAQ,벤처기업부,10010,1,120,1.21,9900,10090,9900,44034,440239490,94681456870,9458687,KSQ,벤처기업부
1640,170030,KR7170030001,현대공업,KOSDAQ,우량기업부,6170,2,-10,-0.16,6050,6450,6000,684769,4302586500,94647800000,15340000,KSQ,우량기업부
1641,137950,KR7137950002,제이씨케미칼,KOSDAQ,우량기업부,4250,3,0,0.0,4270,4350,4240,116450,499332477,94638209500,22267814,KSQ,우량기업부
1642,036630,KR7036630002,세종텔레콤,KOSDAQ,우량기업부,9460,1,30,0.32,9430,9960,9410,3714,35245295,94600000000,10000000,KSQ,우량기업부
1643,066430,KR7066430000,아이로보틱스,KOSDAQ,중견기업부,2415,1,290,13.65,2130,2540,2125,4723437,11365492031,94555644540,39153476,KSQ,중견기업부
1644,291650,KR7291650000,압타머사이언스,KOSDAQ,기술성장기업부,1547,2,-105,-6.36,1652,1733,1510,256338,400064271,94427707374,61039242,KSQ,기술성장기업부
1645,033230,KR7033230004,인성정보,KOSDAQ,중견기업부,1869,2,-52,-2.71,1921,1965,1835,696507,1315855931,94413245220,50515380,KSQ,중견기업부
1647,175140,KR7175140003,휴먼테크놀로지,KOSDAQ,투자주의환기종목(소속부없음),3770,1,5,0.13,3890,3910,3720,52533,199534101,94039833810,24944253,KSQ,투자주의환기종목(소속부없음)
1650,382150,KR7382150001,온코크로스,KOSDAQ,기술성장기업부,7700,2,-170,-2.16,7870,8060,7540,104785,813871935,93908868900,12195957,KSQ,기술성장기업부
1651,048430,KR7048430003,유라테크,KOSDAQ,우량기업부,8130,1,160,2.01,8020,8140,7900,33754,270637360,93657600000,11520000,KSQ,우량기업부
1652,040420,KR7040420002,정상제이엘에스,KOSDAQ,우량기업부,5970,3,0,0.0,5970,6040,5960,18066,107888190,93594985440,15677552,KSQ,우량기업부
1653,084730,KR7084730001,팅크웨어,KOSDAQ,중견기업부,8420,2,-70,-0.82,8450,8500,8340,21463,180012140,93541350080,11109424,KSQ,중견기업부
1654,039010,KR7039010004,현대에이치티,KOSDAQ,우량기업부,10830,2,-190,-1.72,11030,11150,10610,47046,507700430,93408750000,8625000,KSQ,우량기업부
1655,192250,KR7192250009,케이사인,KOSDAQ,벤처기업부,13180,1,130,1.0,13060,13240,12810,67554,879033540,93144707500,7067125,KSQ,벤처기업부
1656,229000,KR7229000005,젠큐릭스,KOSDAQ,기술성장기업부,3950,1,115,3.0,4500,4985,3690,23852417,103084292014,92541251750,23428165,KSQ,기술성장기업부
1657,302550,KR7302550009,리메드,KOSDAQ,기술성장기업부,2990,1,40,1.36,2995,3000,2880,76557,225407390,92412378500,30907150,KSQ,기술성장기업부
1658,054040,KR7054040001,한국컴퓨터,KOSDAQ,우량기업부,5740,1,140,2.5,5620,5800,5600,49736,284228325,92249204600,16071290,KSQ,우량기업부
1662,044340,KR7044340008,위닉스,KOSDAQ,중견기업부,5140,1,70,1.38,5070,5150,5050,23733,121087360,91869404500,17873425,KSQ,중견기업부
1664,058400,KR7058400003,KNN,KOSDAQ,우량기업부,692,2,-15,-2.12,707,710,680,957149,661261687,91641366240,132429720,KSQ,우량기업부
1665,024830,KR7024830002,세원물산,KOSDAQ,관리종목(소속부없음),10950,1,20,0.18,10800,11030,10800,470,5111220,91432500000,8350000,KSQ,관리종목(소속부없음)
1666,110790,KR7110790003,크리스에프앤씨,KOSDAQ,우량기업부,3900,2,-5,-0.13,3920,3920,3895,4580,17856500,91380744000,23430960,KSQ,우량기업부
1667,347860,KR7347860009,알체라,KOSDAQ,중견기업부,2360,2,-75,-3.08,2435,2485,2340,522146,1248749572,91357867960,38710961,KSQ,중견기업부
1668,048910,KR7048910004,대원미디어,KOSDAQ,우량기업부,7240,1,30,0.42,7210,7240,7160,28843,207668815,91071569040,12578946,KSQ,우량기업부
1669,453860,KR7453860009,에이에스텍,KOSDAQ,벤처기업부,14120,3,0,0.0,14090,14190,13510,9017,126218630,90995252760,6444423,KSQ,벤처기업부
1670,071670,KR7071670004,에이테크솔루션,KOSDAQ,중견기업부,9080,1,390,4.49,8820,9250,8750,81342,734578595,90800000000,10000000,KSQ,중견기업부
1671,104040,KR7104040001,디에스엠,KOSDAQ,벤처기업부,677,0,0,0.0,0,0,0,0,0,90763918202,134067826,KSQ,벤처기업부
1672,067370,KR7067370007,선바이오,KOSDAQ,기술성장기업부,7440,2,-10,-0.13,7230,7440,6900,41578,294190870,90720049200,12193555,KSQ,기술성장기업부
1673,189860,KR7189860000,서전기전,KOSDAQ,벤처기업부,9350,2,-400,-4.1,9650,10530,9120,1202163,11766014380,90683593000,9698780,KSQ,벤처기업부
1674,067570,KR7067570002,엔브이에이치코리아,KOSDAQ,중견기업부,2150,1,25,1.18,2130,2185,2120,92636,199289004,90665500000,42170000,KSQ,중견기업부
1675,033320,KR7033320003,제이씨현시스템,KOSDAQ,벤처기업부,4740,2,-65,-1.35,4805,4825,4710,113270,537064762,90602407680,19114432,KSQ,벤처기업부
1676,347000,KR7347000002,센코,KOSDAQ,기술성장기업부,2395,2,-35,-1.44,2420,2460,2370,248882,598596182,90556976170,37810846,KSQ,기술성장기업부
1677,094940,KR7094940004,푸른기술,KOSDAQ,벤처기업부,10820,1,230,2.17,10650,11370,10640,517914,5707387390,90470196520,8361386,KSQ,벤처기업부
1678,290670,KR7290670009,대보마그네틱,KOSDAQ,중견기업부,11500,2,-200,-1.71,11680,11690,11340,22171,253338785,90363090000,7857660,KSQ,중견기업부
1680,241790,KR7241790005,티이엠씨씨엔에스,KOSDAQ,우량기업부,9000,2,-40,-0.44,8940,9030,8720,57094,505993070,90023706000,10002634,KSQ,우량기업부
1682,046210,KR7046210001,HLB파나진,KOSDAQ,벤처기업부,1968,2,-62,-3.05,2030,2030,1959,130543,258374112,89599025280,45527960,KSQ,벤처기업부
1683,126880,KR7126880004,제이엔케이글로벌,KOSDAQ,우량기업부,3850,2,-20,-0.52,3930,3930,3780,135756,518327600,89338876550,23204903,KSQ,우량기업부
1685,203690,KR7203690003,아크솔루션스,KOSDAQ,관리종목(소속부없음),4425,0,0,0.0,0,0,0,0,0,89196141000,20157320,KSQ,관리종목(소속부없음)
1686,083790,KR7083790006,CG인바이츠,KOSDAQ,벤처기업부,1159,2,-11,-0.94,1180,1181,1155,133995,156507023,89120356938,76894182,KSQ,벤처기업부
1687,299170,KR7299170001,더블유에스아이,KOSDAQ,중견기업부,2145,2,-20,-0.92,2165,2180,2105,431450,921955523,89041712760,41511288,KSQ,중견기업부
1688,408900,KR7408900009,스튜디오미르,KOSDAQ,중견기업부,2715,2,-20,-0.73,2740,2805,2685,256856,702480877,88924202235,32752929,KSQ,중견기업부
1690,060590,KR7060590007,씨티씨바이오,KOSDAQ,중견기업부,3670,2,-5,-0.14,3680,3725,3610,40037,145905830,88744343400,24181020,KSQ,중견기업부
1691,014950,KR7014950000,삼익제약,KOSDAQ,벤처기업부,8840,1,370,4.37,8580,8970,8410,52950,459268040,88467077920,10007588,KSQ,벤처기업부
1692,052900,KR7052900008,KX하이텍,KOSDAQ,우량기업부,1273,2,-22,-1.7,1280,1310,1241,596836,754547884,88449608336,69481232,KSQ,우량기업부
1693,217500,KR7217500008,러셀,KOSDAQ,벤처기업부,2775,1,165,6.32,2630,2985,2620,1793410,5072477505,88278300000,31812000,KSQ,벤처기업부
1695,011320,KR7011320009,유니크,KOSDAQ,우량기업부,4550,2,-85,-1.83,4635,4635,4540,14637,66823870,87909162250,19320695,KSQ,우량기업부
1696,478560,KR7478560006,블랙야크아이앤씨,KOSDAQ,벤처기업부,3400,1,20,0.59,3385,3410,3350,29218,98770075,87823013200,25830298,KSQ,벤처기업부
1698,061040,KR7061040002,알에프텍,KOSDAQ,중견기업부,1937,0,0,0.0,0,0,0,0,0,87632039755,45241115,KSQ,중견기업부
1699,032850,KR7032850000,비트컴퓨터,KOSDAQ,벤처기업부,5270,1,70,1.35,5230,5340,5180,90697,478104065,87604754110,16623293,KSQ,벤처기업부
1700,171120,KR7171120009,라이온켐텍,KOSDAQ,우량기업부,2440,1,30,1.24,2410,2495,2385,556492,1359999204,87600294400,35901760,KSQ,우량기업부
1701,214270,KR7214270001,FSN,KOSDAQ,중견기업부,1934,1,15,0.78,1904,1945,1900,77013,147159896,87522367390,45254585,KSQ,중견기업부
1702,128660,KR7128660008,피제이메탈,KOSDAQ,우량기업부,3525,1,5,0.14,3520,3600,3455,176556,620600111,87431875725,24803369,KSQ,우량기업부
1706,451250,KR7451250005,삐아,KOSDAQ,벤처기업부,8520,1,40,0.47,8800,8900,8490,38303,329157595,87124472040,10225877,KSQ,벤처기업부
1707,263800,KR7263800005,데이타솔루션,KOSDAQ,중견기업부,5360,2,-20,-0.37,5310,5490,5290,85419,456238330,86968036800,16225380,KSQ,중견기업부
1710,227950,KR7227950003,엔투텍,KOSDAQ,벤처기업부,503,0,0,0.0,0,0,0,0,0,86788146641,172541047,KSQ,벤처기업부
1711,348080,KR7348080003,큐라티스,KOSDAQ,중견기업부,750,2,-12,-1.57,762,789,746,173764,132751198,86587335750,115449781,KSQ,중견기업부
1712,142280,KR7142280007,녹십자엠에스,KOSDAQ,중견기업부,3970,1,140,3.66,3930,4190,3855,766346,3079358942,86315446220,21741926,KSQ,중견기업부
1713,065510,KR7065510000,휴비츠,KOSDAQ,우량기업부,7510,2,-150,-1.96,7680,7680,7460,57427,432171740,86258831130,11485863,KSQ,우량기업부
1714,130580,KR7130580004,나이스디앤비,KOSDAQ,우량기업부,5600,1,40,0.72,5670,5670,5560,2893,16172300,86240000000,15400000,KSQ,우량기업부
1715,145170,KR7145170007,노브랜드,KOSDAQ,중견기업부,5100,1,465,10.03,4645,5100,4555,225511,1088799255,86232865500,16908405,KSQ,중견기업부
1716,081150,KR7081150005,티플랙스,KOSDAQ,중견기업부,3545,2,-75,-2.07,3600,3660,3545,116204,416787595,86031485090,24268402,KSQ,중견기업부
1717,109080,KR7109080002,옵티시스,KOSDAQ,벤처기업부,15160,2,-330,-2.13,15550,15830,14600,135463,2037445435,85441760000,5636000,KSQ,벤처기업부
1718,067170,KR7067170001,오텍,KOSDAQ,중견기업부,3515,4,810,29.94,2710,3515,2650,5298679,17789129817,85427899180,24303812,KSQ,중견기업부
1722,216050,KR7216050005,인크로스,KOSDAQ,중견기업부,6610,1,30,0.46,6600,6630,6500,14496,94998360,84893697420,12843222,KSQ,중견기업부
1723,215360,KR7215360009,우리산업,KOSDAQ,우량기업부,9290,1,130,1.42,9160,9580,9100,63591,593218860,84837794270,9132163,KSQ,우량기업부
1724,002800,KR7002800001,신신제약,KOSDAQ,우량기업부,5580,1,70,1.27,5570,5590,5450,38987,214553635,84651390000,15170500,KSQ,우량기업부
1725,378800,KR7378800007,샤페론,KOSDAQ,기술성장기업부,1830,2,-20,-1.08,1850,1880,1780,542429,983350084,84624746730,46243031,KSQ,기술성장기업부
1726,479960,KR7479960007,위너스일렉,KOSDAQ,중견기업부,12350,1,160,1.31,12210,12740,12010,73330,909502280,84609850000,6851000,KSQ,중견기업부
1728,036640,KR7036640001,HRS,KOSDAQ,우량기업부,5160,2,-20,-0.39,5150,5180,5130,30592,157535730,84390768000,16354800,KSQ,우량기업부
1729,053280,KR7053280004,예스24,KOSDAQ,중견기업부,3370,1,5,0.15,3370,3380,3360,16570,55771604,84250000000,25000000,KSQ,중견기업부
1730,102370,KR7102370004,케이옥션,KOSDAQ,기술성장기업부,3090,2,-20,-0.64,3095,3125,3060,46735,143996275,84138258900,27229210,KSQ,기술성장기업부
1731,246690,KR7246690002,TS인베스트먼트,KOSDAQ,중견기업부,1790,2,-16,-0.89,1805,1970,1750,1993864,3687605845,84077126980,46970462,KSQ,중견기업부
1732,036090,KR7036090009,위지트,KOSDAQ,중견기업부,710,0,0,0.0,0,0,0,0,0,84058521640,118392284,KSQ,중견기업부
1733,060560,KR7060560000,HC홈센타,KOSDAQ,중견기업부,3310,2,-195,-5.56,3505,3505,3275,46380,154612670,84034283310,25388001,KSQ,중견기업부
1734,049180,KR7049180003,셀루메드,KOSDAQ,투자주의환기종목(소속부없음),1009,0,0,0.0,0,0,0,0,0,83948814126,83200014,KSQ,투자주의환기종목(소속부없음)
1735,183490,KR7183490002,엔지켐생명과학,KOSDAQ,관리종목(소속부없음),990,0,0,0.0,0,0,0,0,0,83793832650,84640235,KSQ,관리종목(소속부없음)
1736,187420,KR7187420005,HLB제넥스,KOSDAQ,기술성장기업부,2650,2,-85,-3.11,2735,2735,2610,112211,297320827,83702653550,31585907,KSQ,기술성장기업부
1737,452200,KR7452200009,민테크,KOSDAQ,기술성장기업부,3450,4,795,29.94,2840,3450,2840,5818847,18669258699,83603160000,24232800,KSQ,기술성장기업부
1738,111710,KR7111710000,남화산업,KOSDAQ,중견기업부,4060,1,25,0.62,3980,4060,3980,1944,7829670,83587280000,20588000,KSQ,중견기업부
1739,017650,KR7017650003,대림제지,KOSDAQ,우량기업부,9460,2,-140,-1.46,9600,9600,9400,7708,72654070,83106100000,8785000,KSQ,우량기업부
1740,016250,KR7016250003,SGC E&C,KOSDAQ,중견기업부,16470,2,-610,-3.57,16950,16960,16230,13605,224514010,82959159420,5036986,KSQ,중견기업부
1741,099220,KR7099220006,SDN,KOSDAQ,중견기업부,1277,2,-15,-1.16,1294,1308,1264,477884,610075016,82933934950,64944350,KSQ,중견기업부
1742,214260,KR7214260002,라파스,KOSDAQ,기술성장기업부,9290,1,210,2.31,9200,9300,9020,18218,167005565,82889681270,8922463,KSQ,기술성장기업부
1743,443250,KR7443250006,레뷰코퍼레이션,KOSDAQ,벤처기업부,7420,2,-80,-1.07,7500,7570,7360,11888,88108210,82642179200,11137760,KSQ,벤처기업부
1744,222110,KR7222110009,팬젠,KOSDAQ,기술성장기업부,6120,1,350,6.07,5780,6120,5650,98783,581557190,82584485640,13494197,KSQ,기술성장기업부
1749,060310,KR7060310000,3S,KOSDAQ,벤처기업부,1547,2,-24,-1.53,1572,1600,1518,560951,866027254,82082334880,53059040,KSQ,벤처기업부
1751,340360,KR7340360007,다보링크,KOSDAQ,투자주의환기종목(소속부없음),1573,2,-9,-0.57,1575,1575,1525,136590,211087241,81894740356,52062772,KSQ,투자주의환기종목(소속부없음)
1752,208140,KR7208140004,정다운,KOSDAQ,우량기업부,2505,1,10,0.4,2505,2505,2495,51736,129321900,81874036230,32684246,KSQ,우량기업부
1753,010280,KR7010280006,아이티센엔텍,KOSDAQ,우량기업부,6280,1,480,8.28,5840,6400,5710,198726,1208781170,81795473960,13024757,KSQ,우량기업부
1754,027830,KR7027830009,대성창투,KOSDAQ,중견기업부,1514,2,-1,-0.07,1505,1544,1500,113389,170965664,81756000000,54000000,KSQ,중견기업부
1755,452400,KR7452400005,이닉스,KOSDAQ,우량기업부,9010,1,10,0.11,9000,9250,8820,36008,327835980,81733566280,9071428,KSQ,우량기업부
1756,104620,KR7104620000,노랑풍선,KOSDAQ,중견기업부,4860,2,-10,-0.21,4810,4925,4795,109815,532092837,81699282720,16810552,KSQ,중견기업부
1757,053450,KR7053450003,세코닉스,KOSDAQ,우량기업부,5520,1,120,2.22,5350,5590,5350,152781,834499595,81656272560,14792803,KSQ,우량기업부
1758,175250,KR7175250000,아이큐어,KOSDAQ,관리종목(소속부없음),2170,0,0,0.0,0,0,0,0,0,81501658560,37558368,KSQ,관리종목(소속부없음)
1760,424980,KR7424980001,마이크로투나노,KOSDAQ,기술성장기업부,13760,2,-40,-0.29,13800,13950,13510,18556,253607290,81443926400,5918890,KSQ,기술성장기업부
1761,095910,KR7095910006,에스에너지,KOSDAQ,중견기업부,2180,2,-105,-4.6,2300,2365,2155,1227853,2745348996,81307261620,37296909,KSQ,중견기업부
1762,060570,KR7060570009,드림어스컴퍼니,KOSDAQ,중견기업부,1097,2,-22,-1.97,1110,1127,1081,195784,215263015,81289425581,74101573,KSQ,중견기업부
1763,412540,KR7412540007,제일엠앤에스,KOSDAQ,관리종목(소속부없음),3935,0,0,0.0,0,0,0,0,0,81063616775,20600665,KSQ,관리종목(소속부없음)
1764,417790,KR7417790003,트루엔,KOSDAQ,벤처기업부,7740,1,120,1.57,7670,7750,7530,35453,270334040,81025346340,10468391,KSQ,벤처기업부
1765,261780,KR7261780001,차백신연구소,KOSDAQ,기술성장기업부,2990,2,-105,-3.39,3155,3160,2845,1261355,3761773173,80469858040,26912996,KSQ,기술성장기업부
1766,155650,KR7155650005,와이엠씨,KOSDAQ,우량기업부,4235,1,100,2.42,4135,4255,4055,173224,723943179,80356406130,18974358,KSQ,우량기업부
1768,163280,KR7163280001,에어레인,KOSDAQ,기술성장기업부,5890,2,-90,-1.51,5970,6000,5800,113183,666219775,80122129420,13603078,KSQ,기술성장기업부
1769,014470,KR7014470009,부방,KOSDAQ,벤처기업부,1332,2,-41,-2.99,1360,1367,1330,128963,173617777,79989610320,60052260,KSQ,벤처기업부
1772,207760,KR7207760000,미스터블루,KOSDAQ,중견기업부,959,2,-15,-1.54,974,975,949,261412,249597005,79673511897,83079783,KSQ,중견기업부
1774,222160,KR7222160004,NPX,KOSDAQ,관리종목(소속부없음),8040,0,0,0.0,0,0,0,0,0,79551289560,9894439,KSQ,관리종목(소속부없음)
1777,317690,KR7317690006,퀀타매트릭스,KOSDAQ,기술성장기업부,3930,1,40,1.03,3875,4030,3815,97518,379844295,79130663970,20135029,KSQ,기술성장기업부
1778,049470,KR7049470008,비트플래닛,KOSDAQ,중견기업부,672,0,0,0.0,0,0,0,0,0,79110862656,117724498,KSQ,중견기업부
1783,136410,KR7136410008,아셈스,KOSDAQ,벤처기업부,7150,1,20,0.28,7240,7240,7080,12881,91849230,78786607900,11019106,KSQ,벤처기업부
1784,027050,KR7027050004,코리아나,KOSDAQ,중견기업부,1968,1,49,2.55,1976,2170,1939,2101424,4309888273,78720000000,40000000,KSQ,중견기업부
1785,037760,KR7037760006,쎄니트,KOSDAQ,중견기업부,2325,1,25,1.09,2285,2330,2240,18620,42665460,78661541325,33832921,KSQ,중견기업부
1786,045660,KR7045660008,에이텍,KOSDAQ,우량기업부,9510,2,-30,-0.31,9570,9600,9420,27840,264040870,78552600000,8260000,KSQ,우량기업부
1787,041460,KR7041460007,한국전자인증,KOSDAQ,중견기업부,4130,2,-30,-0.72,4120,4160,4105,53239,220038448,78470000000,19000000,KSQ,중견기업부
1788,123420,KR7123420002,위메이드플레이,KOSDAQ,우량기업부,7430,1,10,0.13,7350,7700,7340,31465,233454840,78403841620,10552334,KSQ,우량기업부
1789,094850,KR7094850005,참좋은여행,KOSDAQ,우량기업부,5600,1,60,1.08,5540,5730,5470,80538,452772010,78400000000,14000000,KSQ,우량기업부
1790,127980,KR7127980001,화인써키트,KOSDAQ,중견기업부,6620,1,50,0.76,6560,6670,6390,31760,207963005,78385328080,11840684,KSQ,중견기업부
1791,900250,KYG2115T1076,크리스탈신소재,KOSDAQ,외국기업(소속부없음),547,1,8,1.48,555,555,525,631522,338492051,78363222188,143260004,KSQ,외국기업(소속부없음)
1794,232830,KR7232830000,아이티센피엔에스,KOSDAQ,벤처기업부,4705,1,55,1.18,4755,4875,4570,142413,664658468,77791180830,16533726,KSQ,벤처기업부
1795,204840,KR7204840003,지엘팜텍,KOSDAQ,기술성장기업부,1003,1,13,1.31,989,1020,982,114978,114501936,77781653018,77549006,KSQ,기술성장기업부
1796,435570,KR7435570007,에르코스,KOSDAQ,벤처기업부,10190,1,190,1.9,10050,10400,9930,25406,255895680,77617056770,7616983,KSQ,벤처기업부
1797,317850,KR7317850006,대모,KOSDAQ,벤처기업부,9310,2,-140,-1.48,9280,9340,9150,255009,2356887965,77500350200,8324420,KSQ,벤처기업부
1799,222420,KR7222420002,쎄노텍,KOSDAQ,벤처기업부,1597,2,-21,-1.3,1617,1630,1571,430816,687098696,77267018588,48382604,KSQ,벤처기업부
1800,162300,KR7162300008,신스틸,KOSDAQ,우량기업부,1860,2,-4,-0.21,1888,1888,1829,70172,130098956,77136770520,41471382,KSQ,우량기업부
1802,360350,KR7360350003,코셈,KOSDAQ,기술성장기업부,13430,2,-400,-2.89,13830,14050,13090,31294,417189540,76926637100,5727970,KSQ,기술성장기업부
1803,089850,KR7089850002,유비벨록스,KOSDAQ,우량기업부,5210,2,-30,-0.57,5280,5280,5120,35185,182684120,76744336790,14730199,KSQ,우량기업부
1805,066980,KR7066980004,한성크린텍,KOSDAQ,벤처기업부,1474,1,25,1.73,1450,1485,1398,309811,452331517,76552374250,51935125,KSQ,벤처기업부
1806,017480,KR7017480005,삼현철강,KOSDAQ,우량기업부,4865,2,-70,-1.42,4945,4945,4800,65118,316533011,76394559850,15702890,KSQ,우량기업부
1807,170790,KR7170790000,파이오링크,KOSDAQ,우량기업부,11940,1,190,1.62,12050,12750,11800,209729,2566024825,76384179900,6397335,KSQ,우량기업부
1809,054930,KR7054930003,유신,KOSDAQ,우량기업부,25350,2,-600,-2.31,25550,25650,25000,22835,578482500,76050000000,3000000,KSQ,우량기업부
1810,458350,KR7458350006,에스팀,KOSDAQ,중견기업부,8750,2,-70,-0.79,8820,9100,8670,74101,659074655,75978000000,8683200,KSQ,중견기업부
1811,147760,KR7147760003,피엠티,KOSDAQ,벤처기업부,7020,1,30,0.43,6970,7580,6710,283600,2031766690,75955459320,10819866,KSQ,벤처기업부
1812,288620,KR7288620008,에스프리즘,KOSDAQ,벤처기업부,10880,1,670,6.56,10850,11930,10450,306183,3397297755,75934958080,6979316,KSQ,벤처기업부
1813,067920,KR7067920009,이글루,KOSDAQ,우량기업부,6890,2,-80,-1.15,7070,7170,6890,77044,539925695,75763259910,10996119,KSQ,우량기업부
1814,042110,KR7042110007,에스씨디,KOSDAQ,우량기업부,1564,1,23,1.49,1540,1585,1516,219074,339188003,75587438096,48329564,KSQ,우량기업부
1816,159580,KR7159580000,제로투세븐,KOSDAQ,중견기업부,3770,1,25,0.67,3750,3800,3710,9882,37179985,75523037720,20032636,KSQ,중견기업부
1817,087260,KR7087260006,모바일어플라이언스,KOSDAQ,벤처기업부,2320,1,50,2.2,2300,2385,2275,340754,790505731,75522637520,32552861,KSQ,벤처기업부
1818,032540,KR7032540007,TJ미디어,KOSDAQ,우량기업부,3610,2,-30,-0.82,3640,3735,3585,7555,27261775,75439660930,20897413,KSQ,우량기업부
1819,168330,KR7168330009,내츄럴엔도텍,KOSDAQ,투자주의환기종목(소속부없음),2375,2,-25,-1.04,2435,2455,2310,20934,49704215,75417887500,31754900,KSQ,투자주의환기종목(소속부없음)
1820,446840,KR7446840001,지슨,KOSDAQ,기술성장기업부,1368,2,-1,-0.07,1379,1400,1337,126535,172152357,75353657544,55083083,KSQ,기술성장기업부
1821,048770,KR7048770002,TPC로보틱스,KOSDAQ,벤처기업부,4800,1,815,20.45,4105,5100,4105,4050870,19168148132,75350356800,15697991,KSQ,벤처기업부
1822,153710,KR7153710009,옵티팜,KOSDAQ,기술성장기업부,5130,1,40,0.79,5090,5190,5060,14943,76373760,75256884540,14669958,KSQ,기술성장기업부
1823,072470,KR7072470008,우리산업홀딩스,KOSDAQ,중견기업부,3980,1,170,4.46,3810,4250,3700,538867,2197473019,75171617180,18887341,KSQ,중견기업부
1824,080010,KR7080010002,이상네트웍스,KOSDAQ,중견기업부,7630,1,10,0.13,7630,7630,7550,7981,60728080,75041591730,9835071,KSQ,중견기업부
1825,457370,KR7457370005,한켐,KOSDAQ,중견기업부,9280,3,0,0.0,9250,9330,9160,41724,385376450,74816603520,8062134,KSQ,중견기업부
1826,036000,KR7036000008,예림당,KOSDAQ,중견기업부,3245,1,25,0.78,3220,3280,3195,19724,63625770,74746228865,23034277,KSQ,중견기업부
1827,039240,KR7039240007,경남스틸,KOSDAQ,우량기업부,2770,1,5,0.18,2760,2775,2715,176030,482273073,74733503080,26979604,KSQ,우량기업부
1828,033170,KR7033170002,시그네틱스,KOSDAQ,중견기업부,870,1,4,0.46,866,875,847,349746,300947570,74583637530,85728319,KSQ,중견기업부
1829,234100,KR7234100006,폴라리스세원,KOSDAQ,우량기업부,1020,0,0,0.0,0,0,0,0,0,74468346660,73008183,KSQ,우량기업부
1830,043710,KR7043710003,코스리거글로벌,KOSDAQ,중견기업부,4295,2,-165,-3.7,4460,4460,4115,26672,112325996,74357196090,17312502,KSQ,중견기업부
1831,900260,HK0000295359,로스웰,KOSDAQ,외국기업(소속부없음),1615,2,-30,-1.82,1645,1645,1610,15627,25259426,74337975190,46029706,KSQ,외국기업(소속부없음)
1833,040610,KR7040610008,SG&G,KOSDAQ,중견기업부,2175,0,0,0.0,0,0,0,0,0,74139651300,34087196,KSQ,중견기업부
1834,261520,KR7261520001,이지스,KOSDAQ,기술성장기업부,7210,1,80,1.12,7140,7340,7080,33697,241519330,74102938000,10277800,KSQ,기술성장기업부
1835,307870,KR7307870006,비투엔,KOSDAQ,벤처기업부,996,2,-4,-0.4,1011,1075,980,223898,223181396,74002087860,74299285,KSQ,벤처기업부
1836,024910,KR7024910002,경창산업,KOSDAQ,중견기업부,2065,1,80,4.03,1985,2100,1973,424599,870028559,73966245325,35819005,KSQ,중견기업부
1837,333620,KR7333620003,엔시스,KOSDAQ,벤처기업부,7000,3,0,0.0,6940,7020,6800,27988,192399655,73894408000,10556344,KSQ,벤처기업부
1838,043650,KR7043650001,국순당,KOSDAQ,중견기업부,4130,2,-45,-1.08,4135,4160,4120,26578,110013043,73754795520,17858304,KSQ,중견기업부
1841,039020,KR7039020003,이건홀딩스,KOSDAQ,중견기업부,3230,2,-50,-1.52,3255,3260,3200,46708,150085820,72948610070,22584709,KSQ,중견기업부
1842,092300,KR7092300003,현우산업,KOSDAQ,우량기업부,3825,1,30,0.79,3795,3870,3610,103459,392083735,72866005200,19049936,KSQ,우량기업부
1843,294140,KR7294140009,레몬,KOSDAQ,관리종목(소속부없음),3245,2,-10,-0.31,3290,3345,3210,31918,103864105,72736084410,22414818,KSQ,관리종목(소속부없음)
1845,053050,KR7053050001,지에스이,KOSDAQ,우량기업부,2425,1,15,0.62,2430,2440,2385,189103,454784143,72719922725,29987597,KSQ,우량기업부
1846,352910,KR7352910004,오비고,KOSDAQ,기술성장기업부,5750,1,270,4.93,5510,5830,5500,71090,406014545,72667361500,12637802,KSQ,기술성장기업부
1848,373200,KR7373200005,엑스플러스,KOSDAQ,벤처기업부,643,0,0,0.0,0,0,0,0,0,72325014869,112480583,KSQ,벤처기업부
1849,038060,KR7038060000,루멘스,KOSDAQ,중견기업부,1503,2,-207,-12.11,1710,1711,1501,2660067,4234528591,72298912707,48103069,KSQ,중견기업부
1851,012790,KR7012790002,신일제약,KOSDAQ,우량기업부,6030,2,-20,-0.33,6060,6060,5990,23292,140017070,72278082450,11986415,KSQ,우량기업부
1853,318160,KR7318160009,셀바이오휴먼텍,KOSDAQ,벤처기업부,7710,2,-140,-1.78,7850,7850,7530,18668,143579415,72020659710,9341201,KSQ,벤처기업부
1856,234920,KR7234920007,자이글,KOSDAQ,관리종목(소속부없음),5310,0,0,0.0,0,0,0,0,0,71849132100,13530910,KSQ,관리종목(소속부없음)
1857,099410,KR7099410003,동방선기,KOSDAQ,벤처기업부,5130,2,-210,-3.93,5240,5250,5040,193403,991349425,71820000000,14000000,KSQ,벤처기업부
1858,042940,KR7042940007,상지건설,KOSDAQ,중견기업부,10510,2,-680,-6.08,10590,10680,10310,355392,3715747405,71769763120,6828712,KSQ,중견기업부
1860,039420,KR7039420005,케이엘넷,KOSDAQ,중견기업부,3125,1,35,1.13,3095,3150,3070,129920,403978744,71709356250,22946994,KSQ,중견기업부
1863,040350,KR7040350001,크레오에스지,KOSDAQ,벤처기업부,732,0,0,0.0,0,0,0,0,0,71445147852,97602661,KSQ,벤처기업부
1864,177900,KR7177900008,쓰리에이로직스,KOSDAQ,기술성장기업부,7410,2,-30,-0.4,7260,7630,7260,101254,754232210,71340516000,9627600,KSQ,기술성장기업부
1865,064240,KR7064240005,홈캐스트,KOSDAQ,벤처기업부,2055,1,35,1.73,2020,2070,1995,106334,214822406,71296685805,34694251,KSQ,벤처기업부
1866,184230,KR7184230001,SGA솔루션즈,KOSDAQ,벤처기업부,754,0,0,0.0,0,0,0,0,0,71207681584,94439896,KSQ,벤처기업부
1867,260930,KR7260930003,씨티케이,KOSDAQ,중견기업부,3680,1,55,1.52,3630,3750,3525,28866,104456015,71177054880,19341591,KSQ,중견기업부
1869,347740,KR7347740003,피엔케이피부임상연구센타,KOSDAQ,벤처기업부,2365,2,-20,-0.84,2385,2465,2350,50622,120096947,70975012240,30010576,KSQ,벤처기업부
1871,226330,KR7226330009,신테카바이오,KOSDAQ,기술성장기업부,2915,1,95,3.37,2845,2955,2835,126052,365710737,70713454625,24258475,KSQ,기술성장기업부
1872,104540,KR7104540000,코렌텍,KOSDAQ,기술성장기업부,5510,2,-50,-0.9,5480,5700,5480,33733,186591025,70449427400,12785740,KSQ,기술성장기업부
1874,010470,KR7010470003,오리콤,KOSDAQ,우량기업부,5870,2,-20,-0.34,5880,5910,5780,8220,48207340,70293543500,11975050,KSQ,우량기업부
1877,049550,KR7049550007,잉크테크,KOSDAQ,우량기업부,3575,2,-120,-3.25,3690,3690,3545,10370,37186095,70092440275,19606277,KSQ,우량기업부
1879,332370,KR7332370006,아이디피,KOSDAQ,벤처기업부,5260,1,60,1.15,5190,5260,5190,2058,10714320,69819798760,13273726,KSQ,벤처기업부
1880,0013V0,KR70013V0002,삼진식품,KOSDAQ,중견기업부,7030,1,90,1.3,6910,7080,6890,58367,406674220,69728151680,9918656,KSQ,중견기업부
1881,005670,KR7005670005,푸드웰,KOSDAQ,우량기업부,6960,1,540,8.41,6420,7150,6370,297898,2051435705,69600000000,10000000,KSQ,우량기업부
1883,073640,KR7073640005,테라사이언스,KOSDAQ,관리종목(소속부없음),654,0,0,0.0,0,0,0,0,0,69571715580,106378770,KSQ,관리종목(소속부없음)
1885,460870,KR7460870009,에스엠씨지,KOSDAQ,벤처기업부,3460,2,-20,-0.57,3485,3635,3445,209434,738491229,69453631840,20073304,KSQ,벤처기업부
1886,219550,KR7219550001,디와이디,KOSDAQ,관리종목(소속부없음),1786,1,120,7.2,1750,1788,1616,101644,175777504,69068651002,38672257,KSQ,관리종목(소속부없음)
1887,122310,KR7122310006,제노레이,KOSDAQ,우량기업부,4730,1,50,1.07,4720,4730,4605,29213,137161620,68839682120,14553844,KSQ,우량기업부
1888,052220,KR7052220001,iMBC,KOSDAQ,중견기업부,2990,2,-20,-0.66,3010,3010,2960,159643,475490201,68770000000,23000000,KSQ,중견기업부
1889,321820,KR7321820003,아티스트컴퍼니,KOSDAQ,기술성장기업부,4390,2,-10,-0.23,4400,4500,4345,59222,260975794,68446140640,15591376,KSQ,기술성장기업부
1890,105550,KR7105550008,엣지파운드리,KOSDAQ,중견기업부,874,2,-35,-3.85,900,900,832,1592424,1382341693,68440362574,78307051,KSQ,중견기업부
1891,351330,KR7351330006,이삭엔지니어링,KOSDAQ,벤처기업부,8230,2,-70,-0.84,8330,8540,8210,55290,459239655,68214519600,8288520,KSQ,벤처기업부
1892,033310,KR7033310004,엠투엔,KOSDAQ,중견기업부,1705,1,10,0.59,1695,1734,1681,79436,135212661,68153037480,39972456,KSQ,중견기업부
1893,256630,KR7256630005,포인트엔지니어링,KOSDAQ,벤처기업부,1175,0,0,0.0,0,0,0,0,0,68146559600,57997072,KSQ,벤처기업부
1894,061250,KR7061250007,화일약품,KOSDAQ,우량기업부,8090,1,30,0.37,8060,8240,7960,19349,156884390,68098254560,8417584,KSQ,우량기업부
1896,010240,KR7010240000,흥국,KOSDAQ,우량기업부,5800,2,-80,-1.36,5900,5900,5760,27023,156903570,67894800000,11706000,KSQ,우량기업부
1897,007370,KR7007370000,진양제약,KOSDAQ,우량기업부,4795,2,-65,-1.34,4830,4865,4790,30299,145620205,67775344665,14134587,KSQ,우량기업부
1899,037230,KR7037230000,한국팩키지,KOSDAQ,우량기업부,2270,1,10,0.44,2270,2300,2240,126366,286118310,67646742290,29800327,KSQ,우량기업부
1902,036670,KR7036670008,삼양케이씨아이,KOSDAQ,우량기업부,5980,1,30,0.5,5940,6030,5940,36327,216354175,67394600000,11270000,KSQ,우량기업부
1903,950220,KR8840140006,네오이뮨텍,KOSDAQ,기술성장기업부,402,1,1,0.25,401,412,398,762863,307236330,67390638810,167638405,KSQ,기술성장기업부
1904,109860,KR7109860007,동일금속,KOSDAQ,우량기업부,7400,2,-60,-0.8,7460,7460,7370,3263,24082380,67340000000,9100000,KSQ,우량기업부
1905,072990,KR7072990005,에이치시티,KOSDAQ,우량기업부,4637,1,67,1.47,4600,4800,4550,57374,265366722,67228181222,14498206,KSQ,우량기업부
1906,317530,KR7317530004,에피소드컴퍼니,KOSDAQ,기술성장기업부,3835,1,5,0.13,3830,4000,3830,6512,25003128,67092872470,17494882,KSQ,기술성장기업부
1908,373160,KR7373160001,데이원컴퍼니,KOSDAQ,기술성장기업부,4855,1,225,4.86,4645,4930,4630,52113,249674795,67035261995,13807469,KSQ,기술성장기업부
1909,015710,KR7015710007,코콤,KOSDAQ,우량기업부,3820,2,-5,-0.13,3825,3855,3770,50950,193517075,66966510000,17530500,KSQ,우량기업부
1910,950200,KR8840150005,소마젠,KOSDAQ,외국기업(소속부없음),3480,1,15,0.43,3500,3520,3410,21356,73675287,66941464440,19236053,KSQ,외국기업(소속부없음)
1911,459550,KR7459550000,알트,KOSDAQ,중견기업부,2670,1,10,0.38,2675,2735,2635,188404,504466960,66930943230,25067769,KSQ,중견기업부
1912,094970,KR7094970001,제이엠티,KOSDAQ,벤처기업부,3995,1,90,2.3,3900,4015,3830,240875,949539397,66909218800,16748240,KSQ,벤처기업부
1914,089790,KR7089790000,제이티,KOSDAQ,벤처기업부,6480,2,-220,-3.28,6570,7090,6350,721019,4775954650,66844524240,10315513,KSQ,벤처기업부
1915,100030,KR7100030006,인지소프트,KOSDAQ,중견기업부,20300,1,50,0.25,20500,20600,20000,16238,330210175,66659394200,3283714,KSQ,중견기업부
1916,189330,KR7189330004,씨이랩,KOSDAQ,기술성장기업부,7100,2,-10,-0.14,6920,7330,6920,199415,1420897355,66614216400,9382284,KSQ,기술성장기업부
1917,036120,KR7036120004,서울평가정보,KOSDAQ,중견기업부,1894,2,-23,-1.2,1902,1911,1891,121326,229809462,66564630000,35145000,KSQ,중견기업부
1918,429270,KR7429270002,시지트로닉스,KOSDAQ,기술성장기업부,10320,4,2380,29.97,7930,10320,7620,2574494,24774836670,66556063920,6449231,KSQ,기술성장기업부
1920,320000,KR7320000003,한울반도체,KOSDAQ,중견기업부,9970,4,2300,29.99,8200,9970,8200,857203,8418519910,66488035700,6668810,KSQ,중견기업부
1921,317870,KR7317870004,엔바이오니아,KOSDAQ,기술성장기업부,7510,2,-100,-1.31,7830,7830,7470,18213,137219160,66402631450,8841895,KSQ,기술성장기업부
1922,082210,KR7082210006,옵트론텍,KOSDAQ,중견기업부,1899,1,126,7.11,1776,1989,1775,550234,1060099948,66395363670,34963330,KSQ,중견기업부
1923,024950,KR7024950008,삼천리자전거,KOSDAQ,중견기업부,4995,1,195,4.06,4795,5120,4795,173030,865669733,66301517115,13273577,KSQ,중견기업부
1925,065500,KR7065500001,오리엔트정공,KOSDAQ,중견기업부,1990,1,9,0.45,1981,2005,1966,201400,398877566,66153394880,33242912,KSQ,중견기업부
1926,088910,KR7088910005,동우팜투테이블,KOSDAQ,우량기업부,2560,1,10,0.39,2550,2570,2520,21925,55812460,66129315840,25831764,KSQ,우량기업부
1927,331380,KR7331380006,포커스에이아이,KOSDAQ,투자주의환기종목(소속부없음),2040,2,-130,-5.99,2170,2195,2015,242405,501815230,66119437560,32411489,KSQ,투자주의환기종목(소속부없음)
1928,299900,KR7299900001,위지윅스튜디오,KOSDAQ,중견기업부,386,1,1,0.26,385,395,381,335242,129756554,66024869224,171048884,KSQ,중견기업부
1930,246960,KR7246960009,SCL사이언스,KOSDAQ,기술성장기업부,1939,2,-5,-0.26,1995,1998,1939,55746,109082066,65959054133,34017047,KSQ,기술성장기업부
1931,053270,KR7053270005,구영테크,KOSDAQ,우량기업부,2405,1,80,3.44,2325,2465,2310,265325,640044061,65922024025,27410405,KSQ,우량기업부
1932,198440,KR7198440000,강동씨앤엘,KOSDAQ,중견기업부,1079,2,-1,-0.09,1080,1090,1065,41295,44339992,65745515784,60931896,KSQ,중견기업부
1933,137080,KR7137080008,나래나노텍,KOSDAQ,중견기업부,5940,1,10,0.17,5930,6120,5830,35462,210891850,65692966680,11059422,KSQ,중견기업부
1934,460470,KR7460470008,아이빔테크놀로지,KOSDAQ,기술성장기업부,4320,1,240,5.88,4000,4350,3910,316018,1319574254,65315678400,15119370,KSQ,기술성장기업부
1935,393210,KR7393210000,토마토시스템,KOSDAQ,기술성장기업부,4180,1,5,0.12,4140,4260,4105,41857,174287387,65268793920,15614544,KSQ,기술성장기업부
1936,198080,KR7198080004,캐프,KOSDAQ,우량기업부,3030,1,15,0.5,3025,3055,2990,64353,194262029,65251610550,21535185,KSQ,우량기업부
1937,263690,KR7263690000,디알젬,KOSDAQ,우량기업부,5760,1,200,3.6,5560,5800,5560,40758,232476885,65235513600,11325610,KSQ,우량기업부
1939,097800,KR7097800007,윈팩,KOSDAQ,중견기업부,477,0,0,0.0,0,0,0,0,0,65086759233,136450229,KSQ,중견기업부
1940,273060,KR7273060004,와이즈버즈,KOSDAQ,중견기업부,1287,1,185,16.79,1128,1370,1128,5255581,6730076482,64941482034,50459582,KSQ,중견기업부
1941,052460,KR7052460003,아이크래프트,KOSDAQ,벤처기업부,4415,1,380,9.42,4050,4760,3995,2062871,9296395705,64494037440,14607936,KSQ,벤처기업부
1942,289220,KR7289220006,자이언트스텝,KOSDAQ,기술성장기업부,2890,1,85,3.03,2810,2935,2810,44497,127494981,64482318690,22312221,KSQ,기술성장기업부
1945,384470,KR7384470001,코어라인소프트,KOSDAQ,기술성장기업부,3585,2,-15,-0.42,3565,3690,3500,85176,303691555,64338890820,17946692,KSQ,기술성장기업부
1946,127710,KR7127710002,아시아경제,KOSDAQ,중견기업부,1460,2,-60,-3.95,1519,1519,1450,29536,43202722,64311846600,44049210,KSQ,중견기업부
1947,150900,KR7150900009,파수AI,KOSDAQ,벤처기업부,5480,2,-80,-1.44,5600,5970,5340,946797,5289334005,64137492560,11703922,KSQ,벤처기업부
1949,068330,KR7068330000,일신바이오,KOSDAQ,중견기업부,1445,2,-16,-1.1,1472,1493,1434,190522,277644982,63892322300,44216140,KSQ,중견기업부
1950,053350,KR7053350005,이니텍,KOSDAQ,중견기업부,2900,1,20,0.69,2880,2935,2865,28804,83089795,63861088500,22021065,KSQ,중견기업부
1951,054300,KR7054300009,팬스타엔터프라이즈,KOSDAQ,벤처기업부,1103,2,-9,-0.81,1111,1111,1074,97015,105603880,63831652335,57870945,KSQ,벤처기업부
1952,303360,KR7303360002,프로티아,KOSDAQ,기술성장기업부,4945,1,115,2.38,4855,5330,4800,47756,237634871,63690190675,12879715,KSQ,기술성장기업부
1953,063440,KR7063440002,SM Life Design,KOSDAQ,중견기업부,1405,2,-19,-1.33,1424,1434,1392,117093,164112483,63673706420,45319364,KSQ,중견기업부
1954,037330,KR7037330008,인지디스플레,KOSDAQ,우량기업부,1450,1,2,0.14,1452,1461,1432,35680,51484611,63633574800,43885224,KSQ,우량기업부
1955,050960,KR7050960004,수산아이앤티,KOSDAQ,벤처기업부,9410,1,20,0.21,9420,9420,9230,10219,94774230,63526910000,6751000,KSQ,벤처기업부
1956,065170,KR7065170003,비엘팜텍,KOSDAQ,투자주의환기종목(소속부없음),2260,1,70,3.2,2175,2360,2175,516614,1167005886,63085172180,27913793,KSQ,투자주의환기종목(소속부없음)
1957,306040,KR7306040007,에스제이그룹,KOSDAQ,중견기업부,6380,1,190,3.07,6190,6450,6110,78108,488214520,62943982640,9865828,KSQ,중견기업부
1958,376930,KR7376930004,노을,KOSDAQ,기술성장기업부,1225,2,-19,-1.53,1244,1275,1225,497760,620722456,62831870675,51291323,KSQ,기술성장기업부
1959,004780,KR7004780003,대륙제관,KOSDAQ,우량기업부,3945,2,-35,-0.88,4000,4000,3930,14320,56688725,62738120055,15903199,KSQ,우량기업부
1960,001840,KR7001840008,이화공영,KOSDAQ,관리종목(소속부없음),2215,0,0,0.0,0,0,0,0,0,62588831935,28256809,KSQ,관리종목(소속부없음)
1961,196300,KR7196300008,HLB펩,KOSDAQ,관리종목(소속부없음),6690,2,-130,-1.91,6800,6870,6620,17934,119914470,62532299700,9347130,KSQ,관리종목(소속부없음)
1963,053620,KR7053620001,태양,KOSDAQ,우량기업부,7230,1,10,0.14,7250,7290,7170,2565,18532370,62178000000,8600000,KSQ,우량기업부
1966,215090,KR7215090002,솔디펜스,KOSDAQ,벤처기업부,2680,2,-30,-1.11,2710,2745,2665,143567,386399484,62057171480,23155661,KSQ,벤처기업부
1967,008370,KR7008370009,원풍,KOSDAQ,우량기업부,5170,2,-130,-2.45,5260,5300,5170,16076,83827280,62040000000,12000000,KSQ,우량기업부
1968,294090,KR7294090006,이오플로우,KOSDAQ,관리종목(소속부없음),1490,0,0,0.0,0,0,0,0,0,61997566450,41609105,KSQ,관리종목(소속부없음)
1969,444530,KR7444530000,심플랫폼,KOSDAQ,기술성장기업부,9640,2,-190,-1.93,9830,9900,9510,35894,346870270,61875728160,6418644,KSQ,기술성장기업부
1970,218150,KR7218150001,미래생명자원,KOSDAQ,벤처기업부,3020,1,50,1.68,3005,3055,2970,101883,305390632,61655722040,20415802,KSQ,벤처기업부
1971,189980,KR7189980006,흥국에프엔비,KOSDAQ,우량기업부,1535,2,-33,-2.1,1570,1579,1535,138835,214384715,61611564445,40137827,KSQ,우량기업부
1973,143540,KR7143540003,영우디에스피,KOSDAQ,벤처기업부,1380,2,-1,-0.07,1387,1432,1355,243599,336873980,61547855100,44599895,KSQ,벤처기업부
1974,173940,KR7173940008,에프엔씨엔터,KOSDAQ,중견기업부,3985,2,-90,-2.21,4075,4075,3910,3790,15071115,61340339880,15392808,KSQ,중견기업부
1975,419080,KR7419080007,엔젯,KOSDAQ,기술성장기업부,5740,1,40,0.7,5700,5920,5470,145457,834715180,61332686380,10685137,KSQ,기술성장기업부
1976,045340,KR7045340007,토탈소프트,KOSDAQ,벤처기업부,7150,1,90,1.27,7070,7200,6990,40963,290123770,61189986000,8558040,KSQ,벤처기업부
1977,096630,KR7096630009,에스코넥,KOSDAQ,우량기업부,3840,2,-20,-0.52,3880,3895,3695,212109,804546961,60965080320,15876323,KSQ,우량기업부
1978,038010,KR7038010005,제일테크노스,KOSDAQ,우량기업부,6750,1,10,0.15,6740,6790,6670,13756,92515810,60750000000,9000000,KSQ,우량기업부
1979,153460,KR7153460001,네이블,KOSDAQ,중견기업부,9300,2,-60,-0.64,9360,9820,9120,28441,266016435,60729130200,6530014,KSQ,중견기업부
1980,014190,KR7014190003,원익큐브,KOSDAQ,우량기업부,1714,1,24,1.42,1738,1738,1685,117709,200172110,60675438884,35399906,KSQ,우량기업부
1981,365590,KR7365590009,하이딥,KOSDAQ,기술성장기업부,1954,3,0,0.0,1954,1998,1912,20818,40498224,60489239388,30956622,KSQ,기술성장기업부
1982,0010V0,KR70010V0005,제이피아이헬스케어,KOSDAQ,벤처기업부,11840,1,90,0.77,11640,11880,11500,10951,126936790,60447936000,5105400,KSQ,벤처기업부
1983,238120,KR7238120000,얼라인드,KOSDAQ,기술성장기업부,4200,2,-85,-1.98,4310,4310,4175,17441,73698125,60391363200,14378896,KSQ,기술성장기업부
1984,219420,KR7219420007,링크제니시스,KOSDAQ,기술성장기업부,5260,1,100,1.94,5160,5410,5130,154003,812626550,60329606820,11469507,KSQ,기술성장기업부
1986,052790,KR7052790003,액토즈소프트,KOSDAQ,중견기업부,5500,1,30,0.55,5310,5540,5310,29986,163368310,60085008500,10924547,KSQ,중견기업부
1987,053980,KR7053980009,오상자이엘,KOSDAQ,우량기업부,3160,3,0,0.0,3165,3180,3140,37416,118033882,59985594280,18982783,KSQ,우량기업부
1989,199550,KR7199550005,레이저옵텍,KOSDAQ,벤처기업부,4885,1,430,9.65,4505,4925,4460,210301,1003667690,59918389035,12265791,KSQ,벤처기업부
1990,185490,KR7185490000,아이진,KOSDAQ,벤처기업부,1385,1,64,4.84,1335,1415,1280,291773,402152251,59873250840,43229784,KSQ,벤처기업부
1991,206560,KR7206560005,덱스터,KOSDAQ,기술성장기업부,2355,2,-80,-3.29,2435,2440,2330,172059,407567967,59844638280,25411736,KSQ,기술성장기업부
1992,407400,KR7407400001,꿈비,KOSDAQ,벤처기업부,4080,2,-25,-0.61,4225,4225,4030,65373,265960541,59708898720,14634534,KSQ,벤처기업부
1993,090410,KR7090410002,덕신이피씨,KOSDAQ,우량기업부,1295,2,-10,-0.77,1305,1305,1275,80110,102820835,59678903025,46084095,KSQ,우량기업부
1994,035460,KR7035460005,기산텔레콤,KOSDAQ,벤처기업부,3995,2,-55,-1.36,4200,4375,3930,1510806,6292589030,59538843300,14903340,KSQ,벤처기업부
1995,215790,KR7215790007,이노인스트루먼트,KOSDAQ,중견기업부,1477,2,-88,-5.62,1606,1640,1410,4052572,6186490573,59498211073,40283149,KSQ,중견기업부
1996,440290,KR7440290005,HB인베스트먼트,KOSDAQ,중견기업부,2160,1,20,0.93,2170,2250,2135,61626,134766950,59413888800,27506430,KSQ,중견기업부
1997,223310,KR7223310004,사토시홀딩스,KOSDAQ,중견기업부,2275,0,0,0.0,0,0,0,0,0,59202811850,26023214,KSQ,중견기업부
1998,037950,KR7037950003,엘컴텍,KOSDAQ,중견기업부,3505,2,-375,-9.66,3880,3880,3490,304485,1100287546,59197708015,16889503,KSQ,중견기업부
2004,072770,KR7072770001,멤레이비티,KOSDAQ,중견기업부,707,0,0,0.0,0,0,0,0,0,58698106572,83024196,KSQ,중견기업부
2005,033830,KR7033830001,티비씨,KOSDAQ,중견기업부,586,2,-4,-0.68,591,591,577,95506,55494633,58600000000,100000000,KSQ,중견기업부
2006,089150,KR7089150007,케이씨티,KOSDAQ,벤처기업부,3410,2,-50,-1.45,3490,3490,3365,77129,262669460,58481500000,17150000,KSQ,벤처기업부
2008,070300,KR7070300009,엑스큐어,KOSDAQ,벤처기업부,2505,1,120,5.03,2385,2585,2365,461140,1155840155,58384230390,23307078,KSQ,벤처기업부
2009,452300,KR7452300007,캡스톤파트너스,KOSDAQ,중견기업부,4115,2,-85,-2.02,4120,4265,4040,455521,1874087132,58307513075,14169505,KSQ,중견기업부
2011,0010F0,KR70010F0005,보원케미칼,KOSDAQ,벤처기업부,5230,2,-290,-5.25,5500,5700,5210,388974,2095435420,58281033230,11143601,KSQ,벤처기업부
2012,261200,KR7261200000,덴티스,KOSDAQ,중견기업부,3685,1,10,0.27,3640,3700,3640,35779,131031070,58258744500,15809700,KSQ,중견기업부
2013,413640,KR7413640004,비아이매트릭스,KOSDAQ,벤처기업부,8080,2,-180,-2.18,8260,8300,8010,53869,435809415,58232075200,7206940,KSQ,벤처기업부
2014,099520,KR7099520009,DGI,KOSDAQ,관리종목(소속부없음),1284,0,0,0.0,0,0,0,0,0,58141862016,45281824,KSQ,관리종목(소속부없음)
2015,007680,KR7007680002,대원,KOSDAQ,중견기업부,4320,2,-15,-0.35,4335,4340,4295,1860,8033935,58088767680,13446474,KSQ,중견기업부
2016,033560,KR7033560004,블루콤,KOSDAQ,중견기업부,3395,1,5,0.15,3390,3435,3340,31327,105864810,58054500000,17100000,KSQ,중견기업부
2017,450330,KR7450330006,하스,KOSDAQ,기술성장기업부,7090,2,-30,-0.42,7100,7200,7010,37629,267088335,58044716870,8186843,KSQ,기술성장기업부
2019,066670,KR7066670001,디티씨,KOSDAQ,중견기업부,3095,1,45,1.48,2970,3155,2970,125674,389084970,57851486210,18691918,KSQ,중견기업부
2020,419120,KR7419120001,산돌,KOSDAQ,중견기업부,3930,2,-20,-0.51,3950,3965,3895,33773,132365584,57843162660,14718362,KSQ,중견기업부
2022,038070,KR7038070009,서린바이오,KOSDAQ,중견기업부,6190,1,30,0.49,6160,6230,6130,23348,144326045,57571184440,9300676,KSQ,중견기업부
2023,452160,KR7452160005,제이엔비,KOSDAQ,중견기업부,5980,2,-100,-1.64,6090,6160,5830,25952,156467900,57512811460,9617527,KSQ,중견기업부
2024,245620,KR7245620000,EDGC,KOSDAQ,관리종목(소속부없음),415,0,0,0.0,0,0,0,0,0,57474989665,138493951,KSQ,관리종목(소속부없음)
2025,364950,KR7364950006,에이아이코리아,KOSDAQ,벤처기업부,6920,1,120,1.76,6720,7080,6720,33573,232560530,57411399400,8296445,KSQ,벤처기업부
2026,105760,KR7105760003,포스뱅크,KOSDAQ,우량기업부,5640,1,80,1.44,5560,5720,5530,49149,277627780,57400462680,10177387,KSQ,우량기업부
2027,126640,KR7126640002,화신정공,KOSDAQ,우량기업부,1635,1,20,1.24,1624,1656,1594,318344,520099665,57316412850,35055910,KSQ,우량기업부
2028,123010,KR7123010001,알엔티엑스,KOSDAQ,기술성장기업부,1724,1,37,2.19,1646,1769,1622,538344,918481404,57250183412,33207763,KSQ,기술성장기업부
2029,277070,KR7277070009,린드먼아시아,KOSDAQ,중견기업부,4175,2,-55,-1.3,4235,4235,4150,2899,12068590,57164100000,13692000,KSQ,중견기업부
2030,237820,KR7237820006,플레이디,KOSDAQ,중견기업부,4455,1,20,0.45,4310,4475,4310,34667,153434920,57144908700,12827140,KSQ,중견기업부
2032,465480,KR7465480002,인스피언,KOSDAQ,벤처기업부,5630,2,-250,-4.25,5830,5850,5540,78247,441712100,57075656360,10137772,KSQ,벤처기업부
2034,171010,KR7171010002,램테크놀러지,KOSDAQ,벤처기업부,3980,1,105,2.71,4060,4065,3875,204498,810680488,56909032960,14298752,KSQ,벤처기업부
2037,104200,KR7104200001,NHN벅스,KOSDAQ,중견기업부,3825,2,-100,-2.55,3900,3950,3645,34670,133059150,56715378750,14827550,KSQ,중견기업부
2039,100660,KR7100660000,서암기계공업,KOSDAQ,중견기업부,4490,2,-55,-1.21,4545,4590,4445,61281,276294765,56574000000,12600000,KSQ,중견기업부
2040,239890,KR7239890007,피엔에이치테크,KOSDAQ,기술성장기업부,5680,2,-180,-3.07,5870,5880,5590,70898,402081230,56435088400,9935755,KSQ,기술성장기업부
2041,434480,KR7434480000,모니터랩,KOSDAQ,기술성장기업부,4580,1,25,0.55,4680,4680,4460,374684,1710238914,56381174000,12310300,KSQ,기술성장기업부
2042,057540,KR7057540007,옴니시스템,KOSDAQ,중견기업부,949,1,13,1.39,937,963,924,492018,465024153,56365160332,59394268,KSQ,중견기업부
2043,369370,KR7369370002,블리츠웨이엔터테인먼트,KOSDAQ,벤처기업부,1126,2,-4,-0.35,1159,1159,1101,115809,129974228,56155771786,49871911,KSQ,벤처기업부
2044,466410,KR7466410008,사이냅소프트,KOSDAQ,벤처기업부,11140,2,-40,-0.36,11190,11300,11090,13952,155704140,56112436220,5037023,KSQ,벤처기업부
2045,190650,KR7190650002,코리아에셋투자증권,KOSDAQ,우량기업부,8780,2,-200,-2.23,8800,8970,8680,21648,190575445,56086640000,6388000,KSQ,우량기업부
2046,043910,KR7043910009,자연과환경,KOSDAQ,벤처기업부,493,0,0,0.0,0,0,0,0,0,55901988301,113391457,KSQ,벤처기업부
2048,471820,KR7471820001,셀로맥스사이언스,KOSDAQ,벤처기업부,4940,1,5,0.1,4985,4990,4900,16972,83804919,55836222260,11302879,KSQ,벤처기업부
2049,033200,KR7033200007,모아텍,KOSDAQ,투자주의환기종목(소속부없음),3895,2,-5,-0.13,3840,3920,3835,8625,33470417,55819965575,14331185,KSQ,투자주의환기종목(소속부없음)
2051,340930,KR7340930007,유일에너테크,KOSDAQ,관리종목(소속부없음),806,0,0,0.0,0,0,0,0,0,55513882710,68875785,KSQ,관리종목(소속부없음)
2054,311390,KR7311390009,네오크레마,KOSDAQ,벤처기업부,4375,2,-135,-2.99,4520,4520,4365,30433,133580031,55360326875,12653789,KSQ,벤처기업부
2056,307280,KR7307280008,원바이오젠,KOSDAQ,벤처기업부,7770,1,530,7.32,7230,7850,7160,57657,436025835,55125251790,7094627,KSQ,벤처기업부
2059,097870,KR7097870000,효성오앤비,KOSDAQ,중견기업부,6460,1,110,1.73,6380,6480,6350,64811,415404700,54845400000,8490000,KSQ,중견기업부
2061,114450,KR7114450000,그린생명과학,KOSDAQ,벤처기업부,2740,1,20,0.74,2750,2840,2705,302882,837309077,54800000000,20000000,KSQ,벤처기업부
2062,217480,KR7217480003,에스디생명공학,KOSDAQ,투자주의환기종목(소속부없음),499,0,0,0.0,0,0,0,0,0,54756837359,109733141,KSQ,투자주의환기종목(소속부없음)
2063,122350,KR7122350002,삼기,KOSDAQ,중견기업부,1427,3,0,0.0,1427,1454,1405,164105,234088532,54710363756,38339428,KSQ,중견기업부
2066,196450,KR7196450001,코아시아씨엠,KOSDAQ,중견기업부,1206,2,-77,-6.0,1281,1297,1200,176553,216771410,54655415892,45319582,KSQ,중견기업부
2067,066360,KR7066360009,체리부로,KOSDAQ,우량기업부,1137,1,17,1.52,1120,1167,1120,102187,116822046,54521441055,47952015,KSQ,우량기업부
2069,031310,KR7031310006,아이즈비전,KOSDAQ,중견기업부,1829,1,82,4.69,1758,1868,1740,969497,1756808430,54406624679,29746651,KSQ,중견기업부
2070,432430,KR7432430007,와이랩,KOSDAQ,기술성장기업부,3295,1,30,0.92,3265,3410,3210,28280,93033348,54394914400,16508320,KSQ,기술성장기업부
2071,361570,KR7361570005,알비더블유,KOSDAQ,중견기업부,1884,1,26,1.4,1879,1898,1839,51167,95019893,54152360244,28743291,KSQ,중견기업부
2072,309930,KR7309930006,조이웍스앤코,KOSDAQ,중견기업부,2210,0,0,0.0,0,0,0,0,0,54116376080,24487048,KSQ,중견기업부
2073,051490,KR7051490001,나라엠앤디,KOSDAQ,우량기업부,3810,1,5,0.13,3805,3865,3780,29431,112557550,54102000000,14200000,KSQ,우량기업부
2074,189690,KR7189690001,포시에스,KOSDAQ,벤처기업부,1980,2,-25,-1.25,2005,2005,1979,102635,204082992,54097498620,27321969,KSQ,벤처기업부
2075,056700,KR7056700008,신화인터텍,KOSDAQ,중견기업부,1856,2,-14,-0.75,1870,1870,1826,45847,84500654,54074728896,29135091,KSQ,중견기업부
2076,066130,KR7066130006,하츠,KOSDAQ,우량기업부,4220,2,-30,-0.71,4250,4250,4185,27274,114605027,54016000000,12800000,KSQ,우량기업부
2077,451700,KR7451700009,엔에이치스팩29호,KOSDAQ,SPAC(소속부없음),3755,1,170,4.74,3585,3785,3545,310287,1140774166,53884250000,14350000,KSQ,SPAC(소속부없음)
2078,179530,KR7179530001,애드바이오텍,KOSDAQ,기술성장기업부,2730,2,-60,-2.15,2790,2850,2630,118178,327771705,53725389900,19679630,KSQ,기술성장기업부
2079,476080,KR7476080007,M83,KOSDAQ,중견기업부,6650,2,-120,-1.77,6710,6760,6590,22249,147893510,53712050000,8077000,KSQ,중견기업부
2081,079000,KR7079000006,와토스코리아,KOSDAQ,중견기업부,7440,2,-330,-4.25,7810,7820,7300,26926,202368230,53568000000,7200000,KSQ,중견기업부
2082,297570,KR7297570004,알로이스,KOSDAQ,벤처기업부,1545,1,81,5.53,1465,1749,1465,1130728,1817477855,53489781810,34621218,KSQ,벤처기업부
2084,221840,KR7221840002,하이즈항공,KOSDAQ,중견기업부,2840,2,-55,-1.9,2895,2910,2815,34834,99151230,53109593240,18700561,KSQ,중견기업부
2085,050110,KR7050110006,캠시스,KOSDAQ,중견기업부,1816,1,40,2.25,1776,1853,1727,397863,722512235,53072278568,29224823,KSQ,중견기업부
2086,088340,KR7088340005,유라클,KOSDAQ,벤처기업부,12140,2,-180,-1.46,12550,12570,11890,52488,637437280,52983427520,4364368,KSQ,벤처기업부
2087,403490,KR7403490006,우듬지팜,KOSDAQ,벤처기업부,1153,2,-11,-0.95,1145,1163,1142,153967,177513378,52960130992,45932464,KSQ,벤처기업부
2088,263020,KR7263020000,디케이앤디,KOSDAQ,벤처기업부,3825,1,130,3.52,3720,3925,3705,720035,2737401609,52923258450,13836146,KSQ,벤처기업부
2090,430690,KR7430690008,한싹,KOSDAQ,벤처기업부,4855,2,-285,-5.54,5360,5360,4785,284779,1417845709,52896812585,10895327,KSQ,벤처기업부
2091,053160,KR7053160008,프리엠스,KOSDAQ,중견기업부,8810,2,-380,-4.13,9150,9190,8780,24967,224255430,52860000000,6000000,KSQ,중견기업부
2092,314140,KR7314140005,알피바이오,KOSDAQ,우량기업부,6090,2,-60,-0.98,6150,6190,6000,10504,63564600,52778138490,8666361,KSQ,우량기업부
2093,260660,KR7260660006,알리코제약,KOSDAQ,중견기업부,3440,1,50,1.47,3460,3460,3320,37085,126634600,52724952240,15327021,KSQ,중견기업부
2094,073110,KR7073110009,엘엠에스,KOSDAQ,벤처기업부,5920,1,70,1.2,5850,5940,5800,23703,138944740,52662869600,8895755,KSQ,벤처기업부
2095,464500,KR7464500008,아이언디바이스,KOSDAQ,기술성장기업부,3755,1,140,3.87,3615,3790,3565,178258,659428395,52544702565,13993263,KSQ,기술성장기업부
2096,053950,KR7053950002,경남제약,KOSDAQ,중견기업부,3360,1,10,0.3,3360,3600,3350,214678,743537277,52515022560,15629471,KSQ,중견기업부
2097,078590,KR7078590007,휴림에이텍,KOSDAQ,중견기업부,525,0,0,0.0,0,0,0,0,0,52457053425,99918197,KSQ,중견기업부
2098,352700,KR7352700009,씨앤투스,KOSDAQ,벤처기업부,1995,2,-25,-1.24,2020,2020,1987,5857,11686065,52422413505,26276899,KSQ,벤처기업부
2099,355390,KR7355390006,크라우드웍스,KOSDAQ,기술성장기업부,3355,2,-95,-2.75,3450,3560,3320,144744,496461074,52261100045,15577079,KSQ,기술성장기업부
2100,065130,KR7065130007,탑엔지니어링,KOSDAQ,중견기업부,3265,2,-65,-1.95,3315,3330,3190,70436,228553637,52253060000,16004000,KSQ,중견기업부
2101,376180,KR7376180006,피코그램,KOSDAQ,벤처기업부,2815,3,0,0.0,2815,2910,2730,66109,184224708,52249321970,18561038,KSQ,벤처기업부
2102,016600,KR7016600009,큐캐피탈,KOSDAQ,중견기업부,293,0,0,0.0,0,0,0,0,0,52226403816,178247112,KSQ,중견기업부
2104,043340,KR7043340009,에쎈테크,KOSDAQ,중견기업부,549,0,0,0.0,0,0,0,0,0,52155000000,95000000,KSQ,중견기업부
2105,026040,KR7026040006,제이에스티나,KOSDAQ,중견기업부,3160,2,-75,-2.32,3170,3250,3095,168004,529417860,52151976400,16503790,KSQ,중견기업부
2107,128540,KR7128540002,에코캡,KOSDAQ,우량기업부,1950,1,83,4.45,1852,2030,1848,292459,570948126,52046397000,26690460,KSQ,우량기업부
2108,122690,KR7122690001,서진오토모티브,KOSDAQ,중견기업부,2250,1,70,3.21,2180,2285,2155,53920,119732590,51928123500,23079166,KSQ,중견기업부
2109,051390,KR7051390003,YW,KOSDAQ,중견기업부,4555,2,-15,-0.33,4525,4595,4500,8056,36475295,51723701240,11355368,KSQ,중견기업부
2110,340440,KR7340440007,세림B&G,KOSDAQ,벤처기업부,1819,2,-81,-4.26,1986,2035,1793,1358554,2561487383,51620244116,28378364,KSQ,벤처기업부
2111,096610,KR7096610001,알에프세미,KOSDAQ,투자주의환기종목(소속부없음),2965,0,0,0.0,0,0,0,0,0,51550708615,17386411,KSQ,투자주의환기종목(소속부없음)
2112,087600,KR7087600003,픽셀플러스,KOSDAQ,벤처기업부,6290,1,40,0.64,6250,6310,6120,13549,83793780,51367649820,8166558,KSQ,벤처기업부
2113,466910,KR7466910007,엔에이치스팩30호,KOSDAQ,SPAC(소속부없음),5640,0,0,0.0,0,0,0,0,0,51324000000,9100000,KSQ,SPAC(소속부없음)
2116,388610,KR7388610008,지에프씨생명과학,KOSDAQ,기술성장기업부,9590,1,10,0.1,9940,9950,9350,20761,198035290,50862569310,5303709,KSQ,기술성장기업부
2117,046310,KR7046310009,백금T&A,KOSDAQ,우량기업부,3095,1,25,0.81,3065,3105,3050,36909,113698777,50815693895,16418641,KSQ,우량기업부
2118,006920,KR7006920003,모헨즈,KOSDAQ,중견기업부,4650,1,25,0.54,4590,4970,4565,327968,1543666847,50778000000,10920000,KSQ,중견기업부
2120,250000,KR7250000007,보라티알,KOSDAQ,우량기업부,7490,2,-10,-0.13,7490,7520,7380,7588,56399900,50562990170,6750733,KSQ,우량기업부
2121,064480,KR7064480007,브리지텍,KOSDAQ,벤처기업부,4230,1,35,0.83,4195,4250,4165,71768,301440237,50559075000,11952500,KSQ,벤처기업부
2122,086040,KR7086040003,바이오톡스텍,KOSDAQ,벤처기업부,3165,3,0,0.0,3165,3195,3060,29166,91676190,50507851755,15958247,KSQ,벤처기업부
2124,393970,KR7393970009,대진첨단소재,KOSDAQ,관리종목(소속부없음),2825,0,0,0.0,0,0,0,0,0,50428566500,17850820,KSQ,관리종목(소속부없음)
2125,119500,KR7119500007,포메탈,KOSDAQ,중견기업부,4255,1,115,2.78,4140,4400,4140,190609,815760901,50409972160,11847232,KSQ,중견기업부
2127,007530,KR7007530009,와이엠,KOSDAQ,중견기업부,2260,2,-20,-0.88,2335,2335,2210,65724,148114415,50294562060,22254231,KSQ,중견기업부
2128,002290,KR7002290005,삼일기업공사,KOSDAQ,우량기업부,4055,2,-30,-0.73,4090,4090,4005,56901,229432195,50282000000,12400000,KSQ,우량기업부
2129,332290,KR7332290006,누보,KOSDAQ,벤처기업부,1260,2,-18,-1.41,1266,1269,1241,314150,392876105,50279549040,39904404,KSQ,벤처기업부
2130,060850,KR7060850005,영림원소프트랩,KOSDAQ,벤처기업부,6180,1,110,1.81,6130,6470,6110,14165,88457490,50249580000,8131000,KSQ,벤처기업부
2131,069410,KR7069410009,엔텔스,KOSDAQ,벤처기업부,4895,2,-35,-0.71,5030,5030,4820,39617,193556555,50148413480,10244824,KSQ,벤처기업부
2132,300120,KR7300120003,라온피플,KOSDAQ,벤처기업부,1013,1,13,1.3,1010,1021,990,330561,331995381,50147568208,49504016,KSQ,벤처기업부
2133,044960,KR7044960003,이글벳,KOSDAQ,중견기업부,3965,1,95,2.45,3930,4045,3900,272019,1084377199,50125066095,12641883,KSQ,중견기업부
2134,103840,KR7103840005,우양,KOSDAQ,중견기업부,3050,1,20,0.66,3100,3120,3000,57864,175008937,49917605400,16366428,KSQ,중견기업부
2135,091590,KR7091590000,남화토건,KOSDAQ,중견기업부,4225,2,-95,-2.2,4320,4350,4185,16160,68192941,49601500000,11740000,KSQ,중견기업부
2136,336060,KR7336060009,웨이버스,KOSDAQ,벤처기업부,1029,2,-21,-2.0,1076,1076,1025,232504,240714735,49551700800,48155200,KSQ,벤처기업부
2137,376290,KR7376290003,씨유테크,KOSDAQ,벤처기업부,2805,2,-25,-0.88,2830,2885,2755,7986,22448595,49529287500,17657500,KSQ,벤처기업부
2138,073570,KR7073570004,리튬포어스,KOSDAQ,관리종목(소속부없음),821,0,0,0.0,0,0,0,0,0,49413232261,60186641,KSQ,관리종목(소속부없음)
2140,219750,KR7219750007,한국비티비,KOSDAQ,중견기업부,754,2,-12,-1.57,770,773,720,38904,29217900,49331871290,65426885,KSQ,중견기업부
2141,200350,KR7200350007,아티스트스튜디오,KOSDAQ,기술성장기업부,4935,2,-45,-0.9,4945,5140,4800,36242,181039535,49330383375,9996025,KSQ,기술성장기업부
2143,032860,KR7032860009,더라미,KOSDAQ,중견기업부,1213,1,8,0.66,1205,1234,1182,85271,102394759,49000181819,40395863,KSQ,중견기업부
2144,032580,KR7032580003,피델릭스,KOSDAQ,중견기업부,1475,1,3,0.2,1472,1497,1421,435619,640127160,48869794400,33132064,KSQ,중견기업부
2145,140520,KR7140520008,대창스틸,KOSDAQ,중견기업부,2315,2,-25,-1.07,2350,2350,2295,16166,37333645,48867897545,21109243,KSQ,중견기업부
2146,019770,KR7019770007,서연탑메탈,KOSDAQ,우량기업부,4175,2,-45,-1.07,4220,4230,4120,54093,225617455,48638750000,11650000,KSQ,우량기업부
2147,186230,KR7186230009,그린플러스,KOSDAQ,벤처기업부,4450,1,15,0.34,4435,4465,4315,22950,100459874,48594836600,10920188,KSQ,벤처기업부
2148,199480,KR7199480005,뱅크웨어글로벌,KOSDAQ,기술성장기업부,4760,2,-50,-1.04,4810,4830,4710,14275,68032245,48535758880,10196588,KSQ,기술성장기업부
2149,290090,KR7290090000,트윔,KOSDAQ,벤처기업부,6520,1,100,1.56,6440,6800,6440,4962,32655150,48510547360,7440268,KSQ,벤처기업부
2150,025880,KR7025880006,케이씨피드,KOSDAQ,우량기업부,2900,3,0,0.0,2900,2950,2885,41312,120348684,48475988200,16715858,KSQ,우량기업부
2151,080520,KR7080520000,오디텍,KOSDAQ,벤처기업부,4280,2,-115,-2.62,4390,4390,4200,41659,177220800,48459944760,11322417,KSQ,벤처기업부
2152,263770,KR7263770000,유에스티,KOSDAQ,우량기업부,2040,2,-30,-1.45,2085,2090,2035,28286,57952590,48348350880,23700172,KSQ,우량기업부
2154,347770,KR7347770000,핌스,KOSDAQ,중견기업부,2110,2,-90,-4.09,2200,2220,2085,254267,544363065,48228358620,22857042,KSQ,중견기업부
2155,363260,KR7363260001,모비데이즈,KOSDAQ,벤처기업부,1493,1,44,3.04,1449,1590,1406,333802,498276652,48020507117,32163769,KSQ,벤처기업부
2157,129890,KR7129890000,앱코,KOSDAQ,벤처기업부,1053,1,38,3.74,1015,1079,1015,216984,227489184,47959518906,45545602,KSQ,벤처기업부
2158,263700,KR7263700007,케어랩스,KOSDAQ,중견기업부,2470,2,-10,-0.4,2480,2500,2455,24748,61265795,47953074000,19414200,KSQ,중견기업부
2159,263810,KR7263810004,상신전자,KOSDAQ,중견기업부,3010,1,5,0.17,2975,3020,2930,85658,255419270,47933723250,15924825,KSQ,중견기업부
2160,082660,KR7082660002,코스나인,KOSDAQ,관리종목(소속부없음),480,0,0,0.0,0,0,0,0,0,47827617120,99640869,KSQ,관리종목(소속부없음)
2161,106240,KR7106240005,파인테크닉스,KOSDAQ,벤처기업부,2085,2,-50,-2.34,2130,2140,2070,57941,120971405,47680461795,22868327,KSQ,벤처기업부
2162,054780,KR7054780002,키이스트,KOSDAQ,중견기업부,2425,1,5,0.21,2405,2450,2365,26649,63819075,47670148025,19657793,KSQ,중견기업부
2164,418250,KR7418250007,시큐레터,KOSDAQ,관리종목(소속부없음),6550,0,0,0.0,0,0,0,0,0,47629012750,7271605,KSQ,관리종목(소속부없음)
2165,050860,KR7050860006,아세아텍,KOSDAQ,우량기업부,2115,2,-10,-0.47,2125,2125,2070,28269,59169540,47587500000,22500000,KSQ,우량기업부
2166,335810,KR7335810008,프리시젼바이오,KOSDAQ,기술성장기업부,2165,2,-25,-1.14,2190,2205,2120,16574,35665890,47520680490,21949506,KSQ,기술성장기업부
2167,081580,KR7081580003,성우전자,KOSDAQ,중견기업부,3050,1,15,0.49,3035,3135,3020,54960,168335034,47299836150,15508143,KSQ,중견기업부
2168,160550,KR7160550000,NEW,KOSDAQ,중견기업부,1691,2,-5,-0.29,1696,1700,1685,45888,77590077,47189225246,27906106,KSQ,중견기업부
2169,023440,KR7023440001,제이스코홀딩스,KOSDAQ,관리종목(소속부없음),521,0,0,0.0,0,0,0,0,0,46964378481,90142761,KSQ,관리종목(소속부없음)
2170,464280,KR7464280007,티디에스팜,KOSDAQ,중견기업부,8460,1,30,0.36,8500,8690,8360,21382,180129480,46783800000,5530000,KSQ,중견기업부
2171,032960,KR7032960007,동일기연,KOSDAQ,관리종목(소속부없음),13290,2,-340,-2.49,13460,13550,12510,3125,41251530,46762127550,3518595,KSQ,관리종목(소속부없음)
2172,215380,KR7215380007,우정바이오,KOSDAQ,벤처기업부,2770,1,15,0.54,2735,2820,2700,157271,433299060,46617925520,16829576,KSQ,벤처기업부
2173,254120,KR7254120009,자비스,KOSDAQ,기술성장기업부,1514,2,-42,-2.7,1551,1610,1456,1008161,1513944988,46561964780,30754270,KSQ,기술성장기업부
2174,450520,KR7450520002,인스웨이브,KOSDAQ,벤처기업부,3165,2,-65,-2.01,3220,3220,3090,105861,332239000,46539989370,14704578,KSQ,벤처기업부
2175,420570,KR7420570004,제이투케이바이오,KOSDAQ,벤처기업부,7950,1,80,1.02,7860,7990,7850,6372,50416880,46487489850,5847483,KSQ,벤처기업부
2176,033540,KR7033540006,파라텍,KOSDAQ,중견기업부,889,2,-1,-0.11,895,930,806,1238093,1058592171,46446988259,52246331,KSQ,중견기업부
2178,178780,KR7178780003,일월지엠엘,KOSDAQ,벤처기업부,2490,1,5,0.2,2485,2580,2470,49263,124347855,46411595550,18639195,KSQ,벤처기업부
2180,290120,KR7290120005,DH오토리드,KOSDAQ,중견기업부,2925,2,-25,-0.85,2950,3000,2885,33939,99878125,46285928325,15824249,KSQ,중견기업부
2181,241840,KR7241840008,에이스토리,KOSDAQ,중견기업부,4850,2,-95,-1.92,4945,4960,4845,40233,195909772,46268970900,9539994,KSQ,중견기업부
2182,101240,KR7101240000,씨큐브,KOSDAQ,우량기업부,4070,1,60,1.5,4080,4095,3980,31147,125395620,46223201640,11357052,KSQ,우량기업부
2183,065650,KR7065650004,하이퍼코퍼레이션,KOSDAQ,중견기업부,2110,0,0,0.0,0,0,0,0,0,46192067250,21891975,KSQ,중견기업부
2184,286750,KR7286750005,나노실리칸첨단소재,KOSDAQ,투자주의환기종목(소속부없음),1442,2,-6,-0.41,1448,1448,1394,125204,177063499,46185611794,32028857,KSQ,투자주의환기종목(소속부없음)
2185,200780,KR7200780005,비씨월드제약,KOSDAQ,중견기업부,4320,2,-115,-2.59,4400,4425,4270,13336,57617670,46075655520,10665661,KSQ,중견기업부
2186,271830,KR7271830002,팸텍,KOSDAQ,벤처기업부,1562,1,4,0.26,1558,1619,1546,57950,90741488,46063695524,29490202,KSQ,벤처기업부
2187,073540,KR7073540007,에프알텍,KOSDAQ,벤처기업부,4035,2,-145,-3.47,4300,4310,3960,127975,526226702,45999000000,11400000,KSQ,벤처기업부
2189,475460,KR7475460002,미트박스,KOSDAQ,벤처기업부,8160,3,0,0.0,8160,8180,8040,7226,58564510,45802284000,5613025,KSQ,벤처기업부
2190,204020,KR7204020002,그리티,KOSDAQ,우량기업부,2350,1,45,1.95,2305,2355,2285,32396,75512155,45709455200,19450832,KSQ,우량기업부
2191,258610,KR7258610005,케일럼,KOSDAQ,중견기업부,1252,2,-18,-1.42,1273,1290,1221,47435,59125177,45679298876,36485063,KSQ,중견기업부
2192,032790,KR7032790008,엠젠솔루션,KOSDAQ,벤처기업부,887,0,0,0.0,0,0,0,0,0,45556508044,51360212,KSQ,벤처기업부
2193,066910,KR7066910001,손오공,KOSDAQ,중견기업부,680,0,0,0.0,0,0,0,0,0,45514551520,66933164,KSQ,중견기업부
2194,153490,KR7153490008,우리이앤엘하루틴,KOSDAQ,우량기업부,884,2,-29,-3.18,841,896,841,177673,153235611,45508320000,51480000,KSQ,우량기업부
2195,052600,KR7052600004,한네트,KOSDAQ,중견기업부,3935,2,-35,-0.88,3970,3970,3780,70859,274023537,45503159500,11563700,KSQ,중견기업부
2196,049830,KR7049830003,승일,KOSDAQ,관리종목(소속부없음),7410,1,10,0.14,7440,7440,7340,3044,22463800,45438949920,6132112,KSQ,관리종목(소속부없음)
2197,083550,KR7083550004,케이엠,KOSDAQ,중견기업부,3350,2,-60,-1.76,3440,3450,3340,28160,95790620,45413152750,13556165,KSQ,중견기업부
2198,417860,KR7417860004,오브젠,KOSDAQ,벤처기업부,9640,2,-120,-1.23,9760,10060,9460,35580,345244510,45278173840,4696906,KSQ,벤처기업부
2199,080530,KR7080530009,코디,KOSDAQ,중견기업부,815,0,0,0.0,0,0,0,0,0,45241363125,55510875,KSQ,중견기업부
2200,469750,KR7469750004,아이비젼웍스,KOSDAQ,벤처기업부,1312,1,12,0.92,1280,1335,1266,688489,897651862,45206903072,34456481,KSQ,벤처기업부
2201,373170,KR7373170000,엠아이큐브솔루션,KOSDAQ,벤처기업부,2990,1,155,5.47,2835,3005,2835,43804,127125727,45190232100,15113790,KSQ,벤처기업부
2202,351870,KR7351870001,차이커뮤니케이션,KOSDAQ,중견기업부,4045,2,-10,-0.25,4055,4135,4015,4562,18462450,45144796890,11160642,KSQ,중견기업부
2204,037370,KR7037370004,EG,KOSDAQ,벤처기업부,5220,1,10,0.19,5200,5270,5120,24447,126839430,45022353840,8624972,KSQ,벤처기업부
2205,356890,KR7356890004,싸이버원,KOSDAQ,벤처기업부,3765,2,-40,-1.05,3755,3865,3710,144494,543260904,45006151125,11953825,KSQ,벤처기업부
2206,131760,KR7131760001,파인텍,KOSDAQ,벤처기업부,1036,0,0,0.0,0,0,0,0,0,44995119988,43431583,KSQ,벤처기업부
2207,239610,KR7239610009,에이치엘사이언스,KOSDAQ,벤처기업부,8330,1,20,0.24,8310,8490,8210,332,2741840,44916317950,5392115,KSQ,벤처기업부
2208,206400,KR7206400004,베노티앤알,KOSDAQ,중견기업부,1197,2,-26,-2.13,1223,1253,1173,74017,88846318,44899659126,37510158,KSQ,중견기업부
2210,123570,KR7123570004,이엠넷,KOSDAQ,중견기업부,2015,3,0,0.0,2015,2030,1960,6455,12862926,44886297170,22276078,KSQ,중견기업부
2211,224110,KR7224110007,에이텍모빌리티,KOSDAQ,벤처기업부,8830,2,-80,-0.9,8670,8910,8670,30028,264095120,44859808380,5080386,KSQ,벤처기업부
2215,318020,KR7318020005,포인트모바일,KOSDAQ,벤처기업부,3640,1,70,1.96,3575,3645,3550,25583,91976397,44776630080,12301272,KSQ,벤처기업부
2216,020180,KR7020180006,대신정보통신,KOSDAQ,중견기업부,1165,2,-13,-1.1,1180,1183,1140,521587,603527741,44769685975,38428915,KSQ,중견기업부
2217,290520,KR7290520006,신도기연,KOSDAQ,벤처기업부,2805,2,-210,-6.97,3055,3055,2795,226468,650544377,44681860410,15929362,KSQ,벤처기업부
2219,220180,KR7220180004,핸디소프트,KOSDAQ,벤처기업부,1863,1,10,0.54,1855,1863,1843,6502,12040738,44583158646,23930842,KSQ,벤처기업부
2220,363250,KR7363250002,진시스템,KOSDAQ,기술성장기업부,5230,1,245,4.91,4985,5300,4970,27595,141245870,44498837860,8508382,KSQ,기술성장기업부
2222,256150,KR7256150004,한독크린텍,KOSDAQ,벤처기업부,5280,2,-110,-2.04,5370,5370,5280,11423,60642240,44325600000,8395000,KSQ,벤처기업부
2223,024120,KR7024120008,KB오토시스,KOSDAQ,중견기업부,3845,1,65,1.72,3780,3900,3730,52305,198940571,44217500000,11500000,KSQ,중견기업부
2224,340810,KR7340810001,시선AI,KOSDAQ,기술성장기업부,3240,1,135,4.35,3105,3295,3055,259666,826870601,44209722240,13644976,KSQ,기술성장기업부
2225,288330,KR7288330004,파라택시스코리아,KOSDAQ,관리종목(소속부없음),416,0,0,0.0,0,0,0,0,0,44128768736,106078771,KSQ,관리종목(소속부없음)
2226,057030,KR7057030009,YBM넷,KOSDAQ,중견기업부,2705,2,-20,-0.73,2835,2835,2640,11308,30636695,44125845385,16312697,KSQ,중견기업부
2228,351320,KR7351320007,넥사다이내믹스,KOSDAQ,중견기업부,1485,2,-6,-0.4,1500,1572,1471,207687,313645221,44102483370,29698642,KSQ,중견기업부
2229,022220,KR7022220008,티케이지애강,KOSDAQ,중견기업부,851,2,-17,-1.96,873,873,843,21238,18277807,44077186729,51794579,KSQ,중견기업부
2231,014570,KR7014570006,고려제약,KOSDAQ,중견기업부,4000,2,-10,-0.25,4000,4030,3980,11361,45341595,44000000000,11000000,KSQ,중견기업부
2232,203450,KR7203450002,유니온바이오메트릭스,KOSDAQ,벤처기업부,3100,2,-30,-0.96,3100,3130,3045,18663,57626415,43644921700,14079007,KSQ,벤처기업부
2233,406820,KR7406820001,뷰티스킨,KOSDAQ,벤처기업부,3085,1,425,15.98,2870,3340,2835,4527710,14016002342,43610044345,14136157,KSQ,벤처기업부
2234,195500,KR7195500004,마니커에프앤지,KOSDAQ,중견기업부,2725,1,15,0.55,2715,2750,2695,33869,92299870,43540050000,15978000,KSQ,중견기업부
2235,262840,KR7262840002,아이퀘스트,KOSDAQ,벤처기업부,4110,1,640,18.44,3445,4270,3390,906512,3670756262,43430172720,10566952,KSQ,벤처기업부
2236,006050,KR7006050009,국영지앤엠,KOSDAQ,중견기업부,1236,2,-26,-2.06,1253,1267,1224,538201,663849349,43130520348,34895243,KSQ,중견기업부
2237,258790,KR7258790005,소프트캠프,KOSDAQ,벤처기업부,1718,0,0,0.0,0,0,0,0,0,42935025912,24991284,KSQ,벤처기업부
2239,046390,KR7046390001,삼화네트웍스,KOSDAQ,중견기업부,991,0,0,0.0,0,0,0,0,0,42784376603,43172933,KSQ,중견기업부
2241,200230,KR7200230001,텔콘RF제약,KOSDAQ,중견기업부,598,1,16,2.75,582,611,574,562721,329275427,42771072734,71523533,KSQ,중견기업부
2242,208860,KR7208860007,다산디엠씨,KOSDAQ,벤처기업부,1251,2,-6,-0.48,1257,1271,1237,33594,42046440,42471416223,33949973,KSQ,벤처기업부
2244,148250,KR7148250004,알엔투테크놀로지,KOSDAQ,벤처기업부,3340,1,60,1.83,3460,3650,3300,410940,1410413076,42389903920,12691588,KSQ,벤처기업부
2245,025440,KR7025440009,DH오토웨어,KOSDAQ,투자주의환기종목(소속부없음),867,2,-3,-0.34,852,895,831,157245,134307644,42293321208,48781224,KSQ,투자주의환기종목(소속부없음)
2246,133750,KR7133750000,메가엠디,KOSDAQ,중견기업부,1803,2,-12,-0.66,1816,1824,1798,12927,23288959,42202959831,23407077,KSQ,중견기업부
2247,066900,KR7066900002,디에이피,KOSDAQ,관리종목(소속부없음),1855,3,0,0.0,1855,1856,1767,25992,47572051,42191053065,22744503,KSQ,관리종목(소속부없음)
2248,383930,KR7383930005,디티앤씨알오,KOSDAQ,중견기업부,3300,2,-370,-10.08,3665,3665,3300,408912,1391383761,42187622400,12784128,KSQ,중견기업부
2249,075970,KR7075970004,동국알앤에스,KOSDAQ,중견기업부,2285,2,-10,-0.44,2295,2302,2255,61256,139139221,42044000000,18400000,KSQ,중견기업부
2251,387570,KR7387570005,파인메딕스,KOSDAQ,기술성장기업부,7450,2,-120,-1.59,7670,7670,7330,23786,176564220,41912955000,5625900,KSQ,기술성장기업부
2252,058110,KR7058110008,멕아이씨에스,KOSDAQ,기술성장기업부,2605,2,-5,-0.19,2610,2715,2525,111966,294154235,41811630650,16050530,KSQ,기술성장기업부
2253,114630,KR7114630007,폴라리스우노,KOSDAQ,우량기업부,2370,1,15,0.64,2355,2570,2305,949355,2321961685,41687136330,17589509,KSQ,우량기업부
2254,221980,KR7221980006,케이디켐,KOSDAQ,우량기업부,10310,2,-140,-1.34,10480,10550,10240,2773,28673490,41598788000,4034800,KSQ,우량기업부
2256,462510,KR7462510009,라메디텍,KOSDAQ,기술성장기업부,4700,1,120,2.62,4580,5040,4450,41351,194283930,41373935500,8802965,KSQ,기술성장기업부
2259,455180,KR7455180000,케이지에이,KOSDAQ,벤처기업부,2960,1,15,0.51,2945,3025,2900,32512,95673330,41316615360,13958316,KSQ,벤처기업부
2260,440320,KR7440320000,오픈놀,KOSDAQ,기술성장기업부,4190,1,95,2.32,4105,4500,4070,340425,1451142944,41187700000,9830000,KSQ,기술성장기업부
2261,277410,KR7277410007,인산가,KOSDAQ,벤처기업부,1072,2,-10,-0.92,1082,1090,1011,162709,172758274,41177133360,38411505,KSQ,벤처기업부
2262,068050,KR7068050004,팬엔터테인먼트,KOSDAQ,중견기업부,1486,2,-22,-1.46,1507,1507,1486,49409,74067369,41153396936,27694076,KSQ,중견기업부
2263,109820,KR7109820001,진매트릭스,KOSDAQ,기술성장기업부,2015,1,100,5.22,1916,2155,1916,462527,948254207,41093184600,20393640,KSQ,기술성장기업부
2264,195990,KR7195990007,에이비프로바이오,KOSDAQ,관리종목(소속부없음),1261,2,-202,-13.81,1537,1600,1216,2405557,3256240042,41078018228,32575748,KSQ,관리종목(소속부없음)
2266,298060,KR7298060005,풍전약품,KOSDAQ,관리종목(소속부없음),927,0,0,0.0,0,0,0,0,0,40976344152,44203176,KSQ,관리종목(소속부없음)
2267,045060,KR7045060001,오공,KOSDAQ,우량기업부,2410,2,-5,-0.21,2415,2425,2365,27514,65755255,40830157340,16941974,KSQ,우량기업부
2268,038870,KR7038870002,에코심플렉스,KOSDAQ,중견기업부,2905,1,5,0.17,2910,2975,2880,23710,68686950,40713426845,14014949,KSQ,중견기업부
2269,353590,KR7353590003,오토앤,KOSDAQ,중견기업부,3155,1,150,4.99,3000,3220,2910,94410,295659375,40622423350,12875570,KSQ,중견기업부
2270,318410,KR7318410008,비비씨,KOSDAQ,중견기업부,7310,1,20,0.27,7360,7360,7210,5012,36523570,40608826330,5555243,KSQ,중견기업부
2271,064520,KR7064520000,테크엘,KOSDAQ,중견기업부,1816,2,-38,-2.05,1811,1850,1790,40579,73360244,40589528592,22351062,KSQ,중견기업부
2272,131100,KR7131100000,티엔엔터테인먼트,KOSDAQ,중견기업부,1256,2,-19,-1.49,1275,1275,1236,15252,19063242,40501885344,32246724,KSQ,중견기업부
2273,043200,KR7043200005,파루,KOSDAQ,벤처기업부,968,1,13,1.36,960,980,940,236005,225351387,40466576920,41804315,KSQ,벤처기업부
2274,359090,KR7359090008,씨엔알리서치,KOSDAQ,중견기업부,704,2,-11,-1.54,716,725,698,212576,150657643,40459384768,57470717,KSQ,중견기업부
2275,007720,KR7007720006,소노스퀘어,KOSDAQ,중견기업부,401,1,1,0.25,398,405,395,85253,34015999,40420980450,100800450,KSQ,중견기업부
2276,228340,KR7228340006,동양파일,KOSDAQ,중견기업부,2020,2,-10,-0.49,2030,2050,2005,15091,30546605,40400000000,20000000,KSQ,중견기업부
2279,039290,KR7039290002,인포뱅크,KOSDAQ,중견기업부,4640,1,80,1.75,4630,4725,4500,8751,40626673,40340057920,8693978,KSQ,중견기업부
2280,462980,KR7462980004,아이지넷,KOSDAQ,기술성장기업부,2210,1,45,2.08,2125,2230,2115,52760,114555185,40298105770,18234437,KSQ,기술성장기업부
2283,140430,KR7140430000,카티스,KOSDAQ,중견기업부,752,0,0,0.0,0,0,0,0,0,40192549328,53447539,KSQ,중견기업부
2284,013810,KR7013810007,스페코,KOSDAQ,중견기업부,2725,2,-20,-0.73,2745,2900,2695,54679,149292865,39936155750,14655470,KSQ,중견기업부
2285,075130,KR7075130005,플랜티넷,KOSDAQ,벤처기업부,2400,2,-50,-2.04,2410,2440,2360,68273,162755402,39893568000,16622320,KSQ,벤처기업부
2286,288980,KR7288980006,모아데이타,KOSDAQ,기술성장기업부,1096,1,16,1.48,1114,1114,1011,332463,353396092,39873991384,36381379,KSQ,기술성장기업부
2288,398120,KR7398120006,에스지헬스케어,KOSDAQ,벤처기업부,3360,1,80,2.44,3430,3430,3240,49310,162592145,39710196960,11818511,KSQ,벤처기업부
2289,064090,KR7064090004,인크레더블버즈,KOSDAQ,관리종목(소속부없음),798,0,0,0.0,0,0,0,0,0,39694710510,49742745,KSQ,관리종목(소속부없음)
2291,257370,KR7257370007,피엔티엠에스,KOSDAQ,벤처기업부,3160,2,-140,-4.24,3310,3310,3150,29395,92989245,39515360760,12504861,KSQ,벤처기업부
2292,317240,KR7317240000,TS트릴리온,KOSDAQ,벤처기업부,1353,2,-204,-13.1,1550,1551,1317,872494,1206360931,39476089983,29176711,KSQ,벤처기업부
2293,238490,KR7238490007,힘스,KOSDAQ,벤처기업부,3485,1,35,1.01,3450,3580,3387,42673,147784438,39423142460,11312236,KSQ,벤처기업부
2295,475660,KR7475660007,에스켐,KOSDAQ,기술성장기업부,4940,2,-200,-3.89,5150,5250,4805,23342,116399993,39173384900,7929835,KSQ,기술성장기업부
2296,050120,KR7050120005,ES큐브,KOSDAQ,중견기업부,2885,2,-15,-0.52,2985,2995,2840,3817,10974465,39132388110,13564086,KSQ,중견기업부
2297,063760,KR7063760003,이엘피,KOSDAQ,벤처기업부,4190,1,490,13.24,3750,4475,3590,608047,2501747418,39072294700,9325130,KSQ,벤처기업부
2298,012620,KR7012620001,원일특강,KOSDAQ,우량기업부,8870,2,-130,-1.44,8830,8920,8770,2713,23936320,39028000000,4400000,KSQ,우량기업부
2299,270870,KR7270870009,뉴트리,KOSDAQ,중견기업부,4230,1,30,0.71,4200,4270,4145,7690,32084387,38916947520,9200224,KSQ,중견기업부
2300,296640,KR7296640006,이노에이엑스,KOSDAQ,벤처기업부,7460,1,250,3.47,7210,7600,7200,16798,124289670,38629759920,5178252,KSQ,벤처기업부
2301,376980,KR7376980009,원티드랩,KOSDAQ,기술성장기업부,3955,1,30,0.76,3800,4175,3800,122197,481327742,38626088270,9766394,KSQ,기술성장기업부
2302,290270,KR7290270008,휴네시온,KOSDAQ,벤처기업부,4020,2,-40,-0.99,4060,4130,3965,86670,348237059,38622841440,9607672,KSQ,벤처기업부
2303,318000,KR7318000007,KBG,KOSDAQ,벤처기업부,4415,1,55,1.26,4360,4515,4350,14904,65801215,38588084545,8740223,KSQ,벤처기업부
2305,035200,KR7035200005,프럼파스트,KOSDAQ,벤처기업부,3950,1,30,0.77,4000,4025,3880,46308,182276197,38435830500,9730590,KSQ,벤처기업부
2307,038880,KR7038880001,아이에이,KOSDAQ,투자주의환기종목(소속부없음),1020,1,7,0.69,1014,1022,980,155047,154808467,38323559340,37572117,KSQ,투자주의환기종목(소속부없음)
2308,187270,KR7187270004,신화콘텍,KOSDAQ,벤처기업부,3775,1,15,0.4,3750,3880,3725,15751,59094300,38293014875,10143845,KSQ,벤처기업부
2311,001000,KR7001000009,신라섬유,KOSDAQ,중견기업부,1570,1,31,2.01,1531,1580,1531,38666,60495683,38115737800,24277540,KSQ,중견기업부
2312,056730,KR7056730005,CNT85,KOSDAQ,중견기업부,514,0,0,0.0,0,0,0,0,0,38093149604,74111186,KSQ,중견기업부
2313,013720,KR7013720008,THE CUBE&,KOSDAQ,중견기업부,623,2,-28,-4.3,651,658,609,610708,381289374,37895933089,60828143,KSQ,중견기업부
2314,016670,KR7016670002,디모아,KOSDAQ,중견기업부,3710,2,-55,-1.46,3770,3795,3700,5186,19328085,37820608140,10194234,KSQ,중견기업부
2315,290560,KR7290560002,파라택시스이더리움,KOSDAQ,벤처기업부,1689,2,-25,-1.46,1700,1710,1668,48774,82086527,37770650970,22362730,KSQ,벤처기업부
2316,237750,KR7237750005,피앤씨테크,KOSDAQ,벤처기업부,5810,2,-200,-3.33,5850,6000,5700,115020,670926705,37745246000,6496600,KSQ,벤처기업부
2317,239340,KR7239340003,이스트에이드,KOSDAQ,중견기업부,1399,1,2,0.14,1401,1449,1359,34108,47170317,37744507966,26979634,KSQ,중견기업부
2318,065370,KR7065370009,위세아이텍,KOSDAQ,벤처기업부,5100,2,-20,-0.39,5180,5180,5020,14775,75044650,37658165400,7383954,KSQ,벤처기업부
2320,059100,KR7059100008,아이컴포넌트,KOSDAQ,벤처기업부,5320,1,10,0.19,5310,5320,5160,18953,99908920,37616975200,7070860,KSQ,벤처기업부
2324,270520,KR7270520000,앱튼,KOSDAQ,투자주의환기종목(소속부없음),1902,2,-378,-16.58,2300,2730,1851,1373774,2832607654,37391254428,19658914,KSQ,투자주의환기종목(소속부없음)
2326,464580,KR7464580000,닷밀,KOSDAQ,기술성장기업부,2030,2,-20,-0.98,2040,2090,2005,46523,94512858,37364360670,18406089,KSQ,기술성장기업부
2327,900340,HK0000449303,윙입푸드,KOSDAQ,외국기업(소속부없음),742,0,0,0.0,0,0,0,0,0,37345548576,50330928,KSQ,외국기업(소속부없음)
2328,424760,KR7424760007,벨로크,KOSDAQ,벤처기업부,1887,0,0,0.0,0,0,0,0,0,37321684179,19778317,KSQ,벤처기업부
2329,065950,KR7065950008,웰크론,KOSDAQ,중견기업부,1321,2,-25,-1.86,1342,1365,1221,256180,332861458,37293549942,28231302,KSQ,중견기업부
2330,263920,KR7263920001,휴엠앤씨,KOSDAQ,중견기업부,3800,1,25,0.66,3775,3815,3710,5465,20667040,37274298800,9809026,KSQ,중견기업부
2331,086060,KR7086060001,진바이오텍,KOSDAQ,중견기업부,4315,2,-60,-1.37,4380,4470,4200,31108,133503119,37154682905,8610587,KSQ,중견기업부
2332,169330,KR7169330008,엠브레인,KOSDAQ,중견기업부,2025,2,-40,-1.94,2065,2080,1981,13381,26765239,37091758950,18316918,KSQ,중견기업부
2334,090150,KR7090150004,아이윈,KOSDAQ,중견기업부,882,1,18,2.08,885,885,850,223831,192997503,36934008426,41875293,KSQ,중견기업부
2335,317120,KR7317120004,라닉스,KOSDAQ,기술성장기업부,2415,1,40,1.68,2410,2485,2315,284560,677907738,36852900000,15260000,KSQ,기술성장기업부
2336,177830,KR7177830007,파버나인,KOSDAQ,벤처기업부,2725,2,-55,-1.98,2795,2795,2710,21027,57770470,36771016475,13493951,KSQ,벤처기업부
2337,060540,KR7060540002,에스에이티,KOSDAQ,중견기업부,1407,1,5,0.36,1402,1434,1376,99279,140098663,36769561542,26133306,KSQ,중견기업부
2338,130500,KR7130500002,GH신소재,KOSDAQ,중견기업부,2525,1,55,2.23,2470,2570,2470,17938,44835630,36726256300,14545052,KSQ,중견기업부
2339,148780,KR7148780000,비큐AI,KOSDAQ,기술성장기업부,1165,3,0,0.0,1165,1200,1153,163310,190359281,36634269625,31445725,KSQ,기술성장기업부
2340,094860,KR7094860004,네오리진,KOSDAQ,중견기업부,1458,2,-22,-1.49,1485,1520,1398,140793,207068550,36610400412,25110014,KSQ,중견기업부
2341,099390,KR7099390007,브레인즈컴퍼니,KOSDAQ,벤처기업부,4450,1,70,1.6,4380,4505,4305,16167,71448595,36526859350,8208283,KSQ,벤처기업부
2343,071850,KR7071850002,캐스텍코리아,KOSDAQ,투자주의환기종목(소속부없음),1501,1,14,0.94,1489,1502,1457,7472,11159625,36415667938,24260938,KSQ,투자주의환기종목(소속부없음)
2344,196490,KR7196490007,디에이테크놀로지,KOSDAQ,투자주의환기종목(소속부없음),6090,0,0,0.0,0,0,0,0,0,36245518050,5951645,KSQ,투자주의환기종목(소속부없음)
2345,342870,KR7342870003,오아,KOSDAQ,중견기업부,6650,2,-30,-0.45,7010,7010,6510,5983,39410630,36243810050,5450197,KSQ,중견기업부
2346,057680,KR7057680001,티사이언티픽,KOSDAQ,벤처기업부,2535,1,80,3.26,2460,2650,2455,79643,204672850,36122989500,14249700,KSQ,벤처기업부
2347,021650,KR7021650007,한국큐빅,KOSDAQ,중견기업부,2200,2,-80,-3.51,2260,2295,2200,40076,88525212,35971238600,16350563,KSQ,중견기업부
2348,284620,KR7284620002,카이노스메드,KOSDAQ,투자주의환기종목(소속부없음),1087,0,0,0.0,0,0,0,0,0,35965517911,33086953,KSQ,투자주의환기종목(소속부없음)
2349,044480,KR7044480002,빌리언스,KOSDAQ,중견기업부,445,0,0,0.0,0,0,0,0,0,35895358960,80663728,KSQ,중견기업부
2350,038530,KR7038530002,케이바이오랩스,KOSDAQ,중견기업부,310,0,0,0.0,0,0,0,0,0,35871447570,115714347,KSQ,중견기업부
2351,021880,KR7021880000,메이슨캐피탈,KOSDAQ,중견기업부,169,1,5,3.05,166,170,158,502640,81414431,35859164952,212184408,KSQ,중견기업부
2354,017000,KR7017000001,신원종합개발,KOSDAQ,우량기업부,3065,1,30,0.99,3035,3110,3000,61939,188633325,35762502755,11668027,KSQ,우량기업부
2355,038950,KR7038950002,파인디지털,KOSDAQ,중견기업부,3500,1,15,0.43,3485,3590,3445,3167,11093194,35737677500,10210765,KSQ,중견기업부
2357,068940,KR7068940006,셀피글로벌,KOSDAQ,관리종목(소속부없음),778,0,0,0.0,0,0,0,0,0,35720093048,45912716,KSQ,관리종목(소속부없음)
2358,438700,KR7438700007,버넥트,KOSDAQ,기술성장기업부,3185,1,50,1.59,3135,3255,3135,15013,47796225,35496474650,11144890,KSQ,기술성장기업부
2359,146060,KR7146060009,율촌,KOSDAQ,중견기업부,1476,2,-4,-0.27,1480,1509,1440,55639,80982161,35447018220,24015595,KSQ,중견기업부
2361,027580,KR7027580000,상보,KOSDAQ,중견기업부,598,0,0,0.0,0,0,0,0,0,35390404842,59181279,KSQ,중견기업부
2362,159910,KR7159910009,에코글로우,KOSDAQ,중견기업부,3380,2,-620,-15.5,3870,4120,3360,119838,434173565,35378787860,10467097,KSQ,중견기업부
2363,001810,KR7001810001,무림SP,KOSDAQ,중견기업부,1598,2,-11,-0.68,1609,1652,1580,39177,62713827,35375725000,22137500,KSQ,중견기업부
2364,263050,KR7263050007,유틸렉스,KOSDAQ,관리종목(소속부없음),959,0,0,0.0,0,0,0,0,0,35324626904,36834856,KSQ,관리종목(소속부없음)
2365,303530,KR7303530000,이노뎁,KOSDAQ,벤처기업부,4750,1,20,0.42,4730,4800,4650,20296,95912057,34861670250,7339299,KSQ,벤처기업부
2366,187220,KR7187220009,디티앤씨,KOSDAQ,중견기업부,3020,2,-40,-1.31,3060,3105,2860,33686,100913455,34805297660,11524933,KSQ,중견기업부
2367,045300,KR7045300001,성우테크론,KOSDAQ,중견기업부,3300,1,35,1.07,3255,3330,3205,32311,105519601,34805139600,10547012,KSQ,중견기업부
2368,274400,KR7274400001,이노시뮬레이션,KOSDAQ,기술성장기업부,3830,1,30,0.79,3900,3965,3760,19052,73731459,34801268190,9086493,KSQ,기술성장기업부
2371,131220,KR7131220006,대한과학,KOSDAQ,벤처기업부,4640,2,-15,-0.32,4600,4680,4580,10248,47348894,34588833600,7454490,KSQ,벤처기업부
2372,049120,KR7049120009,파인디앤씨,KOSDAQ,벤처기업부,3260,2,-230,-6.59,3430,3455,3205,116058,382414575,34561421380,10601663,KSQ,벤처기업부
2373,462310,KR7462310004,뉴키즈온,KOSDAQ,중견기업부,4220,1,35,0.84,4195,4275,4140,9167,38523365,34541210620,8185121,KSQ,중견기업부
2374,038620,KR7038620001,위즈코프,KOSDAQ,벤처기업부,2275,2,-150,-6.19,2340,2390,2255,75893,173589589,34456906575,15145893,KSQ,벤처기업부
2375,367000,KR7367000007,플래티어,KOSDAQ,벤처기업부,4100,1,5,0.12,4095,4210,3950,7073,28966495,34391648700,8388207,KSQ,벤처기업부
2376,333050,KR7333050003,이노테나,KOSDAQ,벤처기업부,1393,0,0,0.0,0,0,0,0,0,34286363118,24613326,KSQ,벤처기업부
2377,123840,KR7123840001,뉴온,KOSDAQ,투자주의환기종목(소속부없음),5380,2,-620,-10.33,6000,6000,5090,31233,170679795,34246013400,6365430,KSQ,투자주의환기종목(소속부없음)
2379,377220,KR7377220009,프롬바이오,KOSDAQ,기술성장기업부,1209,1,1,0.08,1248,1248,1192,88264,106131892,34226790000,28310000,KSQ,기술성장기업부
2380,051380,KR7051380004,피씨디렉트,KOSDAQ,중견기업부,2230,1,5,0.22,2220,2250,2205,17915,39837770,34208360560,15340072,KSQ,중견기업부
2381,097780,KR7097780001,에코볼트,KOSDAQ,중견기업부,674,2,-23,-3.3,704,740,665,337183,231178008,34193855302,50732723,KSQ,중견기업부
2383,208710,KR7208710004,포톤,KOSDAQ,중견기업부,2590,1,25,0.97,2555,2695,2540,139363,364584582,34136541880,13180132,KSQ,중견기업부
2385,053290,KR7053290003,NE능률,KOSDAQ,중견기업부,2065,1,50,2.48,2015,2090,2000,33816,69342765,34126823955,16526307,KSQ,중견기업부
2386,225220,KR7225220003,제놀루션,KOSDAQ,벤처기업부,1774,2,-16,-0.89,1790,1790,1736,72116,126414181,34043097254,19190021,KSQ,벤처기업부
2387,039740,KR7039740006,한국정보공학,KOSDAQ,벤처기업부,4245,1,115,2.78,4085,4265,4075,28171,118338040,34038095265,8018397,KSQ,벤처기업부
2388,054220,KR7054220009,비츠로시스,KOSDAQ,벤처기업부,548,0,0,0.0,0,0,0,0,0,33950288388,61953081,KSQ,벤처기업부
2389,045510,KR7045510005,정원엔시스,KOSDAQ,중견기업부,1052,2,-16,-1.5,1065,1086,1025,302901,317117804,33884175184,32209292,KSQ,중견기업부
2390,048470,KR7048470009,대동스틸,KOSDAQ,중견기업부,3510,2,-35,-0.99,3485,3600,3460,76604,266800841,33871500000,9650000,KSQ,중견기업부
2391,109960,KR7109960005,앱토크롬,KOSDAQ,투자주의환기종목(소속부없음),153,0,0,0.0,0,0,0,0,0,33780758157,220789269,KSQ,투자주의환기종목(소속부없음)
2392,115610,KR7115610008,이미지스,KOSDAQ,벤처기업부,2850,1,40,1.42,2810,2895,2710,142795,398551600,33683491650,11818769,KSQ,벤처기업부
2393,301300,KR7301300000,바이브컴퍼니,KOSDAQ,기술성장기업부,2560,1,60,2.4,2500,2605,2500,25790,65596585,33676062720,13154712,KSQ,기술성장기업부
2394,252500,KR7252500004,세화피앤씨,KOSDAQ,중견기업부,811,2,-12,-1.46,799,823,799,39107,31601518,33645462290,41486390,KSQ,중견기업부
2396,291230,KR7291230001,엔피,KOSDAQ,중견기업부,760,3,0,0.0,768,792,748,122342,93490697,33512789000,44095775,KSQ,중견기업부
2397,198940,KR7198940009,한주라이트메탈,KOSDAQ,중견기업부,861,0,0,0.0,0,0,0,0,0,33512684058,38922978,KSQ,중견기업부
2399,210120,KR7210120002,캔버스엔,KOSDAQ,중견기업부,1380,2,-1,-0.07,1378,1420,1318,301296,407497851,33447719640,24237478,KSQ,중견기업부
2400,027040,KR7027040005,서울전자통신,KOSDAQ,중견기업부,480,0,0,0.0,0,0,0,0,0,33402646560,69588847,KSQ,중견기업부
2402,115480,KR7115480006,씨유메디칼,KOSDAQ,중견기업부,548,0,0,0.0,0,0,0,0,0,33222257784,60624558,KSQ,중견기업부
2405,079170,KR7079170007,한창산업,KOSDAQ,우량기업부,6350,2,-60,-0.94,6410,6450,6320,9117,57931385,33020000000,5200000,KSQ,우량기업부
2406,431190,KR7431190008,케이쓰리아이,KOSDAQ,기술성장기업부,4410,2,-40,-0.9,4415,4535,4335,23825,104547700,33015209220,7486442,KSQ,기술성장기업부
2407,900300,HK0000312568,오가닉티코스메틱,KOSDAQ,외국기업(소속부없음),131,2,-21,-13.82,152,165,129,51416105,7264026585,32881638756,251004876,KSQ,외국기업(소속부없음)
2408,089140,KR7089140008,넥스턴앤롤코리아,KOSDAQ,벤처기업부,2145,2,-25,-1.15,2155,2165,2110,18570,39612415,32853321930,15316234,KSQ,벤처기업부
2410,900070,KYG3931T1076,글로벌에스엠,KOSDAQ,외국기업(소속부없음),610,0,0,0.0,0,0,0,0,0,32783820480,53743968,KSQ,외국기업(소속부없음)
2411,016100,KR7016100000,리더스코스메틱,KOSDAQ,중견기업부,1714,1,34,2.02,1681,1779,1681,65027,111823328,32738932316,19100894,KSQ,중견기업부
2412,023790,KR7023790009,동일스틸럭스,KOSDAQ,중견기업부,1249,0,0,0.0,0,0,0,0,0,32648381633,26139617,KSQ,중견기업부
2413,142760,KR7142760008,모아라이프플러스,KOSDAQ,기술성장기업부,771,2,-13,-1.66,787,787,755,93244,71518522,32510741580,42166980,KSQ,기술성장기업부
2414,033050,KR7033050006,제이엠아이,KOSDAQ,중견기업부,997,2,-10,-0.99,995,1004,995,22152,22139912,32481603974,32579342,KSQ,중견기업부
2417,047080,KR7047080007,한빛소프트,KOSDAQ,중견기업부,1305,2,-52,-3.83,1359,1359,1288,191275,250971497,32393182410,24822362,KSQ,중견기업부
2418,335870,KR7335870002,윙스풋,KOSDAQ,중견기업부,1932,1,23,1.2,1909,1944,1870,9734,18587445,32361913836,16750473,KSQ,중견기업부
2419,377030,KR7377030002,비트맥스,KOSDAQ,관리종목(소속부없음),3025,2,-165,-5.17,3060,3155,2955,88962,266774777,32350439000,10694360,KSQ,관리종목(소속부없음)
2420,101000,KR7101000008,KS인더스트리,KOSDAQ,중견기업부,815,1,13,1.62,809,827,798,170815,138390230,32308187620,39641948,KSQ,중견기업부
2421,096690,KR7096690003,에이루트,KOSDAQ,중견기업부,1337,0,0,0.0,0,0,0,0,0,32271239861,24137053,KSQ,중견기업부
2422,397810,KR7397810003,애드포러스,KOSDAQ,벤처기업부,6250,1,90,1.46,6160,6680,5970,30993,195395700,32254812500,5160770,KSQ,벤처기업부
2423,032750,KR7032750002,삼진,KOSDAQ,우량기업부,3570,1,65,1.85,3560,3570,3475,11128,39075235,32241105540,9031122,KSQ,우량기업부
2425,900310,HK0000341732,컬러레이,KOSDAQ,외국기업(소속부없음),497,2,-19,-3.68,515,519,493,176804,88399277,31828712475,64041675,KSQ,외국기업(소속부없음)
2426,018680,KR7018680009,서울제약,KOSDAQ,벤처기업부,2720,2,-10,-0.37,2805,2805,2650,2913,7821370,31713347680,11659319,KSQ,벤처기업부
2427,008470,KR7008470007,부스타,KOSDAQ,벤처기업부,3770,1,10,0.27,3760,3820,3760,3475,13155195,31686096000,8404800,KSQ,벤처기업부
2429,236810,KR7236810008,엔비티,KOSDAQ,기술성장기업부,1865,1,11,0.59,1849,1889,1799,47588,86774710,31659169490,16975426,KSQ,기술성장기업부
2431,024940,KR7024940009,PN풍년,KOSDAQ,벤처기업부,3155,1,5,0.16,3150,3175,3105,49430,155097884,31550000000,10000000,KSQ,벤처기업부
2432,138070,KR7138070008,신진에스엠,KOSDAQ,중견기업부,1800,2,-24,-1.32,1824,1824,1793,31101,55833164,31505767200,17503204,KSQ,중견기업부
2433,131090,KR7131090003,시큐브,KOSDAQ,벤처기업부,4110,1,45,1.11,4065,4180,4045,20792,85158115,31475288310,7658221,KSQ,벤처기업부
2435,148930,KR7148930001,에이치와이티씨,KOSDAQ,중견기업부,3085,2,-80,-2.53,3070,3220,3070,7883,24329356,31390532105,10175213,KSQ,중견기업부
2436,019660,KR7019660000,글로본,KOSDAQ,중견기업부,2250,3,0,0.0,2250,2255,2175,17411,38643235,31374749250,13944333,KSQ,중견기업부
2437,019570,KR7019570001,플루토스,KOSDAQ,중견기업부,463,1,7,1.54,452,471,441,1269633,579431806,31349749446,67710042,KSQ,중견기업부
2440,258830,KR7258830009,세종메디칼,KOSDAQ,관리종목(소속부없음),412,0,0,0.0,0,0,0,0,0,31223976612,75786351,KSQ,관리종목(소속부없음)
2442,405920,KR7405920000,나라셀라,KOSDAQ,중견기업부,2420,2,-55,-2.22,2450,2590,2400,6687,16268740,31164943920,12878076,KSQ,중견기업부
2443,115160,KR7115160004,휴맥스,KOSDAQ,중견기업부,7200,2,-130,-1.77,7280,7460,7100,34122,247426380,31047422400,4312142,KSQ,중견기업부
2444,067730,KR7067730002,로지시스,KOSDAQ,중견기업부,3195,1,5,0.16,3190,3230,3090,137382,431790015,30908180790,9673922,KSQ,중견기업부
2446,065770,KR7065770000,CS,KOSDAQ,벤처기업부,1584,0,0,0.0,0,0,0,0,0,30747229920,19411130,KSQ,벤처기업부
2447,304840,KR7304840002,피플바이오,KOSDAQ,벤처기업부,1304,2,-42,-3.12,1310,1364,1302,69521,91877276,30610926648,23474637,KSQ,벤처기업부
2448,377330,KR7377330006,이지트로닉스,KOSDAQ,기술성장기업부,3760,2,-15,-0.4,3850,3850,3705,6948,26064760,30606227040,8139954,KSQ,기술성장기업부
2449,285800,KR7285800009,진영,KOSDAQ,벤처기업부,1751,2,-51,-2.83,1831,1887,1712,276480,491018281,30602699770,17477270,KSQ,벤처기업부
2450,080470,KR7080470008,성창오토텍,KOSDAQ,벤처기업부,4190,1,115,2.82,4055,4240,4050,15285,63630245,30587000000,7300000,KSQ,벤처기업부
2451,224060,KR7224060004,더코디,KOSDAQ,투자주의환기종목(소속부없음),5920,1,20,0.34,5850,6020,5650,47979,278873070,30551474240,5160722,KSQ,투자주의환기종목(소속부없음)
2453,060380,KR7060380003,동양에스텍,KOSDAQ,중견기업부,1540,2,-1,-0.06,1520,1547,1491,106210,161345582,30338000000,19700000,KSQ,중견기업부
2454,328380,KR7328380001,솔트웨어,KOSDAQ,벤처기업부,885,0,0,0.0,0,0,0,0,0,30322558530,34262778,KSQ,벤처기업부
2455,091340,KR7091340000,S&K폴리텍,KOSDAQ,중견기업부,2590,1,10,0.39,2575,2650,2540,60273,155698065,30312637390,11703721,KSQ,중견기업부
2457,310870,KR7310870001,디와이씨,KOSDAQ,벤처기업부,1462,2,-10,-0.68,1473,1497,1462,144964,214022695,30244790202,20687271,KSQ,벤처기업부
2458,121890,KR7121890008,에스디시스템,KOSDAQ,중견기업부,2275,1,135,6.31,2115,2370,2115,318811,723077851,30238039650,13291446,KSQ,중견기업부
2459,246250,KR7246250005,에스엘에스바이오,KOSDAQ,관리종목(소속부없음),1969,0,0,0.0,0,0,0,0,0,30220617614,15348206,KSQ,관리종목(소속부없음)
2460,227610,KR7227610003,아우딘퓨쳐스,KOSDAQ,벤처기업부,794,0,0,0.0,0,0,0,0,0,30209513324,38047246,KSQ,벤처기업부
2461,432980,KR7432980001,엠에프씨,KOSDAQ,기술성장기업부,3505,2,-95,-2.64,3550,3600,3485,4838,17060740,30114055710,8591742,KSQ,기술성장기업부
2462,069140,KR7069140002,누리플랜,KOSDAQ,벤처기업부,1992,2,-18,-0.9,2005,2080,1975,143262,285744585,30070841568,15095804,KSQ,벤처기업부
2463,276730,KR7276730009,한울앤제주,KOSDAQ,투자주의환기종목(소속부없음),13550,1,200,1.5,13600,15620,13520,63478,917740000,30013033200,2214984,KSQ,투자주의환기종목(소속부없음)
2465,083640,KR7083640003,인콘,KOSDAQ,벤처기업부,385,0,0,0.0,0,0,0,0,0,29922335135,77720351,KSQ,벤처기업부
2467,044780,KR7044780005,에이치케이,KOSDAQ,벤처기업부,1615,1,14,0.87,1597,1633,1581,175385,280720101,29886846005,18505787,KSQ,벤처기업부
2470,354200,KR7354200008,엔젠바이오,KOSDAQ,기술성장기업부,1111,2,-24,-2.11,1132,1135,1091,293401,324202255,29785632250,26809750,KSQ,기술성장기업부
2471,457600,KR7457600005,벡트,KOSDAQ,벤처기업부,2165,2,-40,-1.81,2170,2205,1954,18826,40670579,29676737500,13707500,KSQ,벤처기업부
2473,900110,HK0000057197,이스트아시아홀딩스,KOSDAQ,외국기업(소속부없음),796,3,0,0.0,801,806,778,65857,52078867,29352297020,36874745,KSQ,외국기업(소속부없음)
2475,303030,KR7303030001,지니틱스,KOSDAQ,벤처기업부,3175,2,-165,-4.94,3205,3270,3065,78344,245821800,29074986300,9157476,KSQ,벤처기업부
2478,068100,KR7068100007,케이웨더,KOSDAQ,기술성장기업부,2430,2,-45,-1.82,2475,2480,2425,7300,17783285,28983912480,11927536,KSQ,기술성장기업부
2480,139670,KR7139670004,키네마스터,KOSDAQ,중견기업부,2045,1,30,1.49,2010,2065,1968,16098,32360634,28872966450,14118810,KSQ,중견기업부
2481,054090,KR7054090006,삼진엘앤디,KOSDAQ,중견기업부,1155,1,30,2.67,1127,1179,1112,346741,398678647,28827912960,24959232,KSQ,중견기업부
2482,405000,KR7405000001,플라즈맵,KOSDAQ,벤처기업부,7490,1,60,0.81,7340,7540,7210,3164,23407690,28749945560,3838444,KSQ,벤처기업부
2483,123750,KR7123750002,알톤,KOSDAQ,중견기업부,2080,1,70,3.48,1997,2125,1997,73546,152876387,28744058720,13819259,KSQ,중견기업부
2484,091970,KR7091970004,나노캠텍,KOSDAQ,중견기업부,757,0,0,0.0,0,0,0,0,0,28519144571,37673903,KSQ,중견기업부
2485,031510,KR7031510001,오스템,KOSDAQ,중견기업부,1017,1,13,1.29,1004,1020,998,49204,49688848,28476000000,28000000,KSQ,중견기업부
2486,032080,KR7032080004,아즈텍WB,KOSDAQ,중견기업부,1325,2,-19,-1.41,1331,1342,1325,45434,60427223,28475613425,21491029,KSQ,중견기업부
2487,020400,KR7020400008,대동금속,KOSDAQ,중견기업부,4455,2,-425,-8.71,4890,4890,4405,309116,1392271039,28415469060,6378332,KSQ,중견기업부
2490,103230,KR7103230009,에스앤더블류,KOSDAQ,중견기업부,3940,2,-55,-1.38,3975,3975,3920,22960,90433692,28368000000,7200000,KSQ,중견기업부
2491,032680,KR7032680001,소프트센,KOSDAQ,중견기업부,268,0,0,0.0,0,0,0,0,0,28298324752,105590764,KSQ,중견기업부
2492,267790,KR7267790004,배럴,KOSDAQ,중견기업부,3680,1,190,5.44,3540,3755,3445,85347,311319545,28296657120,7689309,KSQ,중견기업부
2493,052300,KR7052300001,오션인더블유,KOSDAQ,중견기업부,1741,0,0,0.0,0,0,0,0,0,28281026848,16244128,KSQ,중견기업부
2494,318010,KR7318010006,팜스빌,KOSDAQ,벤처기업부,3565,2,-30,-0.83,3595,3625,3555,11714,41854245,28268089970,7929338,KSQ,벤처기업부
2496,093380,KR7093380004,풍강,KOSDAQ,중견기업부,2835,2,-5,-0.18,2840,2885,2830,6388,18250560,28007852355,9879313,KSQ,중견기업부
2497,418620,KR7418620001,E8,KOSDAQ,기술성장기업부,1408,1,24,1.73,1384,1500,1351,285786,405604324,27949471616,19850477,KSQ,기술성장기업부
2498,188040,KR7188040000,바이오포트,KOSDAQ,벤처기업부,5950,2,-120,-1.98,6070,6230,5790,7455,44376400,27841882600,4679308,KSQ,벤처기업부
2499,355690,KR7355690009,에이텀,KOSDAQ,기술성장기업부,5150,2,-100,-1.9,5200,5290,5030,214805,1100837205,27835647000,5404980,KSQ,기술성장기업부
2500,191410,KR7191410000,육일씨엔에쓰,KOSDAQ,중견기업부,2480,1,10,0.4,2470,2555,2405,135388,332719660,27786552400,11204255,KSQ,중견기업부
2501,109670,KR7109670000,씨싸이트,KOSDAQ,중견기업부,4760,2,-75,-1.55,4835,4840,4740,11163,53303035,27782225520,5836602,KSQ,중견기업부
2503,417180,KR7417180007,핑거스토리,KOSDAQ,중견기업부,1579,0,0,0.0,0,0,0,0,0,27709275717,17548623,KSQ,중견기업부
2504,372800,KR7372800003,아이티아이즈,KOSDAQ,벤처기업부,3935,2,-50,-1.25,3985,3985,3895,6650,26060646,27691338715,7037189,KSQ,벤처기업부
2505,131180,KR7131180002,딜리,KOSDAQ,벤처기업부,941,0,0,0.0,0,0,0,0,0,27618350000,29350000,KSQ,벤처기업부
2506,101400,KR7101400000,엔시트론,KOSDAQ,중견기업부,392,0,0,0.0,0,0,0,0,0,27616686160,70450730,KSQ,중견기업부
2507,085810,KR7085810000,알티캐스트,KOSDAQ,중견기업부,2105,2,-70,-3.22,2165,2245,2080,50451,108413895,27594878630,13109206,KSQ,중견기업부
2508,016920,KR7016920001,카스,KOSDAQ,중견기업부,1038,1,43,4.32,995,1047,988,97651,99689648,27500292444,26493538,KSQ,중견기업부
2509,039310,KR7039310008,세중,KOSDAQ,중견기업부,1517,2,-8,-0.52,1525,1575,1500,111381,169460559,27490568839,18121667,KSQ,중견기업부
2510,034940,KR7034940007,조아제약,KOSDAQ,중견기업부,885,2,-5,-0.56,890,917,884,97682,86870526,27417146895,30979827,KSQ,중견기업부
2511,079650,KR7079650008,서산,KOSDAQ,중견기업부,1370,2,-104,-7.06,1474,1474,1365,84834,119084238,27400000000,20000000,KSQ,중견기업부
2512,196700,KR7196700009,웹스,KOSDAQ,벤처기업부,1904,1,17,0.9,1887,1904,1855,64424,120883096,27349330176,14364144,KSQ,벤처기업부
2513,021040,KR7021040001,대호특수강,KOSDAQ,중견기업부,1257,2,-15,-1.18,1272,1272,1231,136296,169126654,27282900918,21704774,KSQ,중견기업부
2514,362990,KR7362990004,드림인사이트,KOSDAQ,벤처기업부,1621,2,-32,-1.94,1653,1663,1601,54019,87755327,27233730454,16800574,KSQ,벤처기업부
2515,043220,KR7043220003,티에스넥스젠,KOSDAQ,관리종목(소속부없음),1710,0,0,0.0,0,0,0,0,0,27227331360,15922416,KSQ,관리종목(소속부없음)
2516,226340,KR7226340008,본느,KOSDAQ,중견기업부,647,0,0,0.0,0,0,0,0,0,27143215740,41952420,KSQ,중견기업부
2517,464680,KR7464680008,KB제27호스팩,KOSDAQ,관리종목(소속부없음),2097,1,2,0.1,2095,2100,2095,213702,448059037,27061785000,12905000,KSQ,관리종목(소속부없음)
2518,331520,KR7331520007,밸로프,KOSDAQ,중견기업부,2650,1,50,1.92,2600,2730,2600,97843,260545440,26958126700,10172878,KSQ,중견기업부
2519,007770,KR7007770001,한일화학,KOSDAQ,중견기업부,7680,2,-30,-0.39,7710,7790,7680,6298,48526220,26956800000,3510000,KSQ,중견기업부
2521,078860,KR7078860004,스테이지원엔터,KOSDAQ,투자주의환기종목(소속부없음),4535,2,-645,-12.45,5360,5530,4375,203877,984431996,26920780375,5936225,KSQ,투자주의환기종목(소속부없음)
2522,222980,KR7222980005,한국맥널티,KOSDAQ,벤처기업부,2435,2,-45,-1.81,2455,2490,2415,24388,59761920,26861661105,11031483,KSQ,벤처기업부
2523,042040,KR7042040006,케이피엠테크,KOSDAQ,중견기업부,1082,1,19,1.79,1074,1094,1052,103918,111627719,26735529684,24709362,KSQ,중견기업부
2524,036480,KR7036480002,대성미생물,KOSDAQ,중견기업부,7030,2,-110,-1.54,7110,7200,6920,39837,280853480,26714000000,3800000,KSQ,중견기업부
2525,208350,KR7208350009,지란지교시큐리티,KOSDAQ,벤처기업부,3290,2,-70,-2.08,3355,3405,3285,36260,120539045,26654165300,8101570,KSQ,벤처기업부
2526,037400,KR7037400009,우리엔터프라이즈,KOSDAQ,중견기업부,1015,2,-5,-0.49,1030,1030,1007,53405,54209395,26616696190,26223346,KSQ,중견기업부
2527,115530,KR7115530008,씨엔플러스,KOSDAQ,중견기업부,336,0,0,0.0,0,0,0,0,0,26491522848,78843818,KSQ,중견기업부
2528,368600,KR7368600003,아이씨에이치,KOSDAQ,기술성장기업부,1037,2,-27,-2.54,1064,1085,1017,134615,138313308,26483264802,25538346,KSQ,기술성장기업부
2529,054940,KR7054940002,엑사이엔씨,KOSDAQ,중견기업부,798,2,-14,-1.72,824,824,787,470543,375024799,26472491304,33173548,KSQ,중견기업부
2530,193250,KR7193250008,링크드,KOSDAQ,중견기업부,396,0,0,0.0,0,0,0,0,0,26470488132,66844667,KSQ,중견기업부
2533,208640,KR7208640003,썸에이지,KOSDAQ,중견기업부,189,1,8,4.42,186,209,184,5070735,979981069,26316408006,139240254,KSQ,중견기업부
2534,373110,KR7373110006,엑셀세라퓨틱스,KOSDAQ,기술성장기업부,1520,1,3,0.2,1516,1554,1507,57388,87724438,26287478880,17294394,KSQ,기술성장기업부
2537,058450,KR7058450008,한주에이알티,KOSDAQ,투자주의환기종목(소속부없음),5180,1,180,3.6,5000,5850,4740,171064,893999185,25969266960,5013372,KSQ,투자주의환기종목(소속부없음)
2540,067010,KR7067010009,이씨에스,KOSDAQ,벤처기업부,2355,1,30,1.29,2300,2385,2285,20064,46833035,25642417500,10888500,KSQ,벤처기업부
2541,197140,KR7197140007,디지캡,KOSDAQ,벤처기업부,1960,1,8,0.41,1952,1988,1927,2574,4985478,25505781840,13013154,KSQ,벤처기업부
2543,353190,KR7353190002,휴럼,KOSDAQ,중견기업부,3225,2,-105,-3.15,3330,3395,3200,7761,25352040,25399080900,7875684,KSQ,중견기업부
2544,312610,KR7312610009,에이에프더블류,KOSDAQ,투자주의환기종목(소속부없음),1246,2,-72,-5.46,1318,1318,1240,34619,43541111,25240082448,20256888,KSQ,투자주의환기종목(소속부없음)
2545,070590,KR7070590005,인티큐브,KOSDAQ,중견기업부,1815,2,-8,-0.44,1814,1832,1803,6824,12383165,25191330615,13879521,KSQ,중견기업부
2546,088290,KR7088290002,이원컴포텍,KOSDAQ,관리종목(소속부없음),630,0,0,0.0,0,0,0,0,0,25124629320,39880364,KSQ,관리종목(소속부없음)
2547,279600,KR7279600001,미디어젠,KOSDAQ,벤처기업부,5360,1,380,7.63,4985,5580,4980,38441,197224305,25110426160,4684781,KSQ,벤처기업부
2548,352940,KR7352940001,인바이오,KOSDAQ,벤처기업부,2300,2,-40,-1.71,2285,2345,2265,50511,116035430,24995779000,10867730,KSQ,벤처기업부
2550,900270,HK0000214814,헝셩그룹,KOSDAQ,외국기업(소속부없음),1017,2,-6,-0.59,1035,1035,1000,52933,53566021,24819583968,24404704,KSQ,외국기업(소속부없음)
2552,092600,KR7092600006,앤씨앤,KOSDAQ,벤처기업부,987,0,0,0.0,0,0,0,0,0,24757431279,25083517,KSQ,벤처기업부
2554,053060,KR7053060000,세동,KOSDAQ,중견기업부,1395,2,-68,-4.65,1463,1513,1370,816795,1178709180,24632099505,17657419,KSQ,중견기업부
2555,900100,USU652221081,애머릿지,KOSDAQ,외국기업(소속부없음),463,2,-12,-2.53,475,489,459,297167,139299129,24428112426,52760502,KSQ,외국기업(소속부없음)
2557,225590,KR7225590009,패션플랫폼,KOSDAQ,우량기업부,950,0,0,0.0,0,0,0,0,0,24326537900,25606882,KSQ,우량기업부
2558,415380,KR7415380005,스튜디오삼익,KOSDAQ,중견기업부,2125,2,-5,-0.23,2120,2140,2105,27086,57481005,24316321875,11442975,KSQ,중견기업부
2559,101680,KR7101680007,한국정밀기계,KOSDAQ,중견기업부,2890,2,-55,-1.87,2945,2990,2825,41804,120222305,24287560000,8404000,KSQ,중견기업부
2561,154030,KR7154030001,아시아종묘,KOSDAQ,벤처기업부,1976,2,-7,-0.35,1975,1992,1856,54973,107804581,23834249192,12061867,KSQ,벤처기업부
2562,076080,KR7076080001,웰크론한텍,KOSDAQ,중견기업부,1054,2,-54,-4.87,1085,1089,1000,245588,254171651,23814240424,22594156,KSQ,중견기업부
2563,240600,KR7240600007,유진테크놀로지,KOSDAQ,벤처기업부,3435,2,-30,-0.87,3450,3465,3390,34746,119160155,23798198685,6928151,KSQ,벤처기업부
2565,043360,KR7043360007,디지아이,KOSDAQ,벤처기업부,2630,3,0,0.0,2640,2685,2610,7949,20899250,23670000000,9000000,KSQ,벤처기업부
2566,023770,KR7023770001,플레이위드,KOSDAQ,중견기업부,2645,3,0,0.0,2650,2710,2610,25866,68235950,23663479275,8946495,KSQ,중견기업부
2567,238200,KR7238200000,비피도,KOSDAQ,벤처기업부,2890,1,90,3.21,2780,2920,2767,22484,64105743,23640200000,8180000,KSQ,벤처기업부
2569,115570,KR7115570004,스타플렉스,KOSDAQ,중견기업부,2935,2,-20,-0.68,2955,2955,2860,30445,87899455,23434530980,7984508,KSQ,중견기업부
2570,060900,KR7060900008,에이전트AI,KOSDAQ,중견기업부,5870,2,-400,-6.38,6270,6290,5800,82168,489808270,23427598510,3991073,KSQ,중견기업부
2573,065150,KR7065150005,대산F&B,KOSDAQ,관리종목(소속부없음),145,0,0,0.0,0,0,0,0,0,23110448725,159382405,KSQ,관리종목(소속부없음)
2574,130740,KR7130740004,티피씨글로벌,KOSDAQ,중견기업부,2045,1,67,3.39,1949,2050,1920,88962,178327833,23060808555,11276679,KSQ,중견기업부
2576,017250,KR7017250002,인터엠,KOSDAQ,중견기업부,1090,1,15,1.4,1066,1100,1066,32265,35085096,22939559030,21045467,KSQ,중견기업부
2578,389680,KR7389680000,유디엠텍,KOSDAQ,기술성장기업부,549,0,0,0.0,0,0,0,0,0,22834263285,41592465,KSQ,기술성장기업부
2579,113810,KR7113810006,디젠스,KOSDAQ,중견기업부,694,2,-16,-2.25,703,715,691,262743,183297426,22643867394,32628051,KSQ,중견기업부
2580,079190,KR7079190005,케스피온,KOSDAQ,벤처기업부,1179,1,60,5.36,1088,1400,1000,17215080,21767074767,22610575503,19177757,KSQ,벤처기업부
2581,348030,KR7348030008,모비릭스,KOSDAQ,중견기업부,2350,1,45,1.95,2315,2410,2280,34207,80325495,22568930000,9603800,KSQ,중견기업부
2583,365900,KR7365900000,브이씨,KOSDAQ,벤처기업부,3075,1,115,3.89,2960,3440,2810,54873,165896589,22479172500,7310300,KSQ,벤처기업부
2584,083470,KR7083470005,이엠앤아이,KOSDAQ,벤처기업부,1053,2,-25,-2.32,1078,1078,1035,51534,54285893,22471366437,21340329,KSQ,벤처기업부
2585,137940,KR7137940003,넥스트아이,KOSDAQ,중견기업부,263,0,0,0.0,0,0,0,0,0,22452044896,85368992,KSQ,중견기업부
2586,032280,KR7032280000,삼일,KOSDAQ,중견기업부,1382,2,-2,-0.14,1377,1390,1375,18308,25278036,22407181380,16213590,KSQ,중견기업부
2587,050760,KR7050760008,에스폴리텍,KOSDAQ,중견기업부,1369,1,26,1.94,1331,1385,1331,72659,98463913,22362174182,16334678,KSQ,중견기업부
2589,084440,KR7084440007,유비온,KOSDAQ,기술성장기업부,1166,1,6,0.52,1175,1196,1151,63920,74918895,22308402886,19132421,KSQ,기술성장기업부
2591,083660,KR7083660001,CSA 코스믹,KOSDAQ,중견기업부,348,2,-11,-3.06,359,394,336,1602468,570528162,21864651732,62829459,KSQ,중견기업부
2593,009730,KR7009730003,이렘,KOSDAQ,투자주의환기종목(소속부없음),303,1,8,2.71,295,314,291,540782,163329519,21749196378,71779526,KSQ,투자주의환기종목(소속부없음)
2594,308100,KR7308100007,형지글로벌,KOSDAQ,중견기업부,905,2,-15,-1.63,924,940,900,203117,184027518,21740822240,24023008,KSQ,중견기업부
2595,043590,KR7043590009,웰킵스하이텍,KOSDAQ,중견기업부,795,0,0,0.0,0,0,0,0,0,21573725790,27136762,KSQ,중견기업부
2596,080720,KR7080720006,한국유니온제약,KOSDAQ,관리종목(소속부없음),2725,0,0,0.0,0,0,0,0,0,21562456300,7912828,KSQ,관리종목(소속부없음)
2597,018620,KR7018620005,우진비앤지,KOSDAQ,벤처기업부,746,0,0,0.0,0,0,0,0,0,21551412578,28889293,KSQ,벤처기업부
2598,289010,KR7289010001,아이스크림에듀,KOSDAQ,중견기업부,1543,2,-20,-1.28,1551,1563,1526,42289,65131550,21517530008,13945256,KSQ,중견기업부
2599,048830,KR7048830004,엔피케이,KOSDAQ,중견기업부,1147,2,-6,-0.52,1153,1177,1131,34678,39609182,21476339681,18723923,KSQ,중견기업부
2601,275630,KR7275630002,에스에스알,KOSDAQ,벤처기업부,4085,2,-85,-2.04,4070,4245,4070,11392,47265857,21461805680,5253808,KSQ,벤처기업부
2602,002680,KR7002680007,한탑,KOSDAQ,중견기업부,664,1,16,2.47,648,673,641,105174,68917192,21458354536,32316799,KSQ,중견기업부
2603,230980,KR7230980005,비유테크놀러지,KOSDAQ,관리종목(소속부없음),229,0,0,0.0,0,0,0,0,0,21370407553,93320557,KSQ,관리종목(소속부없음)
2604,054410,KR7054410006,케이피티유,KOSDAQ,중견기업부,3725,2,-60,-1.59,3785,3820,3700,5918,22003600,21331003900,5726444,KSQ,중견기업부
2605,110020,KR7110020005,전진바이오팜,KOSDAQ,기술성장기업부,2350,1,40,1.73,2310,2350,2210,15707,35713865,21288090700,9058762,KSQ,기술성장기업부
2606,060230,KR7060230000,제이케이시냅스,KOSDAQ,중견기업부,386,2,-12,-3.02,396,410,376,732159,282287008,21139445944,54765404,KSQ,중견기업부
2607,098660,KR7098660004,에스티오,KOSDAQ,중견기업부,1687,2,-14,-0.82,1700,1701,1682,4630,7867923,21089146512,12500976,KSQ,중견기업부
2608,192390,KR7192390003,윈하이텍,KOSDAQ,벤처기업부,1900,2,-50,-2.56,1921,1923,1889,9706,18473115,20961235100,11032229,KSQ,벤처기업부
2609,154040,KR7154040000,다산솔루에타,KOSDAQ,중견기업부,1161,2,-26,-2.19,1156,1198,1150,30798,36015329,20840059134,17950094,KSQ,중견기업부
2610,247660,KR7247660004,나노씨엠에스,KOSDAQ,기술성장기업부,4780,1,70,1.49,4690,4940,4615,18362,86623245,20763937600,4343920,KSQ,기술성장기업부
2611,134060,KR7134060003,이퓨쳐,KOSDAQ,벤처기업부,4335,2,-25,-0.57,4300,4360,4200,1913,8170205,20674698750,4769250,KSQ,벤처기업부
2612,322780,KR7322780008,코퍼스코리아,KOSDAQ,중견기업부,458,0,0,0.0,0,0,0,0,0,20552362532,44874154,KSQ,중견기업부
2614,065690,KR7065690000,파커스,KOSDAQ,투자주의환기종목(소속부없음),1450,1,10,0.69,1496,1496,1425,28938,41971340,20371529950,14049331,KSQ,투자주의환기종목(소속부없음)
2615,014100,KR7014100002,메디앙스,KOSDAQ,중견기업부,1725,3,0,0.0,1767,1767,1711,3887,6687630,20355000000,11800000,KSQ,중견기업부
2616,045520,KR7045520004,크린앤사이언스,KOSDAQ,중견기업부,3130,2,-25,-0.79,3155,3155,3100,6632,20737833,20345000000,6500000,KSQ,중견기업부
2618,084180,KR7084180009,수성웹툰,KOSDAQ,중견기업부,1120,3,0,0.0,1120,1128,1105,53563,59805827,20243196960,18074283,KSQ,중견기업부
2619,419540,KR7419540000,비스토스,KOSDAQ,벤처기업부,877,0,0,0.0,0,0,0,0,0,20164432147,22992511,KSQ,벤처기업부
2621,060480,KR7060480001,국일신동,KOSDAQ,중견기업부,1812,2,-68,-3.62,1878,1878,1799,79865,146076432,20095080000,11090000,KSQ,중견기업부
2624,096870,KR7096870001,엘디티,KOSDAQ,벤처기업부,2370,2,-10,-0.42,2380,2380,2285,17287,40332434,19784757630,8347999,KSQ,벤처기업부
2625,018700,KR7018700005,바른손,KOSDAQ,투자주의환기종목(소속부없음),561,0,0,0.0,0,0,0,0,0,19702183677,35119757,KSQ,투자주의환기종목(소속부없음)
2627,177350,KR7177350006,베셀,KOSDAQ,투자주의환기종목(소속부없음),999,2,-2,-0.2,1001,1011,990,90743,90298315,19634113233,19653767,KSQ,투자주의환기종목(소속부없음)
2630,065420,KR7065420002,에스아이리소스,KOSDAQ,중견기업부,270,2,-4,-1.46,279,285,269,1586745,437308408,19325870730,71577299,KSQ,중견기업부
2631,214610,KR7214610008,롤링스톤,KOSDAQ,관리종목(소속부없음),2290,0,0,0.0,0,0,0,0,0,19197807380,8383322,KSQ,관리종목(소속부없음)
2632,215480,KR7215480005,토박스코리아,KOSDAQ,중견기업부,2145,2,-15,-0.69,2145,2150,2090,11930,25315157,19197750000,8950000,KSQ,중견기업부
2635,291810,KR7291810000,핀텔,KOSDAQ,기술성장기업부,1679,2,-39,-2.27,1718,1718,1626,55457,92851689,19088067448,11368712,KSQ,기술성장기업부
2636,067770,KR7067770008,세진티에스,KOSDAQ,중견기업부,2250,2,-20,-0.88,2295,2295,2210,27602,62388825,18892334250,8396593,KSQ,중견기업부
2637,060260,KR7060260007,뉴보텍,KOSDAQ,벤처기업부,1410,1,50,3.68,1360,1433,1360,90277,126593223,18812721960,13342356,KSQ,벤처기업부
2638,051780,KR7051780005,큐로홀딩스,KOSDAQ,중견기업부,727,0,0,0.0,0,0,0,0,0,18764775115,25811245,KSQ,중견기업부
2640,031860,KR7031860000,디에이치엑스컴퍼니,KOSDAQ,관리종목(소속부없음),693,0,0,0.0,0,0,0,0,0,18714758139,27005423,KSQ,관리종목(소속부없음)
2642,199730,KR7199730003,바이오인프라,KOSDAQ,벤처기업부,3825,2,-5,-0.13,3895,3895,3615,19440,72161252,18606203775,4864367,KSQ,벤처기업부
2643,069920,KR7069920007,엑시온그룹,KOSDAQ,투자주의환기종목(소속부없음),1985,1,100,5.31,1885,1985,1786,136051,252493028,18453594185,9296521,KSQ,투자주의환기종목(소속부없음)
2644,028080,KR7028080000,휴맥스홀딩스,KOSDAQ,중견기업부,8030,1,20,0.25,8030,8250,7320,23844,189328595,18372166230,2287941,KSQ,중견기업부
2645,032980,KR7032980005,바이온,KOSDAQ,관리종목(소속부없음),604,0,0,0.0,0,0,0,0,0,18354952980,30388995,KSQ,관리종목(소속부없음)
2646,361670,KR7361670003,삼영에스앤씨,KOSDAQ,기술성장기업부,3145,2,-50,-1.56,3090,3185,3090,8578,26811015,17824784410,5667658,KSQ,기술성장기업부
2647,344860,KR7344860002,이노진,KOSDAQ,기술성장기업부,1476,2,-4,-0.27,1480,1487,1465,15582,23019170,17756280000,12030000,KSQ,기술성장기업부
2649,368970,KR7368970000,오에스피,KOSDAQ,벤처기업부,1925,0,0,0.0,0,0,0,0,0,17586157050,9135666,KSQ,벤처기업부
2654,035290,KR7035290006,골드앤에스,KOSDAQ,중견기업부,726,1,14,1.97,706,735,705,50275,36219894,17306562240,23838240,KSQ,중견기업부
2655,035620,KR7035620004,바른손이앤에이,KOSDAQ,중견기업부,929,2,-11,-1.17,946,960,922,57802,54042106,17288613822,18609918,KSQ,중견기업부
2658,011080,KR7011080009,형지I&C,KOSDAQ,중견기업부,3970,1,15,0.38,4000,4175,3930,85442,341455720,17056160140,4296262,KSQ,중견기업부
2659,008290,KR7008290009,원풍물산,KOSDAQ,투자주의환기종목(소속부없음),418,0,0,0.0,0,0,0,0,0,17009957822,40693679,KSQ,투자주의환기종목(소속부없음)
2662,025870,KR7025870007,신라에스지,KOSDAQ,중견기업부,4215,2,-30,-0.71,4205,4270,4202,8466,35934424,16860000000,4000000,KSQ,중견기업부
2663,482680,KR7482680006,미래에셋비전스팩7호,KOSDAQ,SPAC(소속부없음),2050,3,0,0.0,2045,2060,2045,7045,14456615,16840750000,8215000,KSQ,SPAC(소속부없음)
2664,241820,KR7241820000,피씨엘,KOSDAQ,관리종목(소속부없음),6040,0,0,0.0,0,0,0,0,0,16803871920,2782098,KSQ,관리종목(소속부없음)
2665,477380,KR7477380000,미래에셋비전스팩4호,KOSDAQ,SPAC(소속부없음),2055,2,-5,-0.24,2060,2060,2045,4857,9955350,16645500000,8100000,KSQ,SPAC(소속부없음)
2669,069330,KR7069330009,유아이디,KOSDAQ,벤처기업부,1140,2,-16,-1.38,1156,1156,1110,65143,73856351,16177843740,14191091,KSQ,벤처기업부
2670,012340,KR7012340006,뉴인텍,KOSDAQ,투자주의환기종목(소속부없음),1418,2,-192,-11.93,1561,1610,1405,552865,809794843,16023842416,11300312,KSQ,투자주의환기종목(소속부없음)
2672,106520,KR7106520000,노블엠앤비,KOSDAQ,투자주의환기종목(소속부없음),411,0,0,0.0,0,0,0,0,0,15904036272,38695952,KSQ,투자주의환기종목(소속부없음)
2673,032800,KR7032800005,판타지오,KOSDAQ,중견기업부,1727,1,49,2.92,1682,1750,1678,47331,80472174,15873566797,9191411,KSQ,중견기업부
2675,188260,KR7188260004,세니젠,KOSDAQ,관리종목(소속부없음),2185,1,80,3.8,2285,2285,2020,57255,123309215,15794206950,7228470,KSQ,관리종목(소속부없음)
2676,0072Z0,KR70072Z0006,KB제33호스팩,KOSDAQ,SPAC(소속부없음),2000,1,1,0.05,1997,2000,1996,11643,23259129,15770000000,7885000,KSQ,SPAC(소속부없음)
2679,009620,KR7009620006,삼보산업,KOSDAQ,투자주의환기종목(소속부없음),953,1,23,2.47,950,960,918,195801,183278812,15615944723,16386091,KSQ,투자주의환기종목(소속부없음)
2680,250930,KR7250930005,예선테크,KOSDAQ,벤처기업부,471,2,-11,-2.28,481,491,465,102736,48769169,15543207240,33000440,KSQ,벤처기업부
2681,0101C0,KR70101C0008,하나36호스팩,KOSDAQ,SPAC(소속부없음),2005,1,5,0.25,2000,2005,1995,6977,13934230,15518700000,7740000,KSQ,SPAC(소속부없음)
2682,0130H0,KR70130H0008,엔에이치스팩33호,KOSDAQ,SPAC(소속부없음),2005,1,6,0.3,1999,2005,1998,20215,40433805,15438500000,7700000,KSQ,SPAC(소속부없음)
2684,477340,KR7477340004,에이치엠씨제7호스팩,KOSDAQ,SPAC(소속부없음),2035,3,0,0.0,2035,2040,2035,21,42740,15282850000,7510000,KSQ,SPAC(소속부없음)
2685,469880,KR7469880009,하나30호스팩,KOSDAQ,SPAC(소속부없음),2085,3,0,0.0,2090,2090,2085,1627,3392495,15230925000,7305000,KSQ,SPAC(소속부없음)
2687,030350,KR7030350003,드래곤플라이,KOSDAQ,관리종목(소속부없음),973,0,0,0.0,0,0,0,0,0,15171092867,15592079,KSQ,관리종목(소속부없음)
2688,0044K0,KR70044K0008,삼성스팩10호,KOSDAQ,SPAC(소속부없음),2010,2,-5,-0.25,2010,2020,2010,993,1997730,15115200000,7520000,KSQ,SPAC(소속부없음)
2689,026910,KR7026910000,광진실업,KOSDAQ,관리종목(소속부없음),2355,2,-85,-3.48,2450,2650,2300,130515,318659585,15084728775,6405405,KSQ,관리종목(소속부없음)
2691,050090,KR7050090000,비케이홀딩스,KOSDAQ,투자주의환기종목(소속부없음),758,1,16,2.16,769,769,734,32740,24528427,14996829130,19784735,KSQ,투자주의환기종목(소속부없음)
2693,227100,KR7227100005,프로브잇,KOSDAQ,관리종목(소속부없음),612,0,0,0.0,0,0,0,0,0,14770119384,24134182,KSQ,관리종목(소속부없음)
2694,0115H0,KR70115H0007,삼성스팩13호,KOSDAQ,SPAC(소속부없음),2005,2,-10,-0.5,2015,2015,2000,24831,49768233,14736750000,7350000,KSQ,SPAC(소속부없음)
2697,473050,KR7473050003,유안타제15호스팩,KOSDAQ,SPAC(소속부없음),2065,3,0,0.0,2070,2075,2060,5952,12291595,14475650000,7010000,KSQ,SPAC(소속부없음)
2698,225430,KR7225430008,케이엠제약,KOSDAQ,벤처기업부,517,0,0,0.0,0,0,0,0,0,14417604850,27887050,KSQ,벤처기업부
2700,478440,KR7478440001,미래에셋비전스팩6호,KOSDAQ,SPAC(소속부없음),2045,3,0,0.0,2050,2050,2045,399,815960,14171850000,6930000,KSQ,SPAC(소속부없음)
2701,073190,KR7073190001,듀오백,KOSDAQ,투자주의환기종목(소속부없음),1181,1,6,0.51,1179,1197,1145,10971,12920415,14134255240,11968040,KSQ,투자주의환기종목(소속부없음)
2702,079950,KR7079950002,인베니아,KOSDAQ,관리종목(소속부없음),1019,2,-1,-0.1,1020,1065,1001,81441,83724028,14061282900,13799100,KSQ,관리종목(소속부없음)
2704,479880,KR7479880007,한국제15호스팩,KOSDAQ,SPAC(소속부없음),2042,2,-3,-0.15,2040,2050,2040,11769,24016168,14028540000,6870000,KSQ,SPAC(소속부없음)
2705,0099W0,KR70099W0008,미래에셋비전스팩11호,KOSDAQ,SPAC(소속부없음),2000,3,0,0.0,2000,2000,1995,11106,22171341,14000000000,7000000,KSQ,SPAC(소속부없음)
2707,900120,KYG2114A1094,씨엑스아이,KOSDAQ,외국기업(소속부없음),372,2,-25,-6.3,399,399,360,417452,156024487,13893568716,37348303,KSQ,외국기업(소속부없음)
2709,352770,KR7352770002,셀레스트라,KOSDAQ,관리종목(소속부없음),5250,0,0,0.0,0,0,0,0,0,13610136750,2592407,KSQ,관리종목(소속부없음)
2710,244460,KR7244460002,올리패스,KOSDAQ,관리종목(소속부없음),1651,0,0,0.0,0,0,0,0,0,13415218661,8125511,KSQ,관리종목(소속부없음)
2711,489480,KR7489480004,키움제11호스팩,KOSDAQ,SPAC(소속부없음),2030,1,5,0.25,2025,2035,2025,1593,3227465,13398000000,6600000,KSQ,SPAC(소속부없음)
2712,481890,KR7481890002,엔에이치스팩31호,KOSDAQ,SPAC(소속부없음),2100,2,-10,-0.47,2115,2115,2100,28841,60870335,13324500000,6345000,KSQ,SPAC(소속부없음)
2713,0096B0,KR70096B0006,삼성스팩12호,KOSDAQ,SPAC(소속부없음),2015,1,5,0.25,2000,2015,2000,19606,39355580,13258700000,6580000,KSQ,SPAC(소속부없음)
2716,477760,KR7477760003,DB금융스팩12호,KOSDAQ,SPAC(소속부없음),2230,0,0,0.0,0,0,0,0,0,13023200000,5840000,KSQ,SPAC(소속부없음)
2717,489730,KR7489730002,디비금융제13호스팩,KOSDAQ,SPAC(소속부없음),2055,3,0,0.0,2055,2055,2050,1107,2273985,13012260000,6332000,KSQ,SPAC(소속부없음)
2718,0097F0,KR70097F0001,미래에셋비전스팩10호,KOSDAQ,SPAC(소속부없음),2000,1,3,0.15,1997,2000,1997,3433,6860364,13000000000,6500000,KSQ,SPAC(소속부없음)
2719,065060,KR7065060006,지엔코,KOSDAQ,중견기업부,2730,2,-80,-2.85,2810,2840,2660,60907,167548055,12995236800,4760160,KSQ,중견기업부
2720,0093G0,KR70093G0004,미래에셋비전스팩8호,KOSDAQ,SPAC(소속부없음),1997,1,1,0.05,1996,2000,1993,8908,17778910,12780800000,6400000,KSQ,SPAC(소속부없음)
2721,478390,KR7478390008,KB제29호스팩,KOSDAQ,SPAC(소속부없음),2050,2,-15,-0.73,2065,2065,2045,1482,3036695,12751000000,6220000,KSQ,SPAC(소속부없음)
2722,0088D0,KR70088D0004,메리츠제1호스팩,KOSDAQ,SPAC(소속부없음),2195,1,10,0.46,2190,2200,2180,3335,7305255,12720025000,5795000,KSQ,SPAC(소속부없음)
2723,054180,KR7054180005,메디콕스,KOSDAQ,관리종목(소속부없음),2295,0,0,0.0,0,0,0,0,0,12686716395,5527981,KSQ,관리종목(소속부없음)
2724,0054V0,KR70054V0002,엔에이치스팩32호,KOSDAQ,SPAC(소속부없음),2040,3,0,0.0,2035,2045,2035,18383,37591100,12681660000,6216500,KSQ,SPAC(소속부없음)
2725,0099X0,KR70099X0007,IBKS제25호스팩,KOSDAQ,SPAC(소속부없음),2120,2,-25,-1.17,2130,2130,2110,8952,18892275,12677600000,5980000,KSQ,SPAC(소속부없음)
2726,0037T0,KR70037T0008,KB제32호스팩,KOSDAQ,SPAC(소속부없음),2000,2,-5,-0.25,2000,2010,2000,2049,4107905,12660000000,6330000,KSQ,SPAC(소속부없음)
2727,471050,KR7471050005,대신밸런스제17호스팩,KOSDAQ,SPAC(소속부없음),2085,2,-20,-0.95,2085,2110,2085,2241,4680725,12635100000,6060000,KSQ,SPAC(소속부없음)
2729,0131D0,KR70131D0001,키움히어로제2호스팩,KOSDAQ,SPAC(소속부없음),1998,1,3,0.15,1995,1998,1986,281308,559858699,12607380000,6310000,KSQ,SPAC(소속부없음)
2730,492220,KR7492220009,KB제31호스팩,KOSDAQ,SPAC(소속부없음),2030,2,-5,-0.25,2030,2030,2025,280,567020,12606300000,6210000,KSQ,SPAC(소속부없음)
2731,0091W0,KR70091W0006,신영스팩11호,KOSDAQ,SPAC(소속부없음),2070,3,0,0.0,2070,2085,2060,1310,2723140,12560760000,6068000,KSQ,SPAC(소속부없음)
2732,121850,KR7121850002,코이즈,KOSDAQ,투자주의환기종목(소속부없음),2480,2,-45,-1.78,2525,2557,2370,62945,155199022,12541357520,5056999,KSQ,투자주의환기종목(소속부없음)
2733,482520,KR7482520004,교보16호스팩,KOSDAQ,SPAC(소속부없음),2050,1,5,0.24,2045,2050,2040,1344,2752590,12505000000,6100000,KSQ,SPAC(소속부없음)
2738,065570,KR7065570004,삼영이엔씨,KOSDAQ,관리종목(소속부없음),764,0,0,0.0,0,0,0,0,0,12295692232,16093838,KSQ,관리종목(소속부없음)
2741,0041L0,KR70041L0000,하나35호스팩,KOSDAQ,SPAC(소속부없음),2010,3,0,0.0,2010,2010,2005,820,1644272,12120300000,6030000,KSQ,SPAC(소속부없음)
2743,482690,KR7482690005,대신밸런스제19호스팩,KOSDAQ,SPAC(소속부없음),2130,2,-30,-1.39,2155,2155,2130,621,1325080,11959950000,5615000,KSQ,SPAC(소속부없음)
2744,0132G0,KR70132G0007,교보20호스팩,KOSDAQ,SPAC(소속부없음),1998,2,-1,-0.05,1997,1999,1994,15842,31632474,11928060000,5970000,KSQ,SPAC(소속부없음)
2747,0071M0,KR70071M0002,삼성스팩11호,KOSDAQ,SPAC(소속부없음),2005,2,-5,-0.25,2005,2015,2005,1316,2638860,11548800000,5760000,KSQ,SPAC(소속부없음)
2748,469900,KR7469900005,하나31호스팩,KOSDAQ,SPAC(소속부없음),2060,3,0,0.0,2060,2065,2060,552,1138045,11546300000,5605000,KSQ,SPAC(소속부없음)
2749,477470,KR7477470009,미래에셋비전스팩5호,KOSDAQ,SPAC(소속부없음),2100,2,-5,-0.24,2105,2105,2080,42,87570,11508000000,5480000,KSQ,SPAC(소속부없음)
2750,060240,KR7060240009,스타코링크,KOSDAQ,관리종목(소속부없음),1976,0,0,0.0,0,0,0,0,0,11502414560,5821060,KSQ,관리종목(소속부없음)
2752,487360,KR7487360000,신한제14호스팩,KOSDAQ,SPAC(소속부없음),2025,2,-5,-0.25,2025,2030,2025,890,1802265,11421000000,5640000,KSQ,SPAC(소속부없음)
2753,474660,KR7474660008,신한제12호스팩,KOSDAQ,SPAC(소속부없음),2060,1,5,0.24,2055,2060,2050,11416,23511295,11371200000,5520000,KSQ,SPAC(소속부없음)
2754,0105P0,KR70105P0009,유진스팩12호,KOSDAQ,SPAC(소속부없음),2000,3,0,0.0,2000,2000,1995,2433,4860308,11320000000,5660000,KSQ,SPAC(소속부없음)
2755,474490,KR7474490000,유안타제16호스팩,KOSDAQ,SPAC(소속부없음),2052,2,-3,-0.15,2050,2055,2045,249,510539,11306520000,5510000,KSQ,SPAC(소속부없음)
2756,496070,KR7496070004,신한제16호스팩,KOSDAQ,SPAC(소속부없음),2010,2,-5,-0.25,2015,2015,2010,1172,2355770,11296200000,5620000,KSQ,SPAC(소속부없음)
2757,0129K0,KR70129K0006,신한제18호스팩,KOSDAQ,SPAC(소속부없음),1994,3,0,0.0,1994,1995,1988,230270,458575735,11206280000,5620000,KSQ,SPAC(소속부없음)
2758,0096D0,KR70096D0004,미래에셋비전스팩9호,KOSDAQ,SPAC(소속부없음),2000,3,0,0.0,1995,2005,1995,3761,7513153,11000000000,5500000,KSQ,SPAC(소속부없음)
2759,0098T0,KR70098T0004,교보19호스팩,KOSDAQ,SPAC(소속부없음),2030,1,5,0.25,2025,2030,2020,4084,8271910,10962000000,5400000,KSQ,SPAC(소속부없음)
2760,486630,KR7486630007,KB제30호스팩,KOSDAQ,SPAC(소속부없음),2040,2,-10,-0.49,2040,2050,2040,334,681380,10832400000,5310000,KSQ,SPAC(소속부없음)
2761,489210,KR7489210005,교보17호스팩,KOSDAQ,SPAC(소속부없음),2090,2,-5,-0.24,2080,2095,2060,1565,3241690,10826200000,5180000,KSQ,SPAC(소속부없음)
2762,0004Y0,KR70004Y0000,디비금융제14호스팩,KOSDAQ,SPAC(소속부없음),2025,3,0,0.0,2025,2030,2020,489,989630,10762875000,5315000,KSQ,SPAC(소속부없음)
2763,03481K,KR703481K019,해성산업1우,KOSDAQ,중견기업부,7700,2,-10,-0.13,7710,7730,7610,1707,13118190,10694699400,1388922,KSQ,중견기업부
2764,493790,KR7493790000,유안타제17호스팩,KOSDAQ,SPAC(소속부없음),2010,3,0,0.0,2010,2015,2010,1749,3516690,10673100000,5310000,KSQ,SPAC(소속부없음)
2765,0130D0,KR70130D0002,신한제17호스팩,KOSDAQ,SPAC(소속부없음),1996,1,1,0.05,1996,2000,1995,17091,34139198,10658640000,5340000,KSQ,SPAC(소속부없음)
2766,043100,KR7043100007,알파AI,KOSDAQ,관리종목(소속부없음),520,0,0,0.0,0,0,0,0,0,10457241600,20110080,KSQ,관리종목(소속부없음)
2768,478110,KR7478110000,이베스트스팩6호,KOSDAQ,SPAC(소속부없음),2035,1,5,0.25,2035,2035,2030,634,1287535,10215700000,5020000,KSQ,SPAC(소속부없음)
2769,466690,KR7466690005,키움히어로제1호스팩,KOSDAQ,SPAC(소속부없음),2005,3,0,0.0,2005,2015,2005,4085,8210460,10215475000,5095000,KSQ,SPAC(소속부없음)
2770,0041B0,KR70041B0002,교보18호스팩,KOSDAQ,SPAC(소속부없음),2020,1,5,0.25,2015,2020,2015,1671,3370405,10180800000,5040000,KSQ,SPAC(소속부없음)
2771,498390,KR7498390004,한화플러스제5호스팩,KOSDAQ,SPAC(소속부없음),2050,3,0,0.0,2050,2050,2040,12660,25945795,10168000000,4960000,KSQ,SPAC(소속부없음)
2774,472220,KR7472220003,신영스팩10호,KOSDAQ,SPAC(소속부없음),2120,3,0,0.0,2115,2125,2115,289,612630,9942800000,4690000,KSQ,SPAC(소속부없음)
2776,488060,KR7488060005,유진스팩11호,KOSDAQ,SPAC(소속부없음),2045,2,-5,-0.24,2060,2060,2045,5161,10630520,9652400000,4720000,KSQ,SPAC(소속부없음)
2777,106080,KR7106080005,케이이엠텍,KOSDAQ,관리종목(소속부없음),1650,0,0,0.0,0,0,0,0,0,9506998050,5761817,KSQ,관리종목(소속부없음)
2781,462020,KR7462020009,에이치엠씨제6호스팩,KOSDAQ,관리종목(소속부없음),2105,2,-5,-0.24,2110,2110,2105,83853,176744225,9146225000,4345000,KSQ,관리종목(소속부없음)
2782,484130,KR7484130000,하나34호스팩,KOSDAQ,SPAC(소속부없음),2020,2,-5,-0.25,2035,2035,2020,464,937360,9130400000,4520000,KSQ,SPAC(소속부없음)
2783,467930,KR7467930004,IBKS제23호스팩,KOSDAQ,SPAC(소속부없음),2157,1,12,0.56,2140,2160,2135,6563,14094004,9124110000,4230000,KSQ,SPAC(소속부없음)
2786,464440,KR7464440007,한국제13호스팩,KOSDAQ,관리종목(소속부없음),2092,1,2,0.1,2090,2095,2090,30356,63447578,9037440000,4320000,KSQ,관리종목(소속부없음)
2787,469480,KR7469480008,IBKS제24호스팩,KOSDAQ,SPAC(소속부없음),2130,2,-10,-0.47,2140,2140,2115,3679,7802165,9009900000,4230000,KSQ,SPAC(소속부없음)
2788,473950,KR7473950004,에스케이증권제13호스팩,KOSDAQ,SPAC(소속부없음),2035,1,10,0.49,2030,2035,2030,1066,2168460,8994700000,4420000,KSQ,SPAC(소속부없음)
2790,465320,KR7465320000,교보15호스팩,KOSDAQ,SPAC(소속부없음),2335,0,0,0.0,0,0,0,0,0,8896350000,3810000,KSQ,SPAC(소속부없음)
2791,468760,KR7468760004,유진스팩10호,KOSDAQ,SPAC(소속부없음),2095,3,0,0.0,2100,2100,2095,3914,8218935,8882800000,4240000,KSQ,SPAC(소속부없음)
2792,487830,KR7487830002,신한제15호스팩,KOSDAQ,SPAC(소속부없음),2035,2,-5,-0.25,2040,2040,2035,465,946640,8852250000,4350000,KSQ,SPAC(소속부없음)
2794,0068Y0,KR70068Y0003,비엔케이제3호스팩,KOSDAQ,SPAC(소속부없음),2000,3,0,0.0,2000,2005,2000,1273,2546095,8620000000,4310000,KSQ,SPAC(소속부없음)
2795,487720,KR7487720005,키움제10호스팩,KOSDAQ,SPAC(소속부없음),2030,2,-10,-0.49,2035,2035,2030,1314,2667650,8586900000,4230000,KSQ,SPAC(소속부없음)
2796,472230,KR7472230002,에스케이증권제11호스팩,KOSDAQ,SPAC(소속부없음),2065,2,-5,-0.24,2060,2070,2060,275,567295,8580075000,4155000,KSQ,SPAC(소속부없음)
2799,0041J0,KR70041J0004,엘에스스팩1호,KOSDAQ,SPAC(소속부없음),2005,1,5,0.25,2000,2010,2000,4177,8355615,8240550000,4110000,KSQ,SPAC(소속부없음)
2803,475250,KR7475250007,하나33호스팩,KOSDAQ,SPAC(소속부없음),2080,3,0,0.0,2085,2085,2060,2525,5251000,7696000000,3700000,KSQ,SPAC(소속부없음)
2804,474930,KR7474930005,신한제13호스팩,KOSDAQ,SPAC(소속부없음),2115,3,0,0.0,2120,2120,2100,510,1071100,7656300000,3620000,KSQ,SPAC(소속부없음)
2805,079970,KR7079970000,투비소프트,KOSDAQ,관리종목(소속부없음),596,0,0,0.0,0,0,0,0,0,7646223464,12829234,KSQ,관리종목(소속부없음)
2810,276040,KR7276040003,스코넥,KOSDAQ,관리종목(소속부없음),327,0,0,0.0,0,0,0,0,0,7073119545,21630335,KSQ,관리종목(소속부없음)
2813,473000,KR7473000008,에스케이증권제12호스팩,KOSDAQ,SPAC(소속부없음),2050,3,0,0.0,2055,2055,2050,539,1104985,6785500000,3310000,KSQ,SPAC(소속부없음)
2814,475240,KR7475240008,하나32호스팩,KOSDAQ,SPAC(소속부없음),2095,3,0,0.0,2050,2100,2050,315,657060,6704000000,3200000,KSQ,SPAC(소속부없음)
2815,101390,KR7101390003,아이엠,KOSDAQ,관리종목(소속부없음),396,0,0,0.0,0,0,0,0,0,6698084184,16914354,KSQ,관리종목(소속부없음)
2827,044180,KR7044180008,KD,KOSDAQ,관리종목(소속부없음),205,0,0,0.0,0,0,0,0,0,5477148795,26717799,KSQ,관리종목(소속부없음)
2832,313760,KR7313760001,캐리,KOSDAQ,관리종목(소속부없음),468,0,0,0.0,0,0,0,0,0,5244963048,11207186,KSQ,관리종목(소속부없음)
2841,043090,KR7043090000,더테크놀로지,KOSDAQ,투자주의환기종목(소속부없음),1140,0,0,0.0,0,0,0,0,0,4718944500,4139425,KSQ,투자주의환기종목(소속부없음)
2842,052770,KR7052770005,아이톡시,KOSDAQ,관리종목(소속부없음),312,0,0,0.0,0,0,0,0,0,4545457488,14568774,KSQ,관리종목(소속부없음)
2872,021045,KR7021041009,대호특수강우,KOSDAQ,중견기업부,2710,3,0,0.0,2680,2785,2660,3051,8143520,2299413320,848492,KSQ,중견기업부
2874,032685,KR7032681009,소프트센우,KOSDAQ,중견기업부,6270,0,0,0.0,0,0,0,0,0,2239280340,357142,KSQ,중견기업부
